date,year,month,cell_ll_lat,cell_ll_lon,flag,geartype,hours,fishing_hours,mmsi_present,geartype_label
2017-01-01,2017,1,34.1,-120.7,USA,fishing,8.4722,6.208,1,Fishing
2017-01-01,2017,1,34.1,-120.8,USA,fishing,18.1494,14.8069,1,Fishing
2017-01-01,2017,1,34.1,-120.8,USA,set_longlines,29.1825,23.8066,1,Set Longlines
2017-01-01,2017,1,34.2,-120.7,USA,fishing,2.9347,2.3991,1,Fishing
2017-01-01,2017,1,34.2,-120.9,USA,set_longlines,0.275,0,1,Set Longlines
2017-01-01,2017,1,34.2,-120.6,USA,set_longlines,2.5974,0,2,Set Longlines
2017-01-01,2017,1,34.3,-120.7,USA,set_longlines,0.8252,0,1,Set Longlines
2017-01-01,2017,1,34.3,-120.6,USA,pole_and_line,1.0919,0,1,Pole and Line
2017-01-01,2017,1,34.3,-120.4,USA,set_longlines,1.6016,0,2,Set Longlines
2017-01-01,2017,1,34.3,-120.5,USA,set_longlines,1.1136,0,1,Set Longlines
2017-01-01,2017,1,34.3,-120.8,USA,set_longlines,0.3111,0,1,Set Longlines
2017-01-01,2017,1,34.3,-120.4,USA,fishing,0.5663,0,1,Fishing
2017-01-01,2017,1,34.4,-120.9,USA,pole_and_line,6.6011,0,1,Pole and Line
2017-01-01,2017,1,34.4,-120,USA,set_longlines,0.8744,0,1,Set Longlines
2017-01-01,2017,1,34.4,-120.6,USA,fishing,0.5669,0,1,Fishing
2017-01-01,2017,1,34.4,-120.6,USA,other_purse_seines,0.5502,0,1,Other Purse Seines
2017-01-01,2017,1,34.4,-120,USA,other_purse_seines,0.5666,0,1,Other Purse Seines
2017-01-01,2017,1,34.4,-121,USA,set_longlines,0.4333,0,1,Set Longlines
2017-01-01,2017,1,34.4,-120.3,USA,other_purse_seines,1.125,0,1,Other Purse Seines
2017-01-01,2017,1,34.5,-120.7,USA,fishing,0.3002,0,1,Fishing
2017-01-01,2017,1,34.7,-120.8,USA,fishing,0.4083,0,1,Fishing
2017-01-01,2017,1,34.8,-120.9,USA,fishing,0.5583,0,1,Fishing
2017-01-01,2017,1,34.9,-121,USA,fishing,0.9502,0,1,Fishing
2017-01-01,2017,1,34,-120.8,USA,fishing,1.8322,1.565,1,Fishing
2017-01-01,2017,1,34.1,-120.7,USA,set_longlines,7.42,4.1986,1,Set Longlines
2017-01-01,2017,1,34.2,-120.7,USA,set_longlines,6.2216,1.6911,2,Set Longlines
2017-01-01,2017,1,34.2,-120.8,USA,fishing,1.6905,1.6905,1,Fishing
2017-01-01,2017,1,34.2,-120.6,USA,fishing,0.3144,0,1,Fishing
2017-01-01,2017,1,34.2,-120.8,USA,set_longlines,27.7891,15.7516,2,Set Longlines
2017-01-01,2017,1,34.3,-121,USA,set_longlines,8.6333,5.7169,1,Set Longlines
2017-01-01,2017,1,34.3,-120.9,USA,pole_and_line,1.1669,0,1,Pole and Line
2017-01-01,2017,1,34.3,-120.4,USA,pole_and_line,0.8252,0,1,Pole and Line
2017-01-01,2017,1,34.3,-120.6,USA,set_longlines,0.6075,0,1,Set Longlines
2017-01-01,2017,1,34.3,-120.7,USA,pole_and_line,1.4249,0,1,Pole and Line
2017-01-01,2017,1,34.3,-120.5,USA,pole_and_line,0.8247,0,1,Pole and Line
2017-01-01,2017,1,34.3,-120.8,USA,pole_and_line,4.2816,0,1,Pole and Line
2017-01-01,2017,1,34.3,-120.9,USA,set_longlines,0.6394,0,1,Set Longlines
2017-01-01,2017,1,34.4,-120.9,USA,set_longlines,0.2666,0.2666,1,Set Longlines
2017-01-01,2017,1,34.4,-120.7,USA,fishing,0.6413,0,1,Fishing
2017-01-01,2017,1,34.4,-120.3,USA,set_longlines,0.2663,0,1,Set Longlines
2017-01-01,2017,1,34.4,-120.5,USA,other_purse_seines,1.9158,0,1,Other Purse Seines
2017-01-01,2017,1,34.4,-120.5,USA,fishing,0.5333,0,1,Fishing
2017-01-01,2017,1,34.4,-120.4,USA,other_purse_seines,11.0319,4.3241,1,Other Purse Seines
2017-01-01,2017,1,34.5,-120.6,USA,other_purse_seines,0.6163,0,1,Other Purse Seines
2017-01-01,2017,1,34.5,-120.8,USA,fishing,0.3505,0,1,Fishing
2017-01-01,2017,1,34.6,-120.8,USA,fishing,0.7491,0,1,Fishing
2017-01-01,2017,1,34.7,-120.9,USA,fishing,0.5583,0,1,Fishing
2017-02-01,2017,2,33.9,-121.1,USA,trawlers,0.5613,0,1,Trawlers
2017-02-01,2017,2,34,-121.1,USA,trawlers,0.2247,0,1,Trawlers
2017-02-01,2017,2,34,-121.2,USA,trawlers,0.3172,0,1,Trawlers
2017-02-01,2017,2,34.1,-120.9,USA,set_longlines,1.4661,0.6997,2,Set Longlines
2017-02-01,2017,2,34.1,-120.7,USA,set_longlines,0.8572,0,1,Set Longlines
2017-02-01,2017,2,34.1,-120.9,USA,fishing,9.9858,8.3727,1,Fishing
2017-02-01,2017,2,34.1,-120.8,USA,set_longlines,10.8797,10.0291,1,Set Longlines
2017-02-01,2017,2,34.1,-120.7,USA,fishing,0.9919,0,1,Fishing
2017-02-01,2017,2,34.1,-121.2,USA,trawlers,0.5408,0,1,Trawlers
2017-02-01,2017,2,34.1,-120.8,USA,fishing,20.0655,12.3991,1,Fishing
2017-02-01,2017,2,34.1,-121.3,USA,trawlers,0.0772,0,1,Trawlers
2017-02-01,2017,2,34.2,-120.9,USA,set_longlines,15.2194,11.9025,2,Set Longlines
2017-02-01,2017,2,34.2,-121,USA,set_longlines,7.0163,5.3,1,Set Longlines
2017-02-01,2017,2,34.2,-120.7,USA,fishing,1.2836,0,1,Fishing
2017-02-01,2017,2,34.2,-120.8,USA,set_longlines,1.6916,0,2,Set Longlines
2017-02-01,2017,2,34.2,-120.7,USA,set_longlines,1.4663,0,2,Set Longlines
2017-02-01,2017,2,34.2,-121.3,USA,trawlers,0.5838,0,1,Trawlers
2017-02-01,2017,2,34.2,-120.9,USA,fishing,3.6819,3.6819,1,Fishing
2017-02-01,2017,2,34.2,-120.6,USA,set_longlines,1.4747,0,2,Set Longlines
2017-02-01,2017,2,34.2,-120.8,USA,fishing,0.5088,0,1,Fishing
2017-02-01,2017,2,34.2,-120.6,USA,fishing,0.8505,0,1,Fishing
2017-02-01,2017,2,34.3,-120.7,USA,set_longlines,0.2916,0,1,Set Longlines
2017-02-01,2017,2,34.3,-120.6,USA,set_longlines,0.525,0,1,Set Longlines
2017-02-01,2017,2,34.3,-121.3,USA,trawlers,0.1308,0,1,Trawlers
2017-02-01,2017,2,34.3,-120.5,USA,fishing,0.825,0,1,Fishing
2017-02-01,2017,2,34.3,-120.6,USA,fishing,0.5583,0,1,Fishing
2017-02-01,2017,2,34.3,-121.4,USA,trawlers,0.4575,0,1,Trawlers
2017-02-01,2017,2,34.3,-120.5,USA,set_longlines,0.2919,0,1,Set Longlines
2017-02-01,2017,2,34.3,-120.7,USA,fishing,0.2663,0,1,Fishing
2017-02-01,2017,2,34.3,-120.4,USA,set_longlines,0.8825,0,1,Set Longlines
2017-02-01,2017,2,34.4,-120.5,USA,fishing,0.325,0,1,Fishing
2017-02-01,2017,2,34.4,-121.4,USA,trawlers,0.3277,0,1,Trawlers
2017-02-01,2017,2,34.4,-120.4,USA,fishing,0.5666,0,1,Fishing
2017-02-01,2017,2,34.4,-120,USA,fishing,0.2663,0,1,Fishing
2017-02-01,2017,2,34.4,-120.3,USA,fishing,0.5583,0,1,Fishing
2017-02-01,2017,2,34.4,-121.5,USA,trawlers,0.1777,0,1,Trawlers
2017-02-01,2017,2,34.5,-121.5,USA,trawlers,0.5777,0,1,Trawlers
2017-02-01,2017,2,34.7,-121.6,USA,trawlers,0.3333,0,1,Trawlers
2017-03-01,2017,3,34,-120.8,CAN,trawlers,0.6166,0,1,Trawlers
2017-03-01,2017,3,34.1,-120.9,CAN,trawlers,0.383,0,1,Trawlers
2017-03-01,2017,3,34.2,-120.9,CAN,trawlers,0.5805,0,1,Trawlers
2017-03-01,2017,3,34.4,-121.1,CAN,trawlers,0.4797,0,1,Trawlers
2017-03-01,2017,3,34.5,-121.1,CAN,trawlers,0.3511,0,1,Trawlers
2017-03-01,2017,3,34.5,-121.2,CAN,trawlers,0.3363,0,1,Trawlers
2017-03-01,2017,3,34.6,-121.2,CAN,trawlers,0.5825,0,1,Trawlers
2017-03-01,2017,3,34.7,-121.3,CAN,trawlers,0.7505,0,1,Trawlers
2017-03-01,2017,3,34.8,-121.4,CAN,trawlers,0.4269,0,1,Trawlers
2017-03-01,2017,3,34.9,-121.5,CAN,trawlers,0.2555,0,1,Trawlers
2017-03-01,2017,3,34.2,-120.6,USA,set_longlines,0.8269,0,2,Set Longlines
2017-03-01,2017,3,34.2,-120.7,USA,fishing,0.8388,0,1,Fishing
2017-03-01,2017,3,34.2,-120.8,USA,fishing,0.4172,0,1,Fishing
2017-03-01,2017,3,34.2,-120.7,USA,set_longlines,3.458,2.7158,1,Set Longlines
2017-03-01,2017,3,34.2,-120.6,USA,fishing,1.363,0,1,Fishing
2017-03-01,2017,3,34.3,-120.8,USA,fishing,0.6669,0,1,Fishing
2017-03-01,2017,3,34.3,-120.5,USA,fishing,0.0866,0,1,Fishing
2017-03-01,2017,3,34.3,-120.7,USA,fishing,0.6022,0,1,Fishing
2017-03-01,2017,3,34.3,-120.4,USA,set_longlines,0.2827,0,1,Set Longlines
2017-03-01,2017,3,34.3,-120.5,USA,set_longlines,0.0505,0,1,Set Longlines
2017-03-01,2017,3,34.4,-120.9,USA,fishing,0.4611,0,1,Fishing
2017-03-01,2017,3,34.4,-120.8,USA,fishing,0.2194,0,1,Fishing
2017-03-01,2017,3,34.5,-120.9,USA,fishing,0.6527,0,1,Fishing
2017-03-01,2017,3,34.7,-120.9,USA,fishing,0.6327,0,1,Fishing
2017-03-01,2017,3,34.8,-121,USA,fishing,0.6513,0,1,Fishing
2017-03-01,2017,3,34.1,-120.8,CAN,trawlers,0.2836,0,1,Trawlers
2017-03-01,2017,3,34.2,-121,CAN,trawlers,0.0325,0,1,Trawlers
2017-03-01,2017,3,34.3,-121,CAN,trawlers,0.6394,0,1,Trawlers
2017-03-01,2017,3,34.4,-121,CAN,trawlers,0.2444,0,1,Trawlers
2017-03-01,2017,3,34.8,-121.3,CAN,trawlers,0.158,0,1,Trawlers
2017-03-01,2017,3,34.9,-121.4,CAN,trawlers,0.4152,0,1,Trawlers
2017-03-01,2017,3,35,-121.5,CAN,trawlers,0.5777,0,1,Trawlers
2017-03-01,2017,3,34.1,-120.8,USA,set_longlines,17.8663,15.2186,1,Set Longlines
2017-03-01,2017,3,34.1,-120.7,USA,set_longlines,1.5497,0,1,Set Longlines
2017-03-01,2017,3,34.1,-120.9,USA,fishing,15.2294,14.173,1,Fishing
2017-03-01,2017,3,34.1,-120.8,USA,fishing,10.7141,8.4341,1,Fishing
2017-03-01,2017,3,34.1,-120.7,USA,fishing,1.7825,0,1,Fishing
2017-03-01,2017,3,34.2,-120.9,USA,fishing,2.5408,2.3808,1,Fishing
2017-03-01,2017,3,34.2,-120.8,USA,set_longlines,9.1869,6.3483,1,Set Longlines
2017-03-01,2017,3,34.3,-120.6,USA,fishing,0.5636,0,1,Fishing
2017-03-01,2017,3,34.6,-120.9,USA,fishing,0.6636,0,1,Fishing
2017-03-01,2017,3,34.7,-121,USA,fishing,0.0144,0,1,Fishing
2017-03-01,2017,3,34.9,-121,USA,fishing,0.6794,0,1,Fishing
2017-03-01,2017,3,35,-121,USA,fishing,0.4197,0,1,Fishing
2017-03-01,2017,3,35,-121.1,USA,fishing,0.2719,0,1,Fishing
2017-04-01,2017,4,34.1,-120.7,USA,pole_and_line,8.8749,7.6349,1,Pole and Line
2017-04-01,2017,4,34.1,-120.9,USA,set_longlines,17.3925,17.1258,1,Set Longlines
2017-04-01,2017,4,34.1,-120.8,USA,set_longlines,20.2391,0,2,Set Longlines
2017-04-01,2017,4,34.1,-120.9,USA,fishing,0.2733,0,1,Fishing
2017-04-01,2017,4,34.1,-120.8,USA,pole_and_line,14.1719,12.3672,1,Pole and Line
2017-04-01,2017,4,34.1,-120.7,USA,set_longlines,0.8744,0,2,Set Longlines
2017-04-01,2017,4,34.2,-120.7,USA,set_longlines,3.2494,2.2413,1,Set Longlines
2017-04-01,2017,4,34.2,-120.8,USA,set_longlines,6.9955,6.2872,1,Set Longlines
2017-04-01,2017,4,34.2,-120.9,USA,fishing,0.3569,0,1,Fishing
2017-04-01,2017,4,34.2,-120.6,USA,set_longlines,0.8838,0,2,Set Longlines
2017-04-01,2017,4,34.2,-121,USA,fishing,0.6333,0,1,Fishing
2017-04-01,2017,4,34.2,-120.7,USA,pole_and_line,4.7358,0,1,Pole and Line
2017-04-01,2017,4,34.2,-120.6,USA,pole_and_line,4.8666,0,1,Pole and Line
2017-04-01,2017,4,34.2,-120.8,USA,pole_and_line,29.3275,26.5769,1,Pole and Line
2017-04-01,2017,4,34.3,-120.5,USA,pole_and_line,2.8519,0,1,Pole and Line
2017-04-01,2017,4,34.3,-120.6,USA,pole_and_line,1.3158,0,1,Pole and Line
2017-04-01,2017,4,34.3,-120.9,USA,pole_and_line,8.1694,7.9033,1,Pole and Line
2017-04-01,2017,4,34.3,-120.5,USA,trawlers,0.4972,0,1,Trawlers
2017-04-01,2017,4,34.3,-120.7,USA,fishing,0.2458,0,1,Fishing
2017-04-01,2017,4,34.3,-120.5,USA,fishing,0.1169,0,1,Fishing
2017-04-01,2017,4,34.3,-120.7,USA,pole_and_line,0.9319,0,1,Pole and Line
2017-04-01,2017,4,34.3,-121,USA,fishing,0.8725,0,1,Fishing
2017-04-01,2017,4,34.3,-120.4,USA,trawlers,0.5091,0,1,Trawlers
2017-04-01,2017,4,34.3,-120.6,USA,fishing,0.7036,0,1,Fishing
2017-04-01,2017,4,34.3,-120.4,USA,set_longlines,0.3416,0,1,Set Longlines
2017-04-01,2017,4,34.3,-120.4,USA,pole_and_line,1.9916,0,1,Pole and Line
2017-04-01,2017,4,34.3,-120.8,USA,pole_and_line,1.5758,0.4491,1,Pole and Line
2017-04-01,2017,4,34.4,-120.4,USA,pole_and_line,1.2594,0,1,Pole and Line
2017-04-01,2017,4,34.4,-120.7,USA,trawlers,0.375,0,1,Trawlers
2017-04-01,2017,4,34.4,-120.5,USA,trawlers,0.1136,0,1,Trawlers
2017-04-01,2017,4,34.4,-120.3,USA,fishing,0.6761,0,2,Fishing
2017-04-01,2017,4,34.4,-120.4,USA,fishing,0.5416,0,1,Fishing
2017-04-01,2017,4,34.4,-120,USA,fishing,0.4072,0,1,Fishing
2017-04-01,2017,4,34.4,-120.3,USA,pole_and_line,1.6422,0,1,Pole and Line
2017-04-01,2017,4,34.4,-120,USA,pole_and_line,1.5991,0,1,Pole and Line
2017-04-01,2017,4,34.4,-121.1,USA,fishing,0.3336,0,1,Fishing
2017-04-01,2017,4,34.4,-120.7,USA,fishing,0.4588,0,1,Fishing
2017-04-01,2017,4,34.4,-121,USA,fishing,0.533,0,1,Fishing
2017-04-01,2017,4,34.4,-120.9,USA,pole_and_line,1.8766,1.8094,1,Pole and Line
2017-04-01,2017,4,34.4,-120.5,USA,fishing,1.065,0,1,Fishing
2017-04-01,2017,4,34.4,-120.6,USA,trawlers,0.5277,0,1,Trawlers
2017-04-01,2017,4,34.4,-120.8,USA,fishing,0.4997,0,1,Fishing
2017-04-01,2017,4,34.5,-120.6,USA,fishing,0.5266,0,1,Fishing
2017-04-01,2017,4,34.5,-121.1,USA,fishing,0.9472,0,1,Fishing
2017-04-01,2017,4,34.5,-120.8,USA,trawlers,0.6725,0,1,Trawlers
2017-04-01,2017,4,34.5,-120.8,USA,fishing,0.7791,0,1,Fishing
2017-04-01,2017,4,34.5,-120.7,USA,trawlers,0.2052,0,1,Trawlers
2017-04-01,2017,4,34.5,-120.7,USA,fishing,1.2016,0,1,Fishing
2017-04-01,2017,4,34.6,-120.8,USA,fishing,0.6744,0,1,Fishing
2017-04-01,2017,4,34.6,-121.2,USA,fishing,0.0766,0,1,Fishing
2017-04-01,2017,4,34.6,-121.1,USA,fishing,0.8413,0,1,Fishing
2017-04-01,2017,4,34.6,-120.8,USA,trawlers,0.2472,0,1,Trawlers
2017-04-01,2017,4,34.6,-120.9,USA,trawlers,0.3855,0,1,Trawlers
2017-04-01,2017,4,34.6,-120.8,USA,other_purse_seines,0.0708,0,1,Other Purse Seines
2017-04-01,2017,4,34.6,-120.9,USA,fishing,0.6458,0,1,Fishing
2017-04-01,2017,4,34.7,-121,USA,fishing,0.4275,0,1,Fishing
2017-04-01,2017,4,34.7,-120.8,USA,other_purse_seines,1.4336,0,1,Other Purse Seines
2017-04-01,2017,4,34.7,-120.8,USA,fishing,0.0916,0,1,Fishing
2017-04-01,2017,4,34.7,-120.9,USA,trawlers,0.4449,0,1,Trawlers
2017-04-01,2017,4,34.7,-121.2,USA,fishing,0.9319,0,1,Fishing
2017-04-01,2017,4,34.7,-120.9,USA,fishing,0.9252,0,2,Fishing
2017-04-01,2017,4,34.8,-121,USA,fishing,0.9391,0,2,Fishing
2017-04-01,2017,4,34.8,-120.9,USA,fishing,0.433,0,1,Fishing
2017-04-01,2017,4,34.8,-120.9,USA,trawlers,0.6636,0,1,Trawlers
2017-04-01,2017,4,34.8,-121.1,USA,fishing,0.1077,0,1,Fishing
2017-04-01,2017,4,34.8,-121.2,USA,fishing,0.9833,0,1,Fishing
2017-04-01,2017,4,34.9,-120.8,USA,other_purse_seines,0.4163,0,1,Other Purse Seines
2017-04-01,2017,4,34.9,-120.9,USA,trawlers,0.2086,0,1,Trawlers
2017-04-01,2017,4,34.9,-121.3,USA,fishing,0.7613,0,1,Fishing
2017-04-01,2017,4,34.9,-121.2,USA,fishing,0.3416,0,1,Fishing
2017-04-01,2017,4,34.9,-121,USA,fishing,0.718,0,1,Fishing
2017-04-01,2017,4,34.9,-121.1,USA,fishing,0.6705,0,1,Fishing
2017-04-01,2017,4,34.9,-120.9,USA,other_purse_seines,0.2669,0,1,Other Purse Seines
2017-04-01,2017,4,34.9,-121,USA,trawlers,0.4638,0,1,Trawlers
2017-04-01,2017,4,35,-121,USA,trawlers,0.55,0,1,Trawlers
2017-04-01,2017,4,35,-121.1,USA,trawlers,0.0916,0,1,Trawlers
2017-04-01,2017,4,35,-121.3,USA,fishing,0.9858,0,1,Fishing
2017-04-01,2017,4,35,-121.1,USA,fishing,0.2752,0,1,Fishing
2017-04-01,2017,4,35,-120.9,USA,other_purse_seines,0.9413,0,1,Other Purse Seines
2017-04-01,2017,4,35,-121.2,USA,fishing,0.4047,0,1,Fishing
2017-04-01,2017,4,35,-121,USA,fishing,1.1252,0,1,Fishing
2017-05-01,2017,5,34,-120.8,CAN,trawlers,0.4055,0,1,Trawlers
2017-05-01,2017,5,34.1,-120.8,CAN,trawlers,0.5752,0,1,Trawlers
2017-05-01,2017,5,34.1,-120.9,CAN,trawlers,0.3038,0,1,Trawlers
2017-05-01,2017,5,34.2,-121,CAN,trawlers,0.3336,0,1,Trawlers
2017-05-01,2017,5,34.3,-121,CAN,trawlers,0.5394,0,1,Trawlers
2017-05-01,2017,5,34.5,-121.2,CAN,trawlers,0.6041,0,1,Trawlers
2017-05-01,2017,5,34.6,-121.2,CAN,trawlers,0.5991,0,1,Trawlers
2017-05-01,2017,5,34.6,-121.3,CAN,trawlers,0.2302,0,1,Trawlers
2017-05-01,2017,5,34.7,-121.4,CAN,trawlers,0.0861,0,1,Trawlers
2017-05-01,2017,5,34.8,-121.4,CAN,trawlers,0.8305,0,1,Trawlers
2017-05-01,2017,5,34.9,-121.5,CAN,trawlers,0.7241,0,1,Trawlers
2017-05-01,2017,5,35,-121.5,CAN,trawlers,0.4811,0,1,Trawlers
2017-05-01,2017,5,34.1,-120.8,USA,fishing,9.9591,7.5463,1,Fishing
2017-05-01,2017,5,34.1,-120.8,USA,set_longlines,0.0255,0,1,Set Longlines
2017-05-01,2017,5,34.1,-120.9,USA,pole_and_line,5.943,4.6688,1,Pole and Line
2017-05-01,2017,5,34.1,-120.9,USA,fishing,0.3777,0.3777,1,Fishing
2017-05-01,2017,5,34.1,-120.7,USA,set_longlines,2.5727,1.533,2,Set Longlines
2017-05-01,2017,5,34.1,-120.7,USA,pole_and_line,2.9166,1.5752,1,Pole and Line
2017-05-01,2017,5,34.1,-120.7,USA,fishing,0.6505,0,1,Fishing
2017-05-01,2017,5,34.1,-120.8,USA,pole_and_line,15.1491,9.3308,1,Pole and Line
2017-05-01,2017,5,34.2,-120.7,USA,set_longlines,3.7408,2.0491,1,Set Longlines
2017-05-01,2017,5,34.2,-120.8,USA,pole_and_line,23.4927,16.1413,1,Pole and Line
2017-05-01,2017,5,34.2,-120.8,USA,set_longlines,5.5341,3.9327,1,Set Longlines
2017-05-01,2017,5,34.3,-120.7,USA,drifting_longlines,1.3091,0,1,Drifting Longlines
2017-05-01,2017,5,34.3,-120.4,USA,other_purse_seines,0.6069,0,1,Other Purse Seines
2017-05-01,2017,5,34.3,-120.6,USA,drifting_longlines,1.5408,0,1,Drifting Longlines
2017-05-01,2017,5,34.3,-120.6,USA,pole_and_line,0.1086,0,1,Pole and Line
2017-05-01,2017,5,34.3,-120.4,USA,pole_and_line,1.1752,0,1,Pole and Line
2017-05-01,2017,5,34.4,-120,USA,pole_and_line,1.0752,0,1,Pole and Line
2017-05-01,2017,5,34.4,-120,USA,trollers,0.9008,0,1,Trollers
2017-05-01,2017,5,34.4,-120.8,USA,drifting_longlines,0.8086,0,1,Drifting Longlines
2017-05-01,2017,5,34.4,-120.6,USA,other_purse_seines,1.0247,0,1,Other Purse Seines
2017-05-01,2017,5,34.4,-120.4,USA,trollers,5.8086,0,1,Trollers
2017-05-01,2017,5,34.4,-120.6,USA,trollers,0.3994,0,1,Trollers
2017-05-01,2017,5,34.4,-120.5,USA,trollers,1.3419,0,1,Trollers
2017-05-01,2017,5,34.4,-120.4,USA,pole_and_line,0.6413,0,1,Pole and Line
2017-05-01,2017,5,34.4,-120.3,USA,pole_and_line,1.0688,0,1,Pole and Line
2017-05-01,2017,5,34.4,-120.9,USA,drifting_longlines,1.658,0,1,Drifting Longlines
2017-05-01,2017,5,34.5,-121.1,USA,drifting_longlines,0.4088,0,1,Drifting Longlines
2017-05-01,2017,5,34.5,-121,USA,drifting_longlines,0.9333,0,1,Drifting Longlines
2017-05-01,2017,5,34.6,-120.8,USA,trollers,3.2494,0.3,1,Trollers
2017-05-01,2017,5,34.6,-121.2,USA,drifting_longlines,0.308,0,1,Drifting Longlines
2017-05-01,2017,5,34.6,-120.7,USA,trollers,0.573,0,1,Trollers
2017-05-01,2017,5,34.6,-121,USA,drifting_longlines,1.0905,0,1,Drifting Longlines
2017-05-01,2017,5,34.6,-120.7,USA,other_purse_seines,1.8266,0,1,Other Purse Seines
2017-05-01,2017,5,34.7,-121,USA,drifting_longlines,0.2172,0,1,Drifting Longlines
2017-05-01,2017,5,34.7,-120.7,USA,other_purse_seines,0.9405,0,1,Other Purse Seines
2017-05-01,2017,5,34.8,-121.2,USA,drifting_longlines,0.4166,0,1,Drifting Longlines
2017-05-01,2017,5,34.8,-121.3,USA,drifting_longlines,1.5169,0,1,Drifting Longlines
2017-05-01,2017,5,34.8,-121.1,USA,drifting_longlines,0.75,0,1,Drifting Longlines
2017-05-01,2017,5,34.9,-121.4,USA,drifting_longlines,0.5747,0,1,Drifting Longlines
2017-05-01,2017,5,35,-121.5,USA,drifting_longlines,2.5152,0,1,Drifting Longlines
2017-05-01,2017,5,34.2,-120.9,CAN,trawlers,0.5058,0,1,Trawlers
2017-05-01,2017,5,34.3,-121.1,CAN,trawlers,0.2908,0,1,Trawlers
2017-05-01,2017,5,34.4,-121.1,CAN,trawlers,0.7527,0,1,Trawlers
2017-05-01,2017,5,34.5,-121.1,CAN,trawlers,0.183,0,1,Trawlers
2017-05-01,2017,5,34.7,-121.3,CAN,trawlers,0.7138,0,1,Trawlers
2017-05-01,2017,5,34.9,-121.4,CAN,trawlers,0.083,0,1,Trawlers
2017-05-01,2017,5,34.2,-120.7,USA,fishing,0.0913,0,1,Fishing
2017-05-01,2017,5,34.2,-120.6,USA,pole_and_line,2.9594,0,1,Pole and Line
2017-05-01,2017,5,34.2,-120.9,USA,pole_and_line,2.0666,2.0666,1,Pole and Line
2017-05-01,2017,5,34.2,-120.7,USA,pole_and_line,2.9175,0,1,Pole and Line
2017-05-01,2017,5,34.2,-120.6,USA,fishing,0.4416,0,1,Fishing
2017-05-01,2017,5,34.2,-120.6,USA,set_longlines,0.3836,0,1,Set Longlines
2017-05-01,2017,5,34.3,-120.5,USA,drifting_longlines,1.3241,0,1,Drifting Longlines
2017-05-01,2017,5,34.3,-120.8,USA,drifting_longlines,0.7416,0,1,Drifting Longlines
2017-05-01,2017,5,34.3,-120.5,USA,set_longlines,0.4647,0,1,Set Longlines
2017-05-01,2017,5,34.3,-120.5,USA,pole_and_line,1.4261,0,1,Pole and Line
2017-05-01,2017,5,34.3,-120.5,USA,other_purse_seines,0.5002,0,1,Other Purse Seines
2017-05-01,2017,5,34.3,-120.4,USA,set_longlines,0.6088,0,1,Set Longlines
2017-05-01,2017,5,34.3,-120.4,USA,drifting_longlines,0.7341,0,1,Drifting Longlines
2017-05-01,2017,5,34.3,-120.6,USA,set_longlines,0.1761,0,1,Set Longlines
2017-05-01,2017,5,34.4,-120.5,USA,other_purse_seines,0.4169,0,1,Other Purse Seines
2017-05-01,2017,5,34.4,-120.7,USA,drifting_longlines,0.2261,0,1,Drifting Longlines
2017-05-01,2017,5,34.4,-120,USA,set_longlines,0.0427,0,1,Set Longlines
2017-05-01,2017,5,34.4,-121,USA,drifting_longlines,0.158,0,1,Drifting Longlines
2017-05-01,2017,5,34.4,-120.3,USA,trollers,1.35,0,1,Trollers
2017-05-01,2017,5,34.5,-120.9,USA,drifting_longlines,0.7994,0,1,Drifting Longlines
2017-05-01,2017,5,34.5,-120.7,USA,trollers,1.5586,0,1,Trollers
2017-05-01,2017,5,34.5,-120.7,USA,other_purse_seines,0.6247,0,1,Other Purse Seines
2017-05-01,2017,5,34.5,-120.6,USA,trollers,1.5011,0,1,Trollers
2017-05-01,2017,5,34.6,-121.1,USA,drifting_longlines,0.6833,0,1,Drifting Longlines
2017-05-01,2017,5,34.7,-121.1,USA,drifting_longlines,0.7747,0,1,Drifting Longlines
2017-05-01,2017,5,34.7,-121.2,USA,drifting_longlines,1.1916,0,1,Drifting Longlines
2017-05-01,2017,5,34.8,-120.8,USA,other_purse_seines,0.2666,0,1,Other Purse Seines
2017-05-01,2017,5,34.8,-120.7,USA,other_purse_seines,0.8327,0,1,Other Purse Seines
2017-05-01,2017,5,34.9,-121.2,USA,drifting_longlines,1.0997,0,1,Drifting Longlines
2017-05-01,2017,5,35,-121.3,USA,drifting_longlines,1.0841,0,1,Drifting Longlines
2017-05-01,2017,5,35,-121.4,USA,drifting_longlines,0.1669,0,1,Drifting Longlines
2017-06-01,2017,6,33.9,-121.2,USA,drifting_longlines,0.8269,0,1,Drifting Longlines
2017-06-01,2017,6,33.9,-121.1,USA,drifting_longlines,0.1475,0,1,Drifting Longlines
2017-06-01,2017,6,34,-120.8,USA,fishing,3.3872,2.8341,1,Fishing
2017-06-01,2017,6,34,-120.9,USA,drifting_longlines,0.8447,0,1,Drifting Longlines
2017-06-01,2017,6,34,-121,USA,drifting_longlines,0.8222,0,1,Drifting Longlines
2017-06-01,2017,6,34,-120.8,USA,drifting_longlines,0.8277,0,1,Drifting Longlines
2017-06-01,2017,6,34.1,-120.9,USA,set_longlines,12.1008,9.2452,1,Set Longlines
2017-06-01,2017,6,34.1,-120.7,USA,fishing,0.3836,0,1,Fishing
2017-06-01,2017,6,34.1,-120.9,USA,fishing,0.9052,0.8397,1,Fishing
2017-06-01,2017,6,34.1,-121.1,USA,drifting_longlines,0.8166,0,1,Drifting Longlines
2017-06-01,2017,6,34.1,-121.3,USA,drifting_longlines,1.3613,0,1,Drifting Longlines
2017-06-01,2017,6,34.1,-120.8,USA,set_longlines,2.2338,1.1225,1,Set Longlines
2017-06-01,2017,6,34.2,-120.7,USA,set_longlines,0.1566,0,1,Set Longlines
2017-06-01,2017,6,34.2,-120.6,USA,set_longlines,0.9416,0,1,Set Longlines
2017-06-01,2017,6,34.2,-120.7,USA,fishing,0.9661,0,1,Fishing
2017-06-01,2017,6,34.3,-120.4,USA,other_purse_seines,0.8333,0,2,Other Purse Seines
2017-06-01,2017,6,34.3,-120.5,USA,other_purse_seines,0.6666,0,1,Other Purse Seines
2017-06-01,2017,6,34.4,-120.4,USA,other_purse_seines,0.7841,0,1,Other Purse Seines
2017-06-01,2017,6,34.4,-120.4,USA,fishing,0.3422,0,1,Fishing
2017-06-01,2017,6,34.4,-120.8,USA,fishing,0.5341,0,1,Fishing
2017-06-01,2017,6,34.4,-120.5,USA,other_purse_seines,20.3766,0,2,Other Purse Seines
2017-06-01,2017,6,34.4,-120.6,USA,other_purse_seines,0.325,0,1,Other Purse Seines
2017-06-01,2017,6,34.4,-120,USA,fishing,0.3333,0,1,Fishing
2017-06-01,2017,6,34.4,-120.7,USA,fishing,0.7413,0,1,Fishing
2017-06-01,2017,6,34.5,-120.7,USA,other_purse_seines,0.8336,0,1,Other Purse Seines
2017-06-01,2017,6,34.5,-120.8,USA,fishing,1.2083,0,1,Fishing
2017-06-01,2017,6,34.6,-120.8,USA,other_purse_seines,0.2894,0,1,Other Purse Seines
2017-06-01,2017,6,34.8,-120.9,USA,other_purse_seines,0.8,0,1,Other Purse Seines
2017-06-01,2017,6,34.8,-120.9,USA,fishing,1.0827,0,1,Fishing
2017-06-01,2017,6,34.9,-121,USA,fishing,0.3419,0,1,Fishing
2017-06-01,2017,6,34.9,-120.9,USA,fishing,0.7497,0,1,Fishing
2017-06-01,2017,6,35,-121,USA,fishing,0.4163,0,1,Fishing
2017-06-01,2017,6,35,-120.9,USA,other_purse_seines,0.25,0,1,Other Purse Seines
2017-06-01,2017,6,34,-121.3,USA,drifting_longlines,0.2611,0,1,Drifting Longlines
2017-06-01,2017,6,34,-121.2,USA,drifting_longlines,0.5311,0,1,Drifting Longlines
2017-06-01,2017,6,34,-120.8,USA,set_longlines,0.5166,0.1419,1,Set Longlines
2017-06-01,2017,6,34.1,-120.8,USA,fishing,18.113,15.82,1,Fishing
2017-06-01,2017,6,34.1,-120.7,USA,set_longlines,0.6083,0,1,Set Longlines
2017-06-01,2017,6,34.1,-121.2,USA,drifting_longlines,0.8275,0,1,Drifting Longlines
2017-06-01,2017,6,34.2,-120.6,USA,fishing,1.1336,0,1,Fishing
2017-06-01,2017,6,34.2,-120.8,USA,fishing,0.35,0,1,Fishing
2017-06-01,2017,6,34.3,-120.7,USA,fishing,0.5916,0,1,Fishing
2017-06-01,2017,6,34.3,-120.6,USA,fishing,1.5908,0,2,Fishing
2017-06-01,2017,6,34.3,-120.5,USA,fishing,0.4249,0,1,Fishing
2017-06-01,2017,6,34.4,-120.5,USA,fishing,0.2913,0,1,Fishing
2017-06-01,2017,6,34.4,-120.3,USA,fishing,0.2836,0,1,Fishing
2017-06-01,2017,6,34.4,-120.3,USA,other_purse_seines,15.01,0,2,Other Purse Seines
2017-06-01,2017,6,34.5,-120.6,USA,other_purse_seines,0.8747,0,1,Other Purse Seines
2017-06-01,2017,6,34.6,-120.7,USA,other_purse_seines,0.3336,0,1,Other Purse Seines
2017-06-01,2017,6,34.6,-120.8,USA,fishing,0.8494,0,1,Fishing
2017-06-01,2017,6,34.6,-120.9,USA,fishing,0.325,0,1,Fishing
2017-06-01,2017,6,34.7,-120.8,USA,other_purse_seines,0.685,0,1,Other Purse Seines
2017-06-01,2017,6,34.7,-120.9,USA,other_purse_seines,0.0497,0,1,Other Purse Seines
2017-06-01,2017,6,34.7,-120.9,USA,fishing,1.2422,0,1,Fishing
2017-06-01,2017,6,34.8,-120.8,USA,other_purse_seines,0.7838,0,1,Other Purse Seines
2017-06-01,2017,6,34.9,-120.9,USA,other_purse_seines,1.208,0,2,Other Purse Seines
2017-06-01,2017,6,34.9,-121,USA,other_purse_seines,0.425,0,1,Other Purse Seines
2017-06-01,2017,6,34.9,-120.8,USA,other_purse_seines,0.4163,0,1,Other Purse Seines
2017-06-01,2017,6,35,-121,USA,other_purse_seines,0.7333,0,1,Other Purse Seines
2017-07-01,2017,7,34.1,-120.8,USA,set_longlines,7.1055,6.2805,1,Set Longlines
2017-07-01,2017,7,34.1,-120.7,USA,set_longlines,1.2983,0.0158,2,Set Longlines
2017-07-01,2017,7,34.1,-120.8,USA,fishing,21.6344,18.5122,1,Fishing
2017-07-01,2017,7,34.2,-120.6,USA,fishing,0.4413,0,1,Fishing
2017-07-01,2017,7,34.2,-120.7,USA,set_longlines,20.6772,1.6744,2,Set Longlines
2017-07-01,2017,7,34.2,-120.7,USA,fishing,0.375,0,1,Fishing
2017-07-01,2017,7,34.2,-120.8,USA,set_longlines,12.3941,2.0747,1,Set Longlines
2017-07-01,2017,7,34.2,-120.8,USA,trawlers,1.2111,0.6933,1,Trawlers
2017-07-01,2017,7,34.3,-120.7,USA,trawlers,0.9355,0,2,Trawlers
2017-07-01,2017,7,34.3,-120.9,USA,trawlers,0.6644,0,2,Trawlers
2017-07-01,2017,7,34.3,-120.5,USA,trawlers,0.7861,0,1,Trawlers
2017-07-01,2017,7,34.3,-120.8,USA,trawlers,1.0274,0,2,Trawlers
2017-07-01,2017,7,34.3,-120.4,USA,other_purse_seines,0.2666,0,1,Other Purse Seines
2017-07-01,2017,7,34.4,-120.4,USA,trawlers,0.4047,0,2,Trawlers
2017-07-01,2017,7,34.4,-120.5,USA,fishing,1.225,0,2,Fishing
2017-07-01,2017,7,34.4,-120,USA,set_longlines,0.8075,0,1,Set Longlines
2017-07-01,2017,7,34.4,-120.9,USA,trawlers,0.5719,0,1,Trawlers
2017-07-01,2017,7,34.4,-120.6,USA,fishing,1.5677,0,2,Fishing
2017-07-01,2017,7,34.4,-120.3,USA,fishing,1.0841,0,2,Fishing
2017-07-01,2017,7,34.4,-120.4,USA,fishing,1.1408,0,2,Fishing
2017-07-01,2017,7,34.4,-120.6,USA,trawlers,1.408,0,2,Trawlers
2017-07-01,2017,7,34.4,-120.3,USA,set_longlines,0.6494,0,1,Set Longlines
2017-07-01,2017,7,34.4,-120,USA,fishing,0.6761,0,2,Fishing
2017-07-01,2017,7,34.4,-120.5,USA,other_purse_seines,0.6252,0,1,Other Purse Seines
2017-07-01,2017,7,34.4,-120.5,USA,trawlers,10.8266,0,2,Trawlers
2017-07-01,2017,7,34.4,-120.4,USA,other_purse_seines,0.3413,0,1,Other Purse Seines
2017-07-01,2017,7,34.5,-120.7,USA,set_longlines,0.8072,0,1,Set Longlines
2017-07-01,2017,7,34.5,-121.1,USA,trawlers,2.555,1.3211,2,Trawlers
2017-07-01,2017,7,34.5,-120.6,USA,other_purse_seines,5.0391,0,1,Other Purse Seines
2017-07-01,2017,7,34.5,-120.7,USA,trawlers,1.5,0,2,Trawlers
2017-07-01,2017,7,34.5,-120.6,USA,fishing,0.2833,0,1,Fishing
2017-07-01,2017,7,34.5,-120.7,USA,fishing,0.2586,0,1,Fishing
2017-07-01,2017,7,34.5,-121.2,USA,trawlers,1.2549,0,2,Trawlers
2017-07-01,2017,7,34.6,-120.8,USA,trawlers,0.6891,0,1,Trawlers
2017-07-01,2017,7,34.6,-120.9,USA,trawlers,6.6002,3.9697,1,Trawlers
2017-07-01,2017,7,34.6,-121.4,USA,trawlers,4.6102,3.7977,2,Trawlers
2017-07-01,2017,7,34.6,-120.7,USA,set_longlines,3.9205,0,1,Set Longlines
2017-07-01,2017,7,34.6,-121.3,USA,trawlers,6.1499,3.1975,2,Trawlers
2017-07-01,2017,7,34.7,-120.9,USA,fishing,0.6663,0,1,Fishing
2017-07-01,2017,7,34.7,-121.5,USA,trawlers,3.5394,3.5394,1,Trawlers
2017-07-01,2017,7,34.7,-120.8,USA,fishing,0.8838,0,1,Fishing
2017-07-01,2017,7,34.7,-121.4,USA,trawlers,17.4874,15.7361,2,Trawlers
2017-07-01,2017,7,34.7,-121.3,USA,trawlers,0.6083,0.4441,2,Trawlers
2017-07-01,2017,7,34.7,-120.8,USA,trawlers,1.9655,1.025,2,Trawlers
2017-07-01,2017,7,34.7,-120.7,USA,other_purse_seines,0.7658,0,1,Other Purse Seines
2017-07-01,2017,7,34.8,-121.5,USA,trawlers,0.3786,0.123,2,Trawlers
2017-07-01,2017,7,34.8,-121,USA,trawlers,0.4083,0,2,Trawlers
2017-07-01,2017,7,34.8,-120.9,USA,trawlers,4.5569,3.3858,2,Trawlers
2017-07-01,2017,7,34.8,-120.8,USA,other_purse_seines,0.4086,0,1,Other Purse Seines
2017-07-01,2017,7,34.8,-120.7,USA,set_longlines,0.9161,0,1,Set Longlines
2017-07-01,2017,7,34.8,-121.3,USA,trawlers,1.04,0.5308,1,Trawlers
2017-07-01,2017,7,34.8,-120.8,USA,trawlers,1.443,0,1,Trawlers
2017-07-01,2017,7,34.8,-120.8,USA,set_longlines,0.833,0,1,Set Longlines
2017-07-01,2017,7,34.8,-120.7,USA,other_purse_seines,0.2744,0,1,Other Purse Seines
2017-07-01,2017,7,34.9,-120.7,USA,other_purse_seines,0.5652,0,1,Other Purse Seines
2017-07-01,2017,7,34.9,-120.8,USA,trawlers,1.1711,0,1,Trawlers
2017-07-01,2017,7,34.9,-121,USA,trawlers,1.288,0,2,Trawlers
2017-07-01,2017,7,34.9,-120.8,USA,other_purse_seines,0.1083,0,1,Other Purse Seines
2017-07-01,2017,7,34.9,-121.1,USA,fishing,0.8336,0,1,Fishing
2017-07-01,2017,7,34.9,-121.3,USA,trawlers,1.0877,0.4777,1,Trawlers
2017-07-01,2017,7,34.9,-121.2,USA,trawlers,0.2608,0,1,Trawlers
2017-07-01,2017,7,35,-120.9,USA,trawlers,0.9397,0,2,Trawlers
2017-07-01,2017,7,35,-121.5,USA,trawlers,1.4572,0.613,1,Trawlers
2017-07-01,2017,7,35,-121.2,USA,trawlers,1.2694,0,2,Trawlers
2017-07-01,2017,7,35,-121.3,USA,trawlers,4.2911,1.9249,2,Trawlers
2017-07-01,2017,7,35,-121.4,USA,trawlers,0.8788,0,2,Trawlers
2017-07-01,2017,7,35.1,-120.8,USA,set_longlines,5.9827,0,1,Set Longlines
2017-07-01,2017,7,35.1,-120.8,USA,trawlers,31.0513,10.2225,2,Trawlers
2017-07-01,2017,7,34.1,-120.7,USA,fishing,1.0583,0,1,Fishing
2017-07-01,2017,7,34.2,-120.6,USA,trawlers,2.4008,1.2072,2,Trawlers
2017-07-01,2017,7,34.2,-120.8,USA,fishing,0.7477,0.698,1,Fishing
2017-07-01,2017,7,34.2,-120.7,USA,trawlers,0.72,0,1,Trawlers
2017-07-01,2017,7,34.2,-120.6,USA,set_longlines,2.1702,0,2,Set Longlines
2017-07-01,2017,7,34.2,-120.9,USA,trawlers,0.8583,0.3363,1,Trawlers
2017-07-01,2017,7,34.3,-121,USA,trawlers,0.6422,0,1,Trawlers
2017-07-01,2017,7,34.3,-120.6,USA,trawlers,0.6677,0,1,Trawlers
2017-07-01,2017,7,34.3,-120.4,USA,trawlers,0.8044,0,2,Trawlers
2017-07-01,2017,7,34.3,-120.4,USA,set_longlines,0.3663,0,1,Set Longlines
2017-07-01,2017,7,34.4,-120,USA,trawlers,0.6361,0,1,Trawlers
2017-07-01,2017,7,34.4,-121.1,USA,trawlers,0.6388,0,1,Trawlers
2017-07-01,2017,7,34.4,-121,USA,trawlers,1.9733,0.6375,2,Trawlers
2017-07-01,2017,7,34.4,-120.7,USA,trawlers,0.2275,0,1,Trawlers
2017-07-01,2017,7,34.4,-120.5,USA,set_longlines,2.1747,0,1,Set Longlines
2017-07-01,2017,7,34.4,-120.4,USA,set_longlines,1.5236,0.5313,1,Set Longlines
2017-07-01,2017,7,34.5,-120.7,USA,other_purse_seines,0.4177,0,1,Other Purse Seines
2017-07-01,2017,7,34.5,-120.6,USA,set_longlines,0,0,1,Set Longlines
2017-07-01,2017,7,34.5,-121,USA,trawlers,4.2213,1.7619,1,Trawlers
2017-07-01,2017,7,34.5,-120.6,USA,trawlers,0.1833,0,1,Trawlers
2017-07-01,2017,7,34.6,-120.7,USA,trawlers,0.93,0,2,Trawlers
2017-07-01,2017,7,34.6,-121,USA,trawlers,1.1386,0.0886,1,Trawlers
2017-07-01,2017,7,34.6,-120.8,USA,fishing,1.83,0,1,Fishing
2017-07-01,2017,7,34.6,-120.7,USA,other_purse_seines,1.1063,0,1,Other Purse Seines
2017-07-01,2017,7,34.6,-121.2,USA,trawlers,0.5286,0,2,Trawlers
2017-07-01,2017,7,34.6,-121.5,USA,trawlers,2.1444,1.9722,1,Trawlers
2017-07-01,2017,7,34.7,-120.7,USA,trawlers,0.4363,0,1,Trawlers
2017-07-01,2017,7,34.7,-120.9,USA,trawlers,3.363,2.8997,2,Trawlers
2017-07-01,2017,7,34.7,-120.8,USA,set_longlines,0.0905,0,1,Set Longlines
2017-07-01,2017,7,34.7,-120.7,USA,set_longlines,1.5413,0,1,Set Longlines
2017-07-01,2017,7,34.8,-120.9,USA,fishing,0.9502,0,1,Fishing
2017-07-01,2017,7,34.8,-121,USA,fishing,0.1163,0,1,Fishing
2017-07-01,2017,7,34.8,-121.4,USA,trawlers,1.2511,0,2,Trawlers
2017-07-01,2017,7,34.9,-121.5,USA,trawlers,0.9136,0,1,Trawlers
2017-07-01,2017,7,34.9,-121.1,USA,trawlers,1.095,0.1997,2,Trawlers
2017-07-01,2017,7,34.9,-121,USA,fishing,0.4163,0,1,Fishing
2017-07-01,2017,7,34.9,-120.8,USA,set_longlines,0.0999,0,1,Set Longlines
2017-07-01,2017,7,35,-121.1,USA,fishing,0.5997,0,1,Fishing
2017-07-01,2017,7,35,-120.8,USA,set_longlines,1.4069,0,1,Set Longlines
2017-07-01,2017,7,35,-121,USA,trawlers,1.2169,0,1,Trawlers
2017-07-01,2017,7,35,-120.8,USA,trawlers,3.898,1.7619,2,Trawlers
2017-07-01,2017,7,35,-120.7,USA,other_purse_seines,0.6494,0,1,Other Purse Seines
2017-07-01,2017,7,35,-121.1,USA,trawlers,2.4497,0.91,1,Trawlers
2017-07-01,2017,7,35.1,-120.7,USA,other_purse_seines,3.3161,0.0997,1,Other Purse Seines
2017-07-01,2017,7,35.1,-120.8,USA,other_purse_seines,3.8069,0,1,Other Purse Seines
2017-08-01,2017,8,34.1,-120.7,USA,set_longlines,12.0652,0,1,Set Longlines
2017-08-01,2017,8,34.3,-120.7,USA,fishing,0.6625,0,1,Fishing
2017-08-01,2017,8,34.4,-120.6,USA,other_purse_seines,0.8055,0,1,Other Purse Seines
2017-08-01,2017,8,34.4,-120.3,USA,other_purse_seines,4.5822,0.3997,2,Other Purse Seines
2017-08-01,2017,8,34.4,-120.4,USA,fishing,5.648,0.7525,1,Fishing
2017-08-01,2017,8,34.4,-120,USA,fishing,2.2583,0,1,Fishing
2017-08-01,2017,8,34.4,-120.5,USA,other_purse_seines,3.8161,0,2,Other Purse Seines
2017-08-01,2017,8,34.4,-120.9,USA,fishing,0.8405,0,1,Fishing
2017-08-01,2017,8,34.4,-120.3,USA,fishing,2.7597,0,1,Fishing
2017-08-01,2017,8,34.5,-120.7,USA,other_purse_seines,1.9241,0,1,Other Purse Seines
2017-08-01,2017,8,34.5,-120.9,USA,fishing,0.7513,0,1,Fishing
2017-08-01,2017,8,34.5,-120.6,USA,other_purse_seines,14.0155,0,1,Other Purse Seines
2017-08-01,2017,8,34.6,-120.7,USA,other_purse_seines,1.4783,0,1,Other Purse Seines
2017-08-01,2017,8,34.6,-120.9,USA,fishing,0.808,0,1,Fishing
2017-08-01,2017,8,34.7,-120.9,USA,fishing,0.7391,0,1,Fishing
2017-08-01,2017,8,34.7,-120.7,USA,other_purse_seines,1.5224,0,1,Other Purse Seines
2017-08-01,2017,8,34.9,-120.9,USA,fishing,0.793,0,1,Fishing
2017-08-01,2017,8,34.9,-120.8,USA,other_purse_seines,0.8391,0,1,Other Purse Seines
2017-08-01,2017,8,35,-120.9,USA,fishing,0.7272,0,1,Fishing
2017-08-01,2017,8,34.1,-120.7,USA,fishing,10.4197,8.1072,1,Fishing
2017-08-01,2017,8,34.2,-120.6,USA,set_longlines,0.3166,0,1,Set Longlines
2017-08-01,2017,8,34.2,-120.7,USA,fishing,0.5472,0.5472,1,Fishing
2017-08-01,2017,8,34.2,-120.7,USA,set_longlines,12.3802,0,1,Set Longlines
2017-08-01,2017,8,34.3,-120.6,USA,fishing,0.6763,0,1,Fishing
2017-08-01,2017,8,34.3,-120.9,USA,fishing,0.4583,0,1,Fishing
2017-08-01,2017,8,34.3,-120.8,USA,fishing,0.6613,0,1,Fishing
2017-08-01,2017,8,34.3,-120.5,USA,fishing,0.2972,0,1,Fishing
2017-08-01,2017,8,34.4,-120.6,USA,fishing,11.3058,4.63,1,Fishing
2017-08-01,2017,8,34.4,-120.4,USA,other_purse_seines,9.9675,1.95,2,Other Purse Seines
2017-08-01,2017,8,34.4,-120.5,USA,fishing,52.9416,0,1,Fishing
2017-08-01,2017,8,34.4,-120,USA,other_purse_seines,2.5652,0,2,Other Purse Seines
2017-08-01,2017,8,34.5,-120.6,USA,fishing,6.1411,1.8933,1,Fishing
2017-08-01,2017,8,34.5,-120.7,USA,fishing,16.2783,10.0375,1,Fishing
2017-08-01,2017,8,34.8,-120.7,USA,other_purse_seines,1.1741,0,1,Other Purse Seines
2017-08-01,2017,8,34.8,-120.8,USA,other_purse_seines,0.4447,0,1,Other Purse Seines
2017-08-01,2017,8,34.8,-120.9,USA,fishing,0.7861,0,1,Fishing
2017-08-01,2017,8,34.9,-120.7,USA,other_purse_seines,0.8669,0,1,Other Purse Seines
2017-08-01,2017,8,35,-120.7,USA,other_purse_seines,1.8069,0.1005,1,Other Purse Seines
2017-08-01,2017,8,35,-120.8,USA,other_purse_seines,0.6983,0.5983,1,Other Purse Seines
2017-08-01,2017,8,35.1,-120.8,USA,other_purse_seines,3.8825,0,1,Other Purse Seines
2017-09-01,2017,9,34.2,-120.6,USA,set_longlines,0.275,0,1,Set Longlines
2017-09-01,2017,9,34.3,-120.4,USA,other_purse_seines,1.3577,0,2,Other Purse Seines
2017-09-01,2017,9,34.3,-120.5,USA,fishing,0.6325,0,1,Fishing
2017-09-01,2017,9,34.3,-120.4,USA,fishing,1.0033,0,2,Fishing
2017-09-01,2017,9,34.4,-120.4,USA,other_purse_seines,0.5991,0,1,Other Purse Seines
2017-09-01,2017,9,34.4,-120.6,USA,fishing,8.1244,0.6002,3,Fishing
2017-09-01,2017,9,34.4,-121.1,USA,fishing,7.9322,4.4394,1,Fishing
2017-09-01,2017,9,34.4,-120.5,USA,fishing,10.6508,0,2,Fishing
2017-09-01,2017,9,34.4,-120.6,USA,other_purse_seines,1.3925,0,2,Other Purse Seines
2017-09-01,2017,9,34.4,-120.7,USA,fishing,0.3569,0,2,Fishing
2017-09-01,2017,9,34.4,-120.9,USA,fishing,0.2525,0,1,Fishing
2017-09-01,2017,9,34.4,-121.3,USA,fishing,0.755,0,1,Fishing
2017-09-01,2017,9,34.4,-120.3,USA,other_purse_seines,0.6416,0,1,Other Purse Seines
2017-09-01,2017,9,34.5,-120.7,USA,fishing,9.8625,2.1649,3,Fishing
2017-09-01,2017,9,34.5,-120.8,USA,fishing,0.8738,0,2,Fishing
2017-09-01,2017,9,34.5,-120.8,USA,other_purse_seines,0.3416,0,1,Other Purse Seines
2017-09-01,2017,9,34.5,-120.7,USA,other_purse_seines,1.618,0,1,Other Purse Seines
2017-09-01,2017,9,34.5,-121.4,USA,fishing,10.0908,7.5783,1,Fishing
2017-09-01,2017,9,34.5,-121.2,USA,fishing,17.3355,11.9225,1,Fishing
2017-09-01,2017,9,34.5,-120.9,USA,other_purse_seines,0.7247,0,1,Other Purse Seines
2017-09-01,2017,9,34.5,-121.3,USA,fishing,10.4761,5.473,1,Fishing
2017-09-01,2017,9,34.5,-121.1,USA,fishing,7.37,4.0788,1,Fishing
2017-09-01,2017,9,34.6,-121.2,USA,set_longlines,0.2663,0.2663,1,Set Longlines
2017-09-01,2017,9,34.6,-120.9,USA,other_purse_seines,0.1247,0,1,Other Purse Seines
2017-09-01,2017,9,34.6,-121.5,USA,fishing,20.5686,14.2041,1,Fishing
2017-09-01,2017,9,34.6,-121.2,USA,fishing,2.7827,1.1905,1,Fishing
2017-09-01,2017,9,34.6,-121.1,USA,fishing,3.3255,1.8969,1,Fishing
2017-09-01,2017,9,34.6,-120.9,USA,fishing,0.8875,0,2,Fishing
2017-09-01,2017,9,34.6,-120.7,USA,other_purse_seines,0.8672,0,2,Other Purse Seines
2017-09-01,2017,9,34.7,-121.1,USA,other_purse_seines,0.6416,0,1,Other Purse Seines
2017-09-01,2017,9,34.7,-121.6,USA,fishing,8.2986,6.3172,1,Fishing
2017-09-01,2017,9,34.7,-120.8,USA,fishing,2.2336,1.9747,1,Fishing
2017-09-01,2017,9,34.7,-120.8,USA,other_purse_seines,0.133,0,1,Other Purse Seines
2017-09-01,2017,9,34.8,-120.9,USA,other_purse_seines,0.8577,0,1,Other Purse Seines
2017-09-01,2017,9,34.8,-121.3,USA,fishing,0.3433,0,1,Fishing
2017-09-01,2017,9,34.8,-121.2,USA,set_longlines,0.4736,0,1,Set Longlines
2017-09-01,2017,9,34.8,-121,USA,fishing,1.8302,0,3,Fishing
2017-09-01,2017,9,34.8,-121.1,USA,fishing,0.4049,0,2,Fishing
2017-09-01,2017,9,34.8,-120.7,USA,fishing,12.5205,10.9138,1,Fishing
2017-09-01,2017,9,34.8,-120.8,USA,other_purse_seines,0.3411,0,1,Other Purse Seines
2017-09-01,2017,9,34.9,-120.8,USA,other_purse_seines,0.3413,0,1,Other Purse Seines
2017-09-01,2017,9,34.9,-121,USA,other_purse_seines,0.7841,0,1,Other Purse Seines
2017-09-01,2017,9,34.9,-121.2,USA,set_longlines,0.5838,0,1,Set Longlines
2017-09-01,2017,9,34.9,-121.1,USA,fishing,1.2825,0,2,Fishing
2017-09-01,2017,9,34.9,-121.2,USA,fishing,0.5141,0,2,Fishing
2017-09-01,2017,9,34.9,-120.8,USA,fishing,7.7736,4.8069,1,Fishing
2017-09-01,2017,9,34.9,-121.5,USA,set_longlines,20.3969,0,1,Set Longlines
2017-09-01,2017,9,35,-121.1,USA,set_longlines,0.1827,0,1,Set Longlines
2017-09-01,2017,9,35,-121.2,USA,other_purse_seines,0.8658,0,1,Other Purse Seines
2017-09-01,2017,9,35,-121,USA,fishing,0.7858,0,1,Fishing
2017-09-01,2017,9,35,-120.8,USA,fishing,13.2652,6.8997,1,Fishing
2017-09-01,2017,9,35,-120.8,USA,other_purse_seines,1.0336,0,1,Other Purse Seines
2017-09-01,2017,9,35,-121.1,USA,other_purse_seines,0.6255,0,1,Other Purse Seines
2017-09-01,2017,9,34.3,-120.5,USA,other_purse_seines,0.9172,0,2,Other Purse Seines
2017-09-01,2017,9,34.4,-120.5,USA,other_purse_seines,1.408,0,1,Other Purse Seines
2017-09-01,2017,9,34.4,-120,USA,fishing,2.3338,0.283,2,Fishing
2017-09-01,2017,9,34.4,-120.3,USA,fishing,27.3413,22.8152,2,Fishing
2017-09-01,2017,9,34.4,-120.7,USA,other_purse_seines,0.7327,0,1,Other Purse Seines
2017-09-01,2017,9,34.4,-120.8,USA,other_purse_seines,0.5505,0,1,Other Purse Seines
2017-09-01,2017,9,34.4,-121.2,USA,fishing,4.0594,2.5508,1,Fishing
2017-09-01,2017,9,34.4,-121,USA,fishing,9.2008,4.8849,1,Fishing
2017-09-01,2017,9,34.4,-121.4,USA,fishing,4.4863,3.8038,1,Fishing
2017-09-01,2017,9,34.4,-120.4,USA,fishing,17.6969,6.5572,3,Fishing
2017-09-01,2017,9,34.5,-121.5,USA,fishing,0.02,0,1,Fishing
2017-09-01,2017,9,34.5,-120.6,USA,other_purse_seines,1.1322,0,1,Other Purse Seines
2017-09-01,2017,9,34.5,-120.9,USA,fishing,2.0052,1.5088,1,Fishing
2017-09-01,2017,9,34.5,-120.6,USA,fishing,3.1074,0.665,1,Fishing
2017-09-01,2017,9,34.5,-121,USA,fishing,3.5422,1.1547,1,Fishing
2017-09-01,2017,9,34.6,-121.3,USA,fishing,4.8399,2.6827,1,Fishing
2017-09-01,2017,9,34.6,-121,USA,other_purse_seines,0.875,0,1,Other Purse Seines
2017-09-01,2017,9,34.6,-120.8,USA,fishing,0.7305,0,2,Fishing
2017-09-01,2017,9,34.6,-121.4,USA,fishing,18.5952,13.568,1,Fishing
2017-09-01,2017,9,34.6,-121,USA,fishing,0.7327,0,1,Fishing
2017-09-01,2017,9,34.6,-120.8,USA,other_purse_seines,0.8994,0,1,Other Purse Seines
2017-09-01,2017,9,34.7,-120.7,USA,fishing,4.4877,4.4877,1,Fishing
2017-09-01,2017,9,34.7,-120.7,USA,other_purse_seines,15.6316,0,2,Other Purse Seines
2017-09-01,2017,9,34.7,-121,USA,other_purse_seines,0.1336,0,1,Other Purse Seines
2017-09-01,2017,9,34.7,-121.2,USA,set_longlines,5.4711,3.7552,1,Set Longlines
2017-09-01,2017,9,34.7,-121,USA,fishing,1.6002,0,3,Fishing
2017-09-01,2017,9,34.7,-120.9,USA,other_purse_seines,0.6844,0,1,Other Purse Seines
2017-09-01,2017,9,34.7,-121.5,USA,fishing,3.623,1.0416,1,Fishing
2017-09-01,2017,9,34.7,-120.9,USA,fishing,0.8224,0,2,Fishing
2017-09-01,2017,9,34.8,-121.5,USA,set_longlines,10.4275,0,1,Set Longlines
2017-09-01,2017,9,34.8,-121.4,USA,fishing,0.8288,0,1,Fishing
2017-09-01,2017,9,34.8,-121.1,USA,other_purse_seines,0.8997,0,1,Other Purse Seines
2017-09-01,2017,9,34.8,-120.7,USA,other_purse_seines,0.5163,0,1,Other Purse Seines
2017-09-01,2017,9,34.8,-120.8,USA,fishing,12.6163,11.035,1,Fishing
2017-09-01,2017,9,34.8,-121.5,USA,fishing,0.0833,0,1,Fishing
2017-09-01,2017,9,34.9,-121.2,USA,other_purse_seines,0.6666,0,1,Other Purse Seines
2017-09-01,2017,9,34.9,-120.9,USA,other_purse_seines,0.058,0,1,Other Purse Seines
2017-09-01,2017,9,34.9,-121.4,USA,set_longlines,1.2925,0,1,Set Longlines
2017-09-01,2017,9,34.9,-121,USA,fishing,0.7419,0,1,Fishing
2017-09-01,2017,9,34.9,-121.1,USA,set_longlines,0.4997,0,1,Set Longlines
2017-09-01,2017,9,34.9,-121.3,USA,fishing,0.6583,0,1,Fishing
2017-09-01,2017,9,34.9,-121.1,USA,other_purse_seines,0.1502,0,1,Other Purse Seines
2017-09-01,2017,9,34.9,-120.7,USA,fishing,6.7858,6.7858,1,Fishing
2017-09-01,2017,9,35,-121.2,USA,fishing,2.1174,0,3,Fishing
2017-09-01,2017,9,35,-121.3,USA,fishing,0.1502,0,1,Fishing
2017-09-01,2017,9,35,-120.9,USA,other_purse_seines,0.333,0,1,Other Purse Seines
2017-09-01,2017,9,35,-121.4,USA,set_longlines,0.523,0,1,Set Longlines
2017-09-01,2017,9,35,-121.3,USA,set_longlines,1.7663,0,1,Set Longlines
2017-09-01,2017,9,35,-121,USA,other_purse_seines,0.4244,0,1,Other Purse Seines
2017-09-01,2017,9,35,-121.1,USA,fishing,0.1419,0,2,Fishing
2017-09-01,2017,9,35,-120.7,USA,fishing,1.9752,1.833,1,Fishing
2017-09-01,2017,9,35,-121.2,USA,set_longlines,0.1247,0,1,Set Longlines
2017-09-01,2017,9,35.1,-120.8,USA,fishing,75.1836,0.3411,1,Fishing
2017-10-01,2017,10,34.1,-121.1,USA,trawlers,0.7105,0,1,Trawlers
2017-10-01,2017,10,34.1,-120.8,USA,drifting_longlines,0.9,0,1,Drifting Longlines
2017-10-01,2017,10,34.1,-120.9,USA,drifting_longlines,0.1358,0,1,Drifting Longlines
2017-10-01,2017,10,34.1,-120.7,USA,trawlers,0.4794,0,1,Trawlers
2017-10-01,2017,10,34.1,-120.9,USA,trawlers,0.3672,0,1,Trawlers
2017-10-01,2017,10,34.2,-120.9,USA,trawlers,0.7666,0,1,Trawlers
2017-10-01,2017,10,34.2,-121,USA,drifting_longlines,0.1827,0,1,Drifting Longlines
2017-10-01,2017,10,34.2,-120.8,USA,set_longlines,11.1413,0,1,Set Longlines
2017-10-01,2017,10,34.2,-120.6,USA,fishing,0.2994,0,1,Fishing
2017-10-01,2017,10,34.3,-120.6,USA,trawlers,2.5608,1.4919,2,Trawlers
2017-10-01,2017,10,34.3,-121.1,USA,drifting_longlines,0.2041,0,1,Drifting Longlines
2017-10-01,2017,10,34.3,-121,USA,drifting_longlines,0.8141,0,1,Drifting Longlines
2017-10-01,2017,10,34.3,-120.4,USA,set_longlines,0.3661,0,1,Set Longlines
2017-10-01,2017,10,34.3,-120.8,USA,fishing,0.3258,0,1,Fishing
2017-10-01,2017,10,34.4,-120.8,USA,set_longlines,0.0583,0,1,Set Longlines
2017-10-01,2017,10,34.4,-120.9,USA,set_longlines,10.0263,7.378,1,Set Longlines
2017-10-01,2017,10,34.4,-120.8,USA,trawlers,0.5658,0.3183,1,Trawlers
2017-10-01,2017,10,34.4,-120.5,USA,fishing,51.6486,0.4008,5,Fishing
2017-10-01,2017,10,34.4,-120,USA,purse_seines,0.6833,0,1,Purse Seines
2017-10-01,2017,10,34.4,-120.6,USA,other_purse_seines,1.2988,0,2,Other Purse Seines
2017-10-01,2017,10,34.4,-120.4,USA,other_purse_seines,5.2272,0,2,Other Purse Seines
2017-10-01,2017,10,34.4,-120.7,USA,fishing,1.275,0,1,Fishing
2017-10-01,2017,10,34.4,-120.4,USA,trawlers,0.6641,0,1,Trawlers
2017-10-01,2017,10,34.4,-120.4,USA,purse_seines,19.0883,0,1,Purse Seines
2017-10-01,2017,10,34.4,-120.9,USA,trawlers,0.0913,0.0913,1,Trawlers
2017-10-01,2017,10,34.4,-120.5,USA,purse_seines,0.4408,0,1,Purse Seines
2017-10-01,2017,10,34.4,-120.4,USA,fishing,46.1708,19.3763,6,Fishing
2017-10-01,2017,10,34.4,-120.3,USA,fishing,9.3675,2.5383,5,Fishing
2017-10-01,2017,10,34.5,-120.7,USA,other_purse_seines,0.7677,0,1,Other Purse Seines
2017-10-01,2017,10,34.5,-120.6,USA,trawlers,10.8444,10.8444,1,Trawlers
2017-10-01,2017,10,34.5,-121.2,USA,drifting_longlines,0.6786,0,1,Drifting Longlines
2017-10-01,2017,10,34.5,-120.6,USA,fishing,13.5638,4.4163,5,Fishing
2017-10-01,2017,10,34.5,-120.8,USA,trawlers,1.7041,0.1786,2,Trawlers
2017-10-01,2017,10,34.5,-120.9,USA,fishing,0.8086,0,1,Fishing
2017-10-01,2017,10,34.5,-120.9,USA,trawlers,3.3724,2.0561,2,Trawlers
2017-10-01,2017,10,34.5,-121.3,USA,drifting_longlines,0.4558,0,1,Drifting Longlines
2017-10-01,2017,10,34.6,-120.8,USA,other_purse_seines,0.5997,0,1,Other Purse Seines
2017-10-01,2017,10,34.6,-120.9,USA,trawlers,2.0225,0.6608,1,Trawlers
2017-10-01,2017,10,34.6,-121,USA,set_longlines,0.8505,0,1,Set Longlines
2017-10-01,2017,10,34.6,-121.4,USA,drifting_longlines,0.7444,0,1,Drifting Longlines
2017-10-01,2017,10,34.6,-120.8,USA,trawlers,1.7683,0,2,Trawlers
2017-10-01,2017,10,34.7,-121,USA,set_longlines,0.7733,0,1,Set Longlines
2017-10-01,2017,10,34.7,-120.8,USA,other_purse_seines,0.6336,0,1,Other Purse Seines
2017-10-01,2017,10,34.7,-121.4,USA,drifting_longlines,0.1691,0,1,Drifting Longlines
2017-10-01,2017,10,34.7,-120.8,USA,trawlers,1.3872,0,2,Trawlers
2017-10-01,2017,10,34.7,-120.8,USA,fishing,0.4091,0,1,Fishing
2017-10-01,2017,10,34.7,-121.1,USA,fishing,0.3672,0,1,Fishing
2017-10-01,2017,10,34.8,-121.2,USA,fishing,0.1083,0,1,Fishing
2017-10-01,2017,10,34.8,-121.6,USA,fishing,16.9858,11.3711,1,Fishing
2017-10-01,2017,10,34.8,-121.3,USA,fishing,0.8072,0,1,Fishing
2017-10-01,2017,10,34.8,-121.6,USA,drifting_longlines,1.025,0,1,Drifting Longlines
2017-10-01,2017,10,34.8,-121.2,USA,trawlers,0.4277,0,1,Trawlers
2017-10-01,2017,10,34.8,-121,USA,fishing,1.4152,0,2,Fishing
2017-10-01,2017,10,34.8,-120.8,USA,trawlers,2.1672,0.7333,1,Trawlers
2017-10-01,2017,10,34.8,-121,USA,trawlers,3.1086,0.9605,2,Trawlers
2017-10-01,2017,10,34.8,-121,USA,set_longlines,0.9411,0,1,Set Longlines
2017-10-01,2017,10,34.8,-120.7,USA,fishing,4.985,2.2244,1,Fishing
2017-10-01,2017,10,34.8,-121.5,USA,fishing,2.4588,1.105,1,Fishing
2017-10-01,2017,10,34.9,-121,USA,fishing,1.0836,0,2,Fishing
2017-10-01,2017,10,34.9,-121.5,USA,fishing,0.5777,0,1,Fishing
2017-10-01,2017,10,34.9,-121.2,USA,fishing,1.1972,0,2,Fishing
2017-10-01,2017,10,34.9,-121,USA,set_longlines,0.7333,0,1,Set Longlines
2017-10-01,2017,10,34.9,-121.4,USA,fishing,0.3691,0,1,Fishing
2017-10-01,2017,10,34.9,-120.9,USA,other_purse_seines,0.7333,0,1,Other Purse Seines
2017-10-01,2017,10,34.9,-121.1,USA,trawlers,1.7369,0.6527,1,Trawlers
2017-10-01,2017,10,34.9,-120.8,USA,other_purse_seines,0.0255,0,1,Other Purse Seines
2017-10-01,2017,10,34.9,-121.3,USA,fishing,1.3713,0,1,Fishing
2017-10-01,2017,10,34.9,-120.7,USA,fishing,4.0497,2.1663,1,Fishing
2017-10-01,2017,10,34.9,-121.2,USA,trawlers,2.7522,1.4522,1,Trawlers
2017-10-01,2017,10,35,-121,USA,trawlers,1.1925,0,2,Trawlers
2017-10-01,2017,10,35,-121.3,USA,fishing,1.1188,0,2,Fishing
2017-10-01,2017,10,35,-121.4,USA,fishing,0.8697,0,1,Fishing
2017-10-01,2017,10,35,-121.1,USA,trawlers,0.2919,0,1,Trawlers
2017-10-01,2017,10,35,-120.8,USA,trawlers,1.3161,0.9661,2,Trawlers
2017-10-01,2017,10,35,-120.8,USA,fishing,1.4577,0,1,Fishing
2017-10-01,2017,10,35.1,-120.8,USA,fishing,36.1944,0.125,2,Fishing
2017-10-01,2017,10,34,-120.8,USA,trawlers,2.2944,1.0752,2,Trawlers
2017-10-01,2017,10,34,-120.9,USA,trawlers,0.3494,0,1,Trawlers
2017-10-01,2017,10,34.1,-121,USA,trawlers,1.9386,0,1,Trawlers
2017-10-01,2017,10,34.2,-120.6,USA,trawlers,4.5272,2.3319,2,Trawlers
2017-10-01,2017,10,34.2,-120.6,USA,set_longlines,0.325,0,1,Set Longlines
2017-10-01,2017,10,34.2,-120.7,USA,trawlers,4.0641,2.3124,2,Trawlers
2017-10-01,2017,10,34.2,-121,USA,trawlers,0.5008,0,1,Trawlers
2017-10-01,2017,10,34.2,-120.7,USA,set_longlines,0.533,0,1,Set Longlines
2017-10-01,2017,10,34.2,-120.9,USA,drifting_longlines,0.8338,0,1,Drifting Longlines
2017-10-01,2017,10,34.2,-120.8,USA,trawlers,0.65,0,1,Trawlers
2017-10-01,2017,10,34.3,-120.7,USA,trawlers,1.6983,1.368,1,Trawlers
2017-10-01,2017,10,34.3,-120.4,USA,trawlers,4.5802,2.0094,2,Trawlers
2017-10-01,2017,10,34.3,-120.7,USA,fishing,0.7324,0,1,Fishing
2017-10-01,2017,10,34.3,-120.4,USA,fishing,0.2577,0,1,Fishing
2017-10-01,2017,10,34.3,-120.5,USA,trawlers,3.9672,2.563,2,Trawlers
2017-10-01,2017,10,34.3,-120.6,USA,fishing,0.4422,0,1,Fishing
2017-10-01,2017,10,34.4,-120.8,USA,fishing,1.9102,0,2,Fishing
2017-10-01,2017,10,34.4,-120.6,USA,fishing,7.3613,1.0533,4,Fishing
2017-10-01,2017,10,34.4,-121.2,USA,drifting_longlines,0.1991,0,1,Drifting Longlines
2017-10-01,2017,10,34.4,-120.3,USA,purse_seines,2.173,0.2894,1,Purse Seines
2017-10-01,2017,10,34.4,-120.9,USA,fishing,28.7486,20.2522,2,Fishing
2017-10-01,2017,10,34.4,-121,USA,set_longlines,3.9983,2.4572,1,Set Longlines
2017-10-01,2017,10,34.4,-120.5,USA,trawlers,0.4941,0,2,Trawlers
2017-10-01,2017,10,34.4,-120.3,USA,other_purse_seines,1.8758,0,2,Other Purse Seines
2017-10-01,2017,10,34.4,-121,USA,fishing,3.4316,2.7511,1,Fishing
2017-10-01,2017,10,34.4,-120.7,USA,trawlers,4.9969,3.7619,2,Trawlers
2017-10-01,2017,10,34.4,-120,USA,fishing,5.1266,0.2341,5,Fishing
2017-10-01,2017,10,34.4,-120.3,USA,trawlers,11.9197,0,2,Trawlers
2017-10-01,2017,10,34.4,-120.5,USA,other_purse_seines,3.5536,0,2,Other Purse Seines
2017-10-01,2017,10,34.4,-121.1,USA,drifting_longlines,0.7652,0,1,Drifting Longlines
2017-10-01,2017,10,34.4,-120.6,USA,trawlers,3.3302,0.2583,2,Trawlers
2017-10-01,2017,10,34.4,-120,USA,trawlers,1.1683,0,2,Trawlers
2017-10-01,2017,10,34.5,-120.7,USA,trawlers,3.0652,0.6413,2,Trawlers
2017-10-01,2017,10,34.5,-121,USA,set_longlines,1.1977,0,1,Set Longlines
2017-10-01,2017,10,34.5,-121,USA,fishing,0.2161,0,1,Fishing
2017-10-01,2017,10,34.5,-121,USA,trawlers,0.5436,0.1269,1,Trawlers
2017-10-01,2017,10,34.5,-120.6,USA,other_purse_seines,0.5255,0,1,Other Purse Seines
2017-10-01,2017,10,34.5,-120.7,USA,fishing,16.2688,2.0972,4,Fishing
2017-10-01,2017,10,34.5,-120.8,USA,other_purse_seines,0.2327,0,1,Other Purse Seines
2017-10-01,2017,10,34.6,-120.8,USA,fishing,1.5519,0,2,Fishing
2017-10-01,2017,10,34.6,-121,USA,trawlers,6.7513,4.3438,2,Trawlers
2017-10-01,2017,10,34.6,-121,USA,fishing,1.025,0,1,Fishing
2017-10-01,2017,10,34.6,-121.3,USA,drifting_longlines,0.4163,0,1,Drifting Longlines
2017-10-01,2017,10,34.6,-121.5,USA,fishing,6.648,4.7749,1,Fishing
2017-10-01,2017,10,34.6,-120.7,USA,fishing,0.1505,0,1,Fishing
2017-10-01,2017,10,34.7,-121.5,USA,fishing,13.0477,12.4002,1,Fishing
2017-10-01,2017,10,34.7,-120.7,USA,fishing,1.8738,0.9991,2,Fishing
2017-10-01,2017,10,34.7,-121.5,USA,drifting_longlines,0.8366,0,1,Drifting Longlines
2017-10-01,2017,10,34.7,-121,USA,trawlers,1.1808,0.2138,1,Trawlers
2017-10-01,2017,10,34.7,-121.4,USA,fishing,1.0222,0,1,Fishing
2017-10-01,2017,10,34.7,-121.1,USA,trawlers,1.865,0.773,2,Trawlers
2017-10-01,2017,10,34.7,-121.6,USA,drifting_longlines,0.055,0,1,Drifting Longlines
2017-10-01,2017,10,34.7,-120.9,USA,trawlers,2.1705,0.1666,2,Trawlers
2017-10-01,2017,10,34.7,-121.6,USA,fishing,22.9024,16.2422,1,Fishing
2017-10-01,2017,10,34.7,-120.9,USA,fishing,1.4163,0,2,Fishing
2017-10-01,2017,10,34.7,-121,USA,fishing,0.2833,0,1,Fishing
2017-10-01,2017,10,34.8,-121.1,USA,fishing,0.8333,0,1,Fishing
2017-10-01,2017,10,34.8,-120.8,USA,other_purse_seines,0.7083,0,1,Other Purse Seines
2017-10-01,2017,10,34.8,-121.4,USA,fishing,0.8922,0,1,Fishing
2017-10-01,2017,10,34.8,-120.9,USA,fishing,0.3755,0,2,Fishing
2017-10-01,2017,10,34.8,-120.8,USA,fishing,1.0577,0,1,Fishing
2017-10-01,2017,10,34.8,-120.9,USA,trawlers,2.7305,0,2,Trawlers
2017-10-01,2017,10,34.8,-121.1,USA,trawlers,2.1322,1.118,2,Trawlers
2017-10-01,2017,10,34.8,-120.7,USA,trawlers,9.9566,2.4441,1,Trawlers
2017-10-01,2017,10,34.9,-120.9,USA,trawlers,2.8252,1.1494,2,Trawlers
2017-10-01,2017,10,34.9,-120.8,USA,fishing,3.9508,1.6502,2,Fishing
2017-10-01,2017,10,34.9,-121.6,USA,fishing,3.4505,1.7666,1,Fishing
2017-10-01,2017,10,34.9,-121.1,USA,fishing,0.4011,0,2,Fishing
2017-10-01,2017,10,34.9,-121,USA,trawlers,1.7544,0,2,Trawlers
2017-10-01,2017,10,34.9,-120.8,USA,trawlers,2.6502,1.855,2,Trawlers
2017-10-01,2017,10,35,-121.2,USA,fishing,1.8697,0,2,Fishing
2017-10-01,2017,10,35,-121.5,USA,fishing,0.1658,0,1,Fishing
2017-10-01,2017,10,35,-120.9,USA,other_purse_seines,0.683,0,1,Other Purse Seines
2017-10-01,2017,10,35,-120.9,USA,trawlers,4.7866,0.4975,2,Trawlers
2017-10-01,2017,10,35,-121,USA,set_longlines,2.1894,0,1,Set Longlines
2017-10-01,2017,10,35,-120.7,USA,fishing,0.8,0,1,Fishing
2017-10-01,2017,10,35,-121.1,USA,fishing,3.7238,0,2,Fishing
2017-10-01,2017,10,35.1,-120.7,USA,fishing,0.0583,0,1,Fishing
2017-11-01,2017,11,33.9,-121,USA,drifting_longlines,1.0666,0,1,Drifting Longlines
2017-11-01,2017,11,33.9,-120.9,USA,drifting_longlines,0.7916,0,1,Drifting Longlines
2017-11-01,2017,11,34,-121.2,USA,fishing,1.1127,0,1,Fishing
2017-11-01,2017,11,34,-121.1,USA,fishing,0.2244,0,1,Fishing
2017-11-01,2017,11,34,-121.3,USA,drifting_longlines,1.0669,0,1,Drifting Longlines
2017-11-01,2017,11,34.2,-120.6,USA,set_longlines,0.9,0,1,Set Longlines
2017-11-01,2017,11,34.2,-121.4,USA,fishing,1.0055,0,1,Fishing
2017-11-01,2017,11,34.2,-120.8,USA,set_longlines,1.1736,0,1,Set Longlines
2017-11-01,2017,11,34.2,-121.3,USA,fishing,0.5627,0,1,Fishing
2017-11-01,2017,11,34.3,-120.6,USA,set_longlines,1.1919,0,1,Set Longlines
2017-11-01,2017,11,34.3,-120.5,USA,other_purse_seines,0.0672,0,1,Other Purse Seines
2017-11-01,2017,11,34.3,-121,USA,set_longlines,14.2061,3.525,1,Set Longlines
2017-11-01,2017,11,34.3,-121.5,USA,fishing,0.7666,0,1,Fishing
2017-11-01,2017,11,34.3,-120.4,USA,set_longlines,0.8755,0,1,Set Longlines
2017-11-01,2017,11,34.3,-120.4,USA,fishing,0.0919,0,1,Fishing
2017-11-01,2017,11,34.4,-120.3,USA,other_purse_seines,0.9594,0,2,Other Purse Seines
2017-11-01,2017,11,34.4,-120.4,USA,fishing,17.5391,7.7186,2,Fishing
2017-11-01,2017,11,34.4,-120,USA,other_purse_seines,0.5922,0,1,Other Purse Seines
2017-11-01,2017,11,34.4,-120.9,USA,fishing,2.2963,1.5972,1,Fishing
2017-11-01,2017,11,34.4,-120.3,USA,fishing,20.0636,10.8363,2,Fishing
2017-11-01,2017,11,34.4,-120.5,USA,fishing,48.6308,0,1,Fishing
2017-11-01,2017,11,34.5,-120.6,USA,fishing,11.333,1.1908,1,Fishing
2017-11-01,2017,11,34.5,-120.7,USA,fishing,13.9283,1.8544,1,Fishing
2017-11-01,2017,11,34.5,-120.8,USA,other_purse_seines,0.6316,0,1,Other Purse Seines
2017-11-01,2017,11,34.6,-120.8,USA,other_purse_seines,0.6583,0,1,Other Purse Seines
2017-11-01,2017,11,34.7,-120.8,USA,other_purse_seines,0.5747,0,1,Other Purse Seines
2017-11-01,2017,11,34.9,-120.8,USA,other_purse_seines,0.2413,0,1,Other Purse Seines
2017-11-01,2017,11,35,-120.9,USA,other_purse_seines,0.7497,0,1,Other Purse Seines
2017-11-01,2017,11,33.9,-121.1,USA,fishing,1.1705,0,1,Fishing
2017-11-01,2017,11,33.9,-121.1,USA,drifting_longlines,0.5838,0,1,Drifting Longlines
2017-11-01,2017,11,33.9,-121,USA,fishing,0.1777,0,1,Fishing
2017-11-01,2017,11,34,-121.2,USA,drifting_longlines,1.1161,0,1,Drifting Longlines
2017-11-01,2017,11,34,-121.1,USA,drifting_longlines,0.358,0,1,Drifting Longlines
2017-11-01,2017,11,34.1,-121.4,USA,drifting_longlines,0.8502,0,1,Drifting Longlines
2017-11-01,2017,11,34.1,-121.3,USA,fishing,1.0291,0,1,Fishing
2017-11-01,2017,11,34.1,-121.2,USA,fishing,0.3811,0,1,Fishing
2017-11-01,2017,11,34.3,-120.7,USA,set_longlines,0.2666,0,1,Set Longlines
2017-11-01,2017,11,34.3,-120.4,USA,other_purse_seines,0.0333,0,1,Other Purse Seines
2017-11-01,2017,11,34.3,-120.6,USA,other_purse_seines,0.2408,0,1,Other Purse Seines
2017-11-01,2017,11,34.3,-121.4,USA,fishing,0.5908,0,1,Fishing
2017-11-01,2017,11,34.3,-120.5,USA,set_longlines,0.7166,0,1,Set Longlines
2017-11-01,2017,11,34.4,-120.6,USA,other_purse_seines,0.9658,0,2,Other Purse Seines
2017-11-01,2017,11,34.4,-120.7,USA,other_purse_seines,0.6305,0,1,Other Purse Seines
2017-11-01,2017,11,34.4,-120.6,USA,fishing,10.8319,0.9663,1,Fishing
2017-11-01,2017,11,34.4,-120.7,USA,fishing,0.3336,0,1,Fishing
2017-11-01,2017,11,34.4,-120.8,USA,fishing,0.4833,0,1,Fishing
2017-11-01,2017,11,34.4,-120.5,USA,other_purse_seines,1.8933,0,2,Other Purse Seines
2017-11-01,2017,11,34.4,-120.8,USA,other_purse_seines,0.7441,0,1,Other Purse Seines
2017-11-01,2017,11,34.4,-120.9,USA,other_purse_seines,0.7997,0,1,Other Purse Seines
2017-11-01,2017,11,34.4,-120,USA,fishing,1.5794,0,1,Fishing
2017-11-01,2017,11,34.4,-120.4,USA,other_purse_seines,2.4436,0,2,Other Purse Seines
2017-11-01,2017,11,34.4,-121.5,USA,fishing,0.7561,0,1,Fishing
2017-11-01,2017,11,34.5,-120.8,USA,fishing,0.6225,0,1,Fishing
2017-11-01,2017,11,34.5,-120.6,USA,other_purse_seines,2.3055,0,1,Other Purse Seines
2017-11-01,2017,11,34.8,-120.8,USA,other_purse_seines,0.6658,0,1,Other Purse Seines
2017-11-01,2017,11,34.9,-120.9,USA,other_purse_seines,0.5738,0,1,Other Purse Seines
2017-12-01,2017,12,34,-120.9,USA,drifting_longlines,0.6786,0,1,Drifting Longlines
2017-12-01,2017,12,34,-121.1,USA,drifting_longlines,0.6891,0,1,Drifting Longlines
2017-12-01,2017,12,34,-121.2,USA,drifting_longlines,0.3497,0,1,Drifting Longlines
2017-12-01,2017,12,34.1,-121.3,USA,drifting_longlines,0.5777,0,1,Drifting Longlines
2017-12-01,2017,12,34.1,-120.7,USA,pole_and_line,9.7922,9.1402,1,Pole and Line
2017-12-01,2017,12,34.2,-120.9,USA,fishing,0.3419,0,1,Fishing
2017-12-01,2017,12,34.3,-120.9,USA,fishing,3.1375,1.4219,1,Fishing
2017-12-01,2017,12,34.3,-120.7,USA,set_longlines,0.5997,0,1,Set Longlines
2017-12-01,2017,12,34.3,-120.4,USA,other_purse_seines,0.9094,0,1,Other Purse Seines
2017-12-01,2017,12,34.3,-120.8,USA,set_longlines,14.0113,0,1,Set Longlines
2017-12-01,2017,12,34.3,-120.8,USA,pole_and_line,19.5341,15.9769,1,Pole and Line
2017-12-01,2017,12,34.3,-120.5,USA,other_purse_seines,0.1583,0,1,Other Purse Seines
2017-12-01,2017,12,34.3,-120.6,USA,pole_and_line,1.51,0,1,Pole and Line
2017-12-01,2017,12,34.3,-120.8,USA,fishing,1.4263,0,1,Fishing
2017-12-01,2017,12,34.3,-120.4,USA,pole_and_line,1.6175,0,1,Pole and Line
2017-12-01,2017,12,34.3,-120.5,USA,set_longlines,6.2111,0,1,Set Longlines
2017-12-01,2017,12,34.3,-121,USA,fishing,5.9625,4.7633,1,Fishing
2017-12-01,2017,12,34.4,-120.3,USA,fishing,1.3083,0,1,Fishing
2017-12-01,2017,12,34.4,-120.8,USA,pole_and_line,1.4827,1.1724,1,Pole and Line
2017-12-01,2017,12,34.4,-120.5,USA,fishing,17.1619,0,1,Fishing
2017-12-01,2017,12,34.4,-120.5,USA,other_purse_seines,1.6238,0,1,Other Purse Seines
2017-12-01,2017,12,34.5,-120.6,USA,fishing,4.3552,1.5002,1,Fishing
2017-12-01,2017,12,34,-121,USA,drifting_longlines,0.6358,0,1,Drifting Longlines
2017-12-01,2017,12,34,-120.8,USA,drifting_longlines,0.1463,0,1,Drifting Longlines
2017-12-01,2017,12,34.1,-121.4,USA,drifting_longlines,0.6716,0,1,Drifting Longlines
2017-12-01,2017,12,34.1,-121.2,USA,drifting_longlines,0.3338,0,1,Drifting Longlines
2017-12-01,2017,12,34.2,-120.6,USA,pole_and_line,0.6766,0,1,Pole and Line
2017-12-01,2017,12,34.2,-120.8,USA,pole_and_line,3.2258,2.1666,1,Pole and Line
2017-12-01,2017,12,34.2,-120.7,USA,pole_and_line,3.3266,2.1738,1,Pole and Line
2017-12-01,2017,12,34.2,-120.7,USA,fishing,0.083,0,1,Fishing
2017-12-01,2017,12,34.2,-120.8,USA,fishing,0.458,0,1,Fishing
2017-12-01,2017,12,34.2,-121,USA,fishing,14.1074,11.2027,1,Fishing
2017-12-01,2017,12,34.2,-120.6,USA,fishing,0.1919,0,1,Fishing
2017-12-01,2017,12,34.3,-120.6,USA,fishing,1.6002,0,1,Fishing
2017-12-01,2017,12,34.3,-120.4,USA,set_longlines,1.2741,0,1,Set Longlines
2017-12-01,2017,12,34.3,-121,USA,set_longlines,9.265,1.4161,1,Set Longlines
2017-12-01,2017,12,34.3,-120.4,USA,fishing,1.7422,0,1,Fishing
2017-12-01,2017,12,34.3,-120.5,USA,fishing,1.7888,0,1,Fishing
2017-12-01,2017,12,34.3,-120.7,USA,fishing,1.9261,0,1,Fishing
2017-12-01,2017,12,34.3,-120.5,USA,pole_and_line,1.8319,0,1,Pole and Line
2017-12-01,2017,12,34.3,-120.6,USA,set_longlines,2.5241,0,1,Set Longlines
2017-12-01,2017,12,34.3,-120.7,USA,pole_and_line,0.9255,0,1,Pole and Line
2017-12-01,2017,12,34.3,-120.9,USA,set_longlines,0.4011,0,1,Set Longlines
2017-12-01,2017,12,34.4,-120,USA,fishing,1.2494,0,1,Fishing
2017-12-01,2017,12,34.4,-120.9,USA,pole_and_line,1.9172,1.5416,1,Pole and Line
2017-12-01,2017,12,34.4,-120.4,USA,fishing,1.3908,0,1,Fishing
2017-12-01,2017,12,34.4,-120.6,USA,fishing,4.8558,0,1,Fishing
2017-12-01,2017,12,34.4,-120.4,USA,other_purse_seines,0.5416,0,1,Other Purse Seines
2017-12-01,2017,12,34.5,-120.7,USA,fishing,10.2858,3.2486,1,Fishing
2017-12-01,2017,12,34.5,-120.8,USA,fishing,1.4422,0.5172,1,Fishing
2018-01-01,2018,1,34,-120.8,CAN,trawlers,0.6008,0,1,Trawlers
2018-01-01,2018,1,34,-120.9,CAN,trawlers,0.0716,0,1,Trawlers
2018-01-01,2018,1,34.3,-120.9,CAN,trawlers,0.6583,0,1,Trawlers
2018-01-01,2018,1,34.4,-121,CAN,trawlers,0.0863,0,1,Trawlers
2018-01-01,2018,1,34.4,-120.9,CAN,trawlers,0.5194,0,1,Trawlers
2018-01-01,2018,1,34.9,-121,CAN,trawlers,0.7113,0,1,Trawlers
2018-01-01,2018,1,33.9,-121.3,USA,drifting_longlines,0.5122,0,1,Drifting Longlines
2018-01-01,2018,1,33.9,-121.1,USA,drifting_longlines,0.2833,0,1,Drifting Longlines
2018-01-01,2018,1,34.2,-120.7,USA,fishing,0.3327,0,1,Fishing
2018-01-01,2018,1,34.2,-120.7,USA,pole_and_line,0.4005,0,1,Pole and Line
2018-01-01,2018,1,34.2,-120.8,USA,pole_and_line,9.1919,8.8611,1,Pole and Line
2018-01-01,2018,1,34.2,-120.9,USA,fishing,8.8519,8.2924,1,Fishing
2018-01-01,2018,1,34.2,-120.6,USA,set_longlines,0.3344,0,1,Set Longlines
2018-01-01,2018,1,34.2,-120.6,USA,pole_and_line,0.3658,0,1,Pole and Line
2018-01-01,2018,1,34.3,-120.7,USA,pole_and_line,0.7575,0,1,Pole and Line
2018-01-01,2018,1,34.3,-120.7,USA,fishing,1.4719,0,1,Fishing
2018-01-01,2018,1,34.3,-120.8,USA,set_longlines,0.3666,0,1,Set Longlines
2018-01-01,2018,1,34.3,-120.8,USA,pole_and_line,9.9897,7.1483,1,Pole and Line
2018-01-01,2018,1,34.3,-120.5,USA,purse_seines,0.6661,0,1,Purse Seines
2018-01-01,2018,1,34.3,-120.6,USA,purse_seines,0.3611,0,1,Purse Seines
2018-01-01,2018,1,34.3,-120.5,USA,fishing,2.0075,0,1,Fishing
2018-01-01,2018,1,34.4,-120.3,USA,fishing,7.6972,0,4,Fishing
2018-01-01,2018,1,34.4,-120.7,USA,pole_and_line,0.7166,0,1,Pole and Line
2018-01-01,2018,1,34.4,-120.8,USA,pole_and_line,0.525,0,1,Pole and Line
2018-01-01,2018,1,34.4,-120.7,USA,purse_seines,0.7158,0,1,Purse Seines
2018-01-01,2018,1,34.4,-120.7,USA,fishing,0.5313,0,1,Fishing
2018-01-01,2018,1,34.5,-120.7,USA,fishing,13.3897,7.3122,3,Fishing
2018-01-01,2018,1,34.5,-120.6,USA,fishing,3.5355,1.8002,1,Fishing
2018-01-01,2018,1,34.5,-120.8,USA,fishing,0.1677,0,1,Fishing
2018-01-01,2018,1,34.6,-121,USA,purse_seines,0.1444,0,1,Purse Seines
2018-01-01,2018,1,34.6,-120.8,USA,fishing,0.8,0,1,Fishing
2018-01-01,2018,1,34.7,-121.1,USA,purse_seines,0.0363,0,1,Purse Seines
2018-01-01,2018,1,34.8,-120.9,USA,fishing,1.0166,0,2,Fishing
2018-01-01,2018,1,34.9,-121.1,USA,purse_seines,0.1641,0,1,Purse Seines
2018-01-01,2018,1,34.1,-120.9,CAN,trawlers,0.6666,0,1,Trawlers
2018-01-01,2018,1,34.2,-120.9,CAN,trawlers,0.6636,0,1,Trawlers
2018-01-01,2018,1,34.5,-121,CAN,trawlers,0.6663,0,1,Trawlers
2018-01-01,2018,1,34.6,-121,CAN,trawlers,0.5833,0,1,Trawlers
2018-01-01,2018,1,34.7,-121,CAN,trawlers,0.6141,0,1,Trawlers
2018-01-01,2018,1,34.8,-121,CAN,trawlers,0.6361,0,1,Trawlers
2018-01-01,2018,1,35,-121.1,CAN,trawlers,0.6858,0,1,Trawlers
2018-01-01,2018,1,35,-121.2,CAN,trawlers,0.0836,0,1,Trawlers
2018-01-01,2018,1,35,-121,CAN,trawlers,0.2694,0,1,Trawlers
2018-01-01,2018,1,33.9,-121.2,USA,drifting_longlines,0.6994,0,1,Drifting Longlines
2018-01-01,2018,1,34.1,-120.9,USA,fishing,0.9708,0.9708,1,Fishing
2018-01-01,2018,1,34.1,-120.7,USA,pole_and_line,0.8872,0.6583,1,Pole and Line
2018-01-01,2018,1,34.1,-120.8,USA,pole_and_line,3.9141,3.9141,1,Pole and Line
2018-01-01,2018,1,34.2,-121,USA,fishing,4.8294,4.8294,1,Fishing
2018-01-01,2018,1,34.2,-120.7,USA,set_longlines,12.9975,0,1,Set Longlines
2018-01-01,2018,1,34.2,-120.8,USA,fishing,0.4163,0,1,Fishing
2018-01-01,2018,1,34.3,-120.9,USA,fishing,5.3938,3.7047,1,Fishing
2018-01-01,2018,1,34.3,-120.6,USA,set_longlines,0.3416,0,1,Set Longlines
2018-01-01,2018,1,34.3,-120.9,USA,set_longlines,0.1088,0,1,Set Longlines
2018-01-01,2018,1,34.3,-120.6,USA,fishing,1.7622,0,1,Fishing
2018-01-01,2018,1,34.3,-120.5,USA,pole_and_line,1.2755,0,1,Pole and Line
2018-01-01,2018,1,34.3,-120.5,USA,set_longlines,0.125,0,1,Set Longlines
2018-01-01,2018,1,34.3,-120.7,USA,set_longlines,0.2583,0,1,Set Longlines
2018-01-01,2018,1,34.3,-120.6,USA,pole_and_line,0.8508,0,1,Pole and Line
2018-01-01,2018,1,34.3,-120.4,USA,purse_seines,0.6611,0,1,Purse Seines
2018-01-01,2018,1,34.3,-121,USA,fishing,4.0174,3.9191,1,Fishing
2018-01-01,2018,1,34.3,-120.9,USA,pole_and_line,8.1613,7.0097,1,Pole and Line
2018-01-01,2018,1,34.3,-120.8,USA,fishing,1.5224,0,1,Fishing
2018-01-01,2018,1,34.3,-120.4,USA,fishing,1.845,0,1,Fishing
2018-01-01,2018,1,34.3,-120.4,USA,pole_and_line,1.2349,0,1,Pole and Line
2018-01-01,2018,1,34.4,-120.4,USA,fishing,4.0405,0,3,Fishing
2018-01-01,2018,1,34.4,-120.6,USA,purse_seines,0.2566,0,1,Purse Seines
2018-01-01,2018,1,34.4,-120.6,USA,fishing,9.6224,4.3877,3,Fishing
2018-01-01,2018,1,34.4,-120.5,USA,pole_and_line,0.0586,0,1,Pole and Line
2018-01-01,2018,1,34.4,-120.8,USA,purse_seines,0.4422,0,1,Purse Seines
2018-01-01,2018,1,34.4,-120.5,USA,fishing,18.9274,0.378,3,Fishing
2018-01-01,2018,1,34.4,-120.6,USA,pole_and_line,0.8413,0,1,Pole and Line
2018-01-01,2018,1,34.4,-120.9,USA,pole_and_line,9.4925,8.3544,1,Pole and Line
2018-01-01,2018,1,34.4,-120,USA,fishing,2.7169,0,1,Fishing
2018-01-01,2018,1,34.5,-120.8,USA,purse_seines,0.5577,0,1,Purse Seines
2018-01-01,2018,1,34.5,-120.9,USA,purse_seines,0.2694,0,1,Purse Seines
2018-01-01,2018,1,34.6,-120.9,USA,purse_seines,0.7527,0,1,Purse Seines
2018-01-01,2018,1,34.7,-120.9,USA,fishing,2.7822,0,2,Fishing
2018-01-01,2018,1,34.7,-121,USA,purse_seines,0.8525,0,1,Purse Seines
2018-01-01,2018,1,34.8,-121.1,USA,purse_seines,0.9472,0,1,Purse Seines
2018-01-01,2018,1,34.8,-121,USA,fishing,0.6911,0,2,Fishing
2018-01-01,2018,1,34.9,-121.2,USA,purse_seines,0.7497,0,1,Purse Seines
2018-01-01,2018,1,34.9,-121,USA,fishing,1.6347,0,2,Fishing
2018-01-01,2018,1,35,-121.1,USA,fishing,1.5991,0,2,Fishing
2018-01-01,2018,1,35,-121.3,USA,purse_seines,0.4136,0,1,Purse Seines
2018-01-01,2018,1,35,-121.2,USA,purse_seines,0.503,0,1,Purse Seines
2018-02-01,2018,2,34.2,-120.7,USA,pole_and_line,0.9508,0,1,Pole and Line
2018-02-01,2018,2,34.2,-120.6,USA,pole_and_line,1.283,0,1,Pole and Line
2018-02-01,2018,2,34.3,-120.5,USA,pole_and_line,0.8438,0,1,Pole and Line
2018-02-01,2018,2,34.3,-120.6,USA,pole_and_line,0.7224,0,1,Pole and Line
2018-02-01,2018,2,34.3,-120.8,USA,pole_and_line,16.9486,15.7591,1,Pole and Line
2018-02-01,2018,2,34.3,-120.9,USA,pole_and_line,1.9997,1.9997,1,Pole and Line
2018-02-01,2018,2,34.5,-120.8,USA,trollers,0.2666,0,1,Trollers
2018-02-01,2018,2,34.7,-121.1,USA,trollers,0.9141,0,1,Trollers
2018-02-01,2018,2,34.8,-121.2,USA,trollers,0.9222,0,1,Trollers
2018-02-01,2018,2,34.9,-121.2,USA,trollers,0.0833,0,1,Trollers
2018-02-01,2018,2,34.9,-121.3,USA,trollers,0.7472,0,1,Trollers
2018-02-01,2018,2,35,-121.4,USA,trollers,0.4541,0,1,Trollers
2018-02-01,2018,2,34.1,-120.8,USA,pole_and_line,0.3005,0.2669,1,Pole and Line
2018-02-01,2018,2,34.1,-120.8,USA,set_longlines,0.475,0,1,Set Longlines
2018-02-01,2018,2,34.2,-120.8,USA,pole_and_line,13.7213,12.7455,1,Pole and Line
2018-02-01,2018,2,34.2,-120.7,USA,set_longlines,1.4475,0,1,Set Longlines
2018-02-01,2018,2,34.2,-120.6,USA,set_longlines,0.8669,0,1,Set Longlines
2018-02-01,2018,2,34.2,-120.8,USA,set_longlines,9.8155,0,1,Set Longlines
2018-02-01,2018,2,34.3,-120.4,USA,set_longlines,0.2916,0,1,Set Longlines
2018-02-01,2018,2,34.3,-120.7,USA,pole_and_line,1.1536,0,1,Pole and Line
2018-02-01,2018,2,34.3,-120.5,USA,trollers,0.6741,0,1,Trollers
2018-02-01,2018,2,34.3,-120.4,USA,trollers,0.5916,0,1,Trollers
2018-02-01,2018,2,34.3,-120.4,USA,pole_and_line,1.3666,0,1,Pole and Line
2018-02-01,2018,2,34.3,-120.5,USA,set_longlines,0.2575,0,1,Set Longlines
2018-02-01,2018,2,34.4,-120.6,USA,trollers,0.6702,0,1,Trollers
2018-02-01,2018,2,34.4,-120.7,USA,trollers,0.5752,0,1,Trollers
2018-02-01,2018,2,34.4,-120.8,USA,trollers,0.5916,0,1,Trollers
2018-02-01,2018,2,34.5,-120.9,USA,trollers,0.8166,0,1,Trollers
2018-02-01,2018,2,34.6,-120.9,USA,trollers,0.1619,0,1,Trollers
2018-02-01,2018,2,34.6,-121,USA,trollers,0.8749,0,1,Trollers
2018-02-01,2018,2,34.7,-121,USA,trollers,0.0433,0,1,Trollers
2018-02-01,2018,2,35,-121.3,USA,trollers,0.4163,0,1,Trollers
2018-03-01,2018,3,34,-120.8,CAN,trawlers,1.0022,0,1,Trawlers
2018-03-01,2018,3,34,-120.9,CAN,trawlers,0.1949,0,1,Trawlers
2018-03-01,2018,3,34.1,-120.9,CAN,trawlers,1.0722,0,1,Trawlers
2018-03-01,2018,3,34.2,-121,CAN,trawlers,0.4222,0,1,Trawlers
2018-03-01,2018,3,34.4,-121.1,CAN,trawlers,0.4233,0,1,Trawlers
2018-03-01,2018,3,34.5,-121.1,CAN,trawlers,0.763,0,1,Trawlers
2018-03-01,2018,3,34.5,-121.2,CAN,trawlers,0.155,0,1,Trawlers
2018-03-01,2018,3,34.7,-121,CAN,trawlers,0.5836,0,1,Trawlers
2018-03-01,2018,3,34.8,-120.9,CAN,trawlers,0.4313,0,1,Trawlers
2018-03-01,2018,3,34.9,-121,CAN,trawlers,0.7133,0,1,Trawlers
2018-03-01,2018,3,34,-120.9,USA,pole_and_line,17.5927,14.9961,1,Pole and Line
2018-03-01,2018,3,34.2,-120.7,USA,set_longlines,0.1833,0,1,Set Longlines
2018-03-01,2018,3,34.2,-120.6,USA,pole_and_line,1.8758,0,1,Pole and Line
2018-03-01,2018,3,34.2,-120.7,USA,pole_and_line,2.1661,0,1,Pole and Line
2018-03-01,2018,3,34.2,-120.8,USA,pole_and_line,24.6347,21.6361,1,Pole and Line
2018-03-01,2018,3,34.3,-120.5,USA,pole_and_line,0.3252,0,1,Pole and Line
2018-03-01,2018,3,34.3,-120.4,USA,set_longlines,0.5844,0,1,Set Longlines
2018-03-01,2018,3,34.3,-120.6,USA,pole_and_line,0.1586,0,1,Pole and Line
2018-03-01,2018,3,34.3,-120.8,USA,set_longlines,0.8247,0.4663,1,Set Longlines
2018-03-01,2018,3,34.3,-120.6,USA,set_longlines,20.4633,0,1,Set Longlines
2018-03-01,2018,3,34.4,-120.4,USA,other_purse_seines,1.0827,0,2,Other Purse Seines
2018-03-01,2018,3,34.4,-120.5,USA,fishing,0.6586,0,1,Fishing
2018-03-01,2018,3,34.4,-120,USA,set_longlines,0.1669,0,1,Set Longlines
2018-03-01,2018,3,34.5,-120.7,USA,fishing,0.6494,0,1,Fishing
2018-03-01,2018,3,34.5,-120.6,USA,other_purse_seines,0.2433,0,2,Other Purse Seines
2018-03-01,2018,3,34.6,-120.8,USA,fishing,0.6908,0,1,Fishing
2018-03-01,2018,3,34.6,-120.8,USA,other_purse_seines,0.6747,0,1,Other Purse Seines
2018-03-01,2018,3,34.7,-120.8,USA,fishing,0.7744,0,1,Fishing
2018-03-01,2018,3,34.8,-120.9,USA,fishing,0.2008,0,1,Fishing
2018-03-01,2018,3,34.9,-120.9,USA,other_purse_seines,1.4044,0,2,Other Purse Seines
2018-03-01,2018,3,35,-120.9,USA,other_purse_seines,0.8013,0,2,Other Purse Seines
2018-03-01,2018,3,35,-121,USA,other_purse_seines,0.7802,0,2,Other Purse Seines
2018-03-01,2018,3,34.2,-120.9,CAN,trawlers,0.7997,0,1,Trawlers
2018-03-01,2018,3,34.3,-121,CAN,trawlers,1.3336,0,1,Trawlers
2018-03-01,2018,3,34.4,-121,CAN,trawlers,0.5722,0,1,Trawlers
2018-03-01,2018,3,34.6,-121.2,CAN,trawlers,1.078,0,1,Trawlers
2018-03-01,2018,3,34.6,-121.1,CAN,trawlers,0.0888,0,1,Trawlers
2018-03-01,2018,3,34.7,-120.9,CAN,trawlers,0.4188,0,1,Trawlers
2018-03-01,2018,3,34.7,-121.1,CAN,trawlers,0.5747,0,1,Trawlers
2018-03-01,2018,3,34.8,-121,CAN,trawlers,0.3166,0,1,Trawlers
2018-03-01,2018,3,35,-121,CAN,trawlers,0.8058,0,1,Trawlers
2018-03-01,2018,3,33.9,-120.9,USA,pole_and_line,2.975,2.6508,1,Pole and Line
2018-03-01,2018,3,34,-120.8,USA,pole_and_line,10.7744,9.3416,1,Pole and Line
2018-03-01,2018,3,34.1,-120.8,USA,pole_and_line,5.5422,4.6177,1,Pole and Line
2018-03-01,2018,3,34.1,-120.7,USA,pole_and_line,0.8725,0,1,Pole and Line
2018-03-01,2018,3,34.2,-120.8,USA,set_longlines,3.4916,1.7591,1,Set Longlines
2018-03-01,2018,3,34.3,-120.9,USA,set_longlines,5.8741,5.7419,1,Set Longlines
2018-03-01,2018,3,34.3,-120.5,USA,set_longlines,0.8572,0,1,Set Longlines
2018-03-01,2018,3,34.3,-120.4,USA,pole_and_line,0.9825,0,1,Pole and Line
2018-03-01,2018,3,34.3,-120.7,USA,set_longlines,0.2922,0,1,Set Longlines
2018-03-01,2018,3,34.4,-120.5,USA,other_purse_seines,1.4391,0,2,Other Purse Seines
2018-03-01,2018,3,34.4,-120.6,USA,other_purse_seines,1.1975,0,2,Other Purse Seines
2018-03-01,2018,3,34.4,-120.7,USA,fishing,0.0833,0,1,Fishing
2018-03-01,2018,3,34.4,-120.3,USA,fishing,0.6322,0,1,Fishing
2018-03-01,2018,3,34.4,-120.3,USA,other_purse_seines,0.2769,0,2,Other Purse Seines
2018-03-01,2018,3,34.4,-120.9,USA,set_longlines,2.108,2.108,1,Set Longlines
2018-03-01,2018,3,34.4,-120.6,USA,fishing,0.8075,0,1,Fishing
2018-03-01,2018,3,34.4,-120.4,USA,fishing,0.6825,0,1,Fishing
2018-03-01,2018,3,34.5,-120.8,USA,fishing,0.3747,0,1,Fishing
2018-03-01,2018,3,34.5,-120.7,USA,other_purse_seines,1.5088,0,2,Other Purse Seines
2018-03-01,2018,3,34.6,-120.7,USA,other_purse_seines,0.9527,0,1,Other Purse Seines
2018-03-01,2018,3,34.7,-120.7,USA,other_purse_seines,0.8302,0,1,Other Purse Seines
2018-03-01,2018,3,34.7,-120.8,USA,other_purse_seines,0.6166,0,1,Other Purse Seines
2018-03-01,2018,3,34.8,-120.9,USA,other_purse_seines,0.3666,0,1,Other Purse Seines
2018-03-01,2018,3,34.8,-120.8,USA,fishing,0.5566,0,1,Fishing
2018-03-01,2018,3,34.8,-120.8,USA,other_purse_seines,1.2086,0,2,Other Purse Seines
2018-03-01,2018,3,34.8,-120.7,USA,other_purse_seines,0.25,0,1,Other Purse Seines
2018-03-01,2018,3,34.9,-120.8,USA,other_purse_seines,0.3613,0,1,Other Purse Seines
2018-03-01,2018,3,34.9,-120.9,USA,fishing,0.7241,0,1,Fishing
2018-03-01,2018,3,35,-120.9,USA,fishing,0.8822,0,1,Fishing
2018-04-01,2018,4,34.3,-120.5,USA,set_longlines,0.5922,0,1,Set Longlines
2018-04-01,2018,4,34.3,-120.6,USA,set_longlines,0.4647,0,1,Set Longlines
2018-04-01,2018,4,34.3,-120.7,USA,set_longlines,0.885,0,1,Set Longlines
2018-04-01,2018,4,34.3,-120.4,USA,other_purse_seines,1.4244,0,4,Other Purse Seines
2018-04-01,2018,4,34.3,-120.5,USA,other_purse_seines,0.1336,0,2,Other Purse Seines
2018-04-01,2018,4,34.3,-120.8,USA,set_longlines,7.5575,4.45,1,Set Longlines
2018-04-01,2018,4,34.3,-120.9,USA,set_longlines,5.2002,4.6502,1,Set Longlines
2018-04-01,2018,4,34.4,-120.3,USA,other_purse_seines,1.0341,0,2,Other Purse Seines
2018-04-01,2018,4,34.4,-120,USA,fishing,0.7077,0,1,Fishing
2018-04-01,2018,4,34.4,-120,USA,other_purse_seines,0.7174,0,1,Other Purse Seines
2018-04-01,2018,4,34.4,-120.4,USA,other_purse_seines,1.6916,0,3,Other Purse Seines
2018-04-01,2018,4,34.4,-120.4,USA,fishing,1.9566,0,2,Fishing
2018-04-01,2018,4,34.5,-120.8,USA,other_purse_seines,0.4163,0,1,Other Purse Seines
2018-04-01,2018,4,34.5,-120.6,USA,fishing,0.4077,0,2,Fishing
2018-04-01,2018,4,34.6,-120.8,USA,fishing,1.7422,0,2,Fishing
2018-04-01,2018,4,34.6,-120.9,USA,other_purse_seines,0.0752,0,1,Other Purse Seines
2018-04-01,2018,4,34.6,-120.8,USA,other_purse_seines,2.2661,0,3,Other Purse Seines
2018-04-01,2018,4,34.7,-120.9,USA,fishing,0.575,0,1,Fishing
2018-04-01,2018,4,34.7,-120.8,USA,fishing,1.6141,0,2,Fishing
2018-04-01,2018,4,34.8,-120.8,USA,fishing,0.8933,0,1,Fishing
2018-04-01,2018,4,34.9,-120.9,USA,fishing,48.6094,35.7527,3,Fishing
2018-04-01,2018,4,34.9,-120.8,USA,other_purse_seines,1.0833,0,3,Other Purse Seines
2018-04-01,2018,4,34.9,-120.8,USA,fishing,0.8805,0,1,Fishing
2018-04-01,2018,4,34.9,-121,USA,other_purse_seines,1.243,0,2,Other Purse Seines
2018-04-01,2018,4,34.9,-121,USA,fishing,6.6055,5.6227,2,Fishing
2018-04-01,2018,4,34.9,-121.1,USA,other_purse_seines,0.475,0,1,Other Purse Seines
2018-04-01,2018,4,35,-120.8,USA,other_purse_seines,1.7327,0,2,Other Purse Seines
2018-04-01,2018,4,34.3,-120.4,USA,set_longlines,0.5188,0,1,Set Longlines
2018-04-01,2018,4,34.4,-120.7,USA,other_purse_seines,0.1019,0,1,Other Purse Seines
2018-04-01,2018,4,34.4,-120.6,USA,other_purse_seines,3.6477,0,6,Other Purse Seines
2018-04-01,2018,4,34.4,-120.5,USA,other_purse_seines,4.6583,0,6,Other Purse Seines
2018-04-01,2018,4,34.4,-120.3,USA,fishing,9.3244,0,2,Fishing
2018-04-01,2018,4,34.4,-120.6,USA,fishing,1.4755,0,2,Fishing
2018-04-01,2018,4,34.4,-120.5,USA,fishing,1.4191,0,2,Fishing
2018-04-01,2018,4,34.5,-120.7,USA,other_purse_seines,3.6216,0,6,Other Purse Seines
2018-04-01,2018,4,34.5,-120.6,USA,other_purse_seines,1.448,0,3,Other Purse Seines
2018-04-01,2018,4,34.5,-120.7,USA,fishing,2.0236,0,2,Fishing
2018-04-01,2018,4,34.6,-120.7,USA,other_purse_seines,2.8833,0,3,Other Purse Seines
2018-04-01,2018,4,34.7,-120.8,USA,other_purse_seines,2.3644,0,3,Other Purse Seines
2018-04-01,2018,4,34.7,-120.9,USA,other_purse_seines,1.4994,0,2,Other Purse Seines
2018-04-01,2018,4,34.7,-120.7,USA,other_purse_seines,0.8247,0,1,Other Purse Seines
2018-04-01,2018,4,34.8,-120.8,USA,other_purse_seines,4.4011,0,4,Other Purse Seines
2018-04-01,2018,4,34.8,-120.9,USA,other_purse_seines,0.7336,0,2,Other Purse Seines
2018-04-01,2018,4,34.8,-120.7,USA,other_purse_seines,0.1419,0,1,Other Purse Seines
2018-04-01,2018,4,34.8,-121,USA,fishing,3.2902,3.2902,1,Fishing
2018-04-01,2018,4,34.8,-120.9,USA,fishing,14.1633,13.2722,2,Fishing
2018-04-01,2018,4,34.8,-121,USA,other_purse_seines,0.8983,0,2,Other Purse Seines
2018-04-01,2018,4,34.9,-120.9,USA,other_purse_seines,0.6422,0,1,Other Purse Seines
2018-04-01,2018,4,35,-121.1,USA,other_purse_seines,1.3494,0,2,Other Purse Seines
2018-04-01,2018,4,35,-121.2,USA,other_purse_seines,0.1741,0,1,Other Purse Seines
2018-04-01,2018,4,35,-120.9,USA,other_purse_seines,1.0155,0,2,Other Purse Seines
2018-04-01,2018,4,35,-121,USA,fishing,3.7338,3.1755,2,Fishing
2018-04-01,2018,4,35,-120.8,USA,fishing,1.3316,0,2,Fishing
2018-04-01,2018,4,35,-121,USA,other_purse_seines,0.2572,0,1,Other Purse Seines
2018-04-01,2018,4,35,-120.9,USA,fishing,7.7458,4.8477,1,Fishing
2018-04-01,2018,4,35.1,-120.8,USA,fishing,11.3741,3.3747,1,Fishing
2018-04-01,2018,4,35.1,-120.8,USA,other_purse_seines,0.2911,0,1,Other Purse Seines
2018-05-01,2018,5,34.2,-120.6,USA,pole_and_line,2.6316,0,1,Pole and Line
2018-05-01,2018,5,34.3,-120.4,USA,pole_and_line,1.0822,0,1,Pole and Line
2018-05-01,2018,5,34.3,-120.9,USA,set_longlines,0.2413,0,1,Set Longlines
2018-05-01,2018,5,34.3,-120.8,USA,set_longlines,1.2255,0,1,Set Longlines
2018-05-01,2018,5,34.3,-120.6,USA,fishing,1.0825,0,1,Fishing
2018-05-01,2018,5,34.4,-120.5,USA,other_purse_seines,2.6394,0,2,Other Purse Seines
2018-05-01,2018,5,34.4,-120.6,USA,set_longlines,0.4158,0,1,Set Longlines
2018-05-01,2018,5,34.4,-120.6,USA,other_purse_seines,1.1913,0,2,Other Purse Seines
2018-05-01,2018,5,34.5,-120.6,USA,other_purse_seines,1.3836,0,2,Other Purse Seines
2018-05-01,2018,5,34.5,-120.9,USA,fishing,0.2158,0,1,Fishing
2018-05-01,2018,5,34.6,-121,USA,fishing,0.1497,0,1,Fishing
2018-05-01,2018,5,34.7,-120.7,USA,other_purse_seines,0.8663,0,1,Other Purse Seines
2018-05-01,2018,5,34.7,-120.8,USA,set_longlines,2.5644,0,1,Set Longlines
2018-05-01,2018,5,34.8,-120.8,USA,set_longlines,0.083,0,1,Set Longlines
2018-05-01,2018,5,34.8,-120.7,USA,other_purse_seines,0.4991,0,1,Other Purse Seines
2018-05-01,2018,5,34.8,-120.8,USA,other_purse_seines,0.9177,0,2,Other Purse Seines
2018-05-01,2018,5,34.8,-120.7,USA,trollers,0.7669,0,1,Trollers
2018-05-01,2018,5,34.8,-120.9,USA,other_purse_seines,1.8422,0,2,Other Purse Seines
2018-05-01,2018,5,34.8,-121,USA,fishing,0.6669,0,2,Fishing
2018-05-01,2018,5,34.9,-121.1,USA,fishing,0.6416,0,1,Fishing
2018-05-01,2018,5,35,-121.1,USA,fishing,0.5413,0,2,Fishing
2018-05-01,2018,5,35,-120.9,USA,other_purse_seines,1.1661,0,1,Other Purse Seines
2018-05-01,2018,5,35,-121,USA,fishing,2.2744,0,3,Fishing
2018-05-01,2018,5,35,-121,USA,other_purse_seines,0.2755,0,1,Other Purse Seines
2018-05-01,2018,5,35,-121.2,USA,fishing,0.9663,0,1,Fishing
2018-05-01,2018,5,34.1,-120.7,USA,pole_and_line,4.9519,4.1591,1,Pole and Line
2018-05-01,2018,5,34.3,-121,USA,set_longlines,14.9019,8.6336,1,Set Longlines
2018-05-01,2018,5,34.4,-120.6,USA,trollers,0.4163,0,1,Trollers
2018-05-01,2018,5,34.4,-120.5,USA,set_longlines,0.6172,0,1,Set Longlines
2018-05-01,2018,5,34.4,-120.5,USA,fishing,0.3511,0,2,Fishing
2018-05-01,2018,5,34.4,-120,USA,trollers,0.6069,0,1,Trollers
2018-05-01,2018,5,34.4,-120.8,USA,fishing,0.4916,0,1,Fishing
2018-05-01,2018,5,34.4,-120,USA,other_purse_seines,1.0088,0,1,Other Purse Seines
2018-05-01,2018,5,34.5,-120.7,USA,fishing,0.3502,0,1,Fishing
2018-05-01,2018,5,34.5,-120.7,USA,other_purse_seines,2.1913,0,1,Other Purse Seines
2018-05-01,2018,5,34.7,-120.8,USA,other_purse_seines,2.5997,0,1,Other Purse Seines
2018-05-01,2018,5,34.8,-121,USA,other_purse_seines,0.25,0,1,Other Purse Seines
2018-05-01,2018,5,34.8,-120.9,USA,set_longlines,0.6913,0,1,Set Longlines
2018-05-01,2018,5,35,-121.1,USA,other_purse_seines,0.8411,0,1,Other Purse Seines
2018-05-01,2018,5,35,-120.9,USA,fishing,43.6566,18.7027,2,Fishing
2018-05-01,2018,5,35,-120.8,USA,trollers,0.808,0,1,Trollers
2018-05-01,2018,5,34.1,-120.8,USA,pole_and_line,12.6075,12.0988,1,Pole and Line
2018-05-01,2018,5,34.2,-120.7,USA,pole_and_line,2.3519,0,1,Pole and Line
2018-05-01,2018,5,34.3,-120.5,USA,set_longlines,0.6838,0,1,Set Longlines
2018-05-01,2018,5,34.3,-120.6,USA,set_longlines,0.7991,0,1,Set Longlines
2018-05-01,2018,5,34.3,-120.7,USA,fishing,0.1669,0,1,Fishing
2018-05-01,2018,5,34.3,-120.5,USA,pole_and_line,0.625,0,1,Pole and Line
2018-05-01,2018,5,34.3,-120.7,USA,set_longlines,0.4255,0,1,Set Longlines
2018-05-01,2018,5,34.3,-120.4,USA,fishing,0.9836,0,2,Fishing
2018-05-01,2018,5,34.3,-120.4,USA,set_longlines,0.6675,0,1,Set Longlines
2018-05-01,2018,5,34.4,-120.3,USA,trollers,0.5838,0,1,Trollers
2018-05-01,2018,5,34.4,-120.6,USA,fishing,0.8408,0,2,Fishing
2018-05-01,2018,5,34.4,-120.4,USA,set_longlines,0.5825,0,1,Set Longlines
2018-05-01,2018,5,34.4,-120.4,USA,trollers,0.6002,0,1,Trollers
2018-05-01,2018,5,34.5,-120.6,USA,set_longlines,0.3491,0,1,Set Longlines
2018-05-01,2018,5,34.6,-120.9,USA,fishing,1.1002,0,1,Fishing
2018-05-01,2018,5,34.7,-120.9,USA,other_purse_seines,2.7336,0,1,Other Purse Seines
2018-05-01,2018,5,34.7,-121,USA,fishing,0.9669,0,1,Fishing
2018-05-01,2018,5,34.8,-120.9,USA,fishing,13.8386,5.6533,3,Fishing
2018-05-01,2018,5,34.9,-120.9,USA,fishing,24.2913,12.0263,2,Fishing
2018-05-01,2018,5,34.2,-120.8,USA,pole_and_line,19.7675,17.6502,1,Pole and Line
2018-05-01,2018,5,34.3,-120.5,USA,fishing,1.3833,0,3,Fishing
2018-05-01,2018,5,34.4,-120.3,USA,set_longlines,0.583,0,1,Set Longlines
2018-05-01,2018,5,34.4,-120.3,USA,other_purse_seines,2.3741,0,2,Other Purse Seines
2018-05-01,2018,5,34.4,-120.4,USA,other_purse_seines,2.6522,0.158,2,Other Purse Seines
2018-05-01,2018,5,34.4,-120.5,USA,trollers,0.6247,0,1,Trollers
2018-05-01,2018,5,34.4,-120.7,USA,fishing,1.2919,0,2,Fishing
2018-05-01,2018,5,34.5,-120.7,USA,trollers,1.4691,0,1,Trollers
2018-05-01,2018,5,34.5,-120.8,USA,fishing,1.2172,0,2,Fishing
2018-05-01,2018,5,34.5,-120.6,USA,trollers,0.2636,0,1,Trollers
2018-05-01,2018,5,34.6,-120.7,USA,trollers,0.2169,0.2169,1,Trollers
2018-05-01,2018,5,34.6,-120.7,USA,other_purse_seines,0.0916,0,1,Other Purse Seines
2018-05-01,2018,5,34.7,-120.7,USA,trollers,0.9172,0.2991,1,Trollers
2018-05-01,2018,5,34.7,-120.9,USA,fishing,4.1338,0,2,Fishing
2018-05-01,2018,5,34.8,-121.1,USA,fishing,5.9877,0,2,Fishing
2018-05-01,2018,5,34.9,-120.9,USA,other_purse_seines,0.6088,0,1,Other Purse Seines
2018-05-01,2018,5,34.9,-120.9,USA,set_longlines,0.5994,0,1,Set Longlines
2018-05-01,2018,5,34.9,-120.7,USA,trollers,1.883,0,1,Trollers
2018-05-01,2018,5,34.9,-121.2,USA,fishing,0.5083,0,1,Fishing
2018-05-01,2018,5,34.9,-120.8,USA,other_purse_seines,0.7583,0,1,Other Purse Seines
2018-05-01,2018,5,34.9,-121,USA,other_purse_seines,1.1077,0,1,Other Purse Seines
2018-05-01,2018,5,34.9,-121,USA,fishing,4.4719,0,3,Fishing
2018-05-01,2018,5,34.9,-120.7,USA,other_purse_seines,0.1416,0,1,Other Purse Seines
2018-05-01,2018,5,35,-120.8,USA,other_purse_seines,0.8002,0,1,Other Purse Seines
2018-05-01,2018,5,35,-120.7,USA,other_purse_seines,0.133,0,1,Other Purse Seines
2018-05-01,2018,5,35.1,-120.8,USA,trollers,0.9252,0.9252,1,Trollers
2018-05-01,2018,5,35.1,-120.8,USA,other_purse_seines,0.9083,0,1,Other Purse Seines
2018-06-01,2018,6,33.9,-121,USA,fishing,0.9422,0,1,Fishing
2018-06-01,2018,6,34.1,-120.7,USA,pole_and_line,0.5916,0,1,Pole and Line
2018-06-01,2018,6,34.1,-121.2,USA,fishing,0.6666,0,1,Fishing
2018-06-01,2018,6,34.1,-121.3,USA,fishing,0.6419,0,1,Fishing
2018-06-01,2018,6,34.2,-120.6,USA,pole_and_line,0.8841,0,1,Pole and Line
2018-06-01,2018,6,34.2,-120.6,USA,set_longlines,0.3747,0,1,Set Longlines
2018-06-01,2018,6,34.3,-120.4,USA,fishing,20.4411,0,2,Fishing
2018-06-01,2018,6,34.3,-120.5,USA,fishing,0.1672,0,1,Fishing
2018-06-01,2018,6,34.3,-121.5,USA,fishing,1.0472,0,1,Fishing
2018-06-01,2018,6,34.3,-120.5,USA,other_purse_seines,0.2583,0,1,Other Purse Seines
2018-06-01,2018,6,34.4,-120.7,USA,drifting_longlines,1.4252,0,2,Drifting Longlines
2018-06-01,2018,6,34.4,-120.5,USA,other_purse_seines,0.9402,0,2,Other Purse Seines
2018-06-01,2018,6,34.4,-120.6,USA,other_purse_seines,1.5586,0,2,Other Purse Seines
2018-06-01,2018,6,34.4,-120,USA,fishing,0.7994,0,1,Fishing
2018-06-01,2018,6,34.4,-120.4,USA,other_purse_seines,0.6247,0,1,Other Purse Seines
2018-06-01,2018,6,34.4,-120.4,USA,fishing,0.8244,0,1,Fishing
2018-06-01,2018,6,34.4,-120.6,USA,drifting_longlines,1.8247,0,2,Drifting Longlines
2018-06-01,2018,6,34.4,-120.5,USA,fishing,0.7669,0,1,Fishing
2018-06-01,2018,6,34.5,-120.7,USA,fishing,1.4833,0,1,Fishing
2018-06-01,2018,6,34.6,-120.8,USA,other_purse_seines,1.4572,0,2,Other Purse Seines
2018-06-01,2018,6,34.6,-121.3,USA,drifting_longlines,0.0305,0,1,Drifting Longlines
2018-06-01,2018,6,34.6,-120.9,USA,drifting_longlines,0.7763,0,1,Drifting Longlines
2018-06-01,2018,6,34.7,-120.8,USA,fishing,0.7919,0,1,Fishing
2018-06-01,2018,6,34.7,-121,USA,drifting_longlines,0.4252,0,1,Drifting Longlines
2018-06-01,2018,6,34.7,-121.3,USA,drifting_longlines,1.0255,0,1,Drifting Longlines
2018-06-01,2018,6,34.7,-121.1,USA,drifting_longlines,0.9077,0,1,Drifting Longlines
2018-06-01,2018,6,34.8,-121,USA,other_purse_seines,0.6333,0,1,Other Purse Seines
2018-06-01,2018,6,34.8,-121.1,USA,fishing,4.7708,2.4811,1,Fishing
2018-06-01,2018,6,34.8,-121.2,USA,drifting_longlines,0.9166,0,1,Drifting Longlines
2018-06-01,2018,6,34.9,-121.3,USA,drifting_longlines,0.5758,0,1,Drifting Longlines
2018-06-01,2018,6,34.9,-121,USA,other_purse_seines,2.2322,0,2,Other Purse Seines
2018-06-01,2018,6,34.9,-121,USA,fishing,0.6402,0,2,Fishing
2018-06-01,2018,6,34.9,-121.4,USA,drifting_longlines,1.4355,0,2,Drifting Longlines
2018-06-01,2018,6,35,-121.5,USA,drifting_longlines,1.705,0,2,Drifting Longlines
2018-06-01,2018,6,35,-121,USA,other_purse_seines,0.8583,0,2,Other Purse Seines
2018-06-01,2018,6,33.9,-121.1,USA,fishing,0.5247,0,1,Fishing
2018-06-01,2018,6,34,-121.2,USA,fishing,0.6347,0,1,Fishing
2018-06-01,2018,6,34,-121.1,USA,fishing,0.7238,0,1,Fishing
2018-06-01,2018,6,34.1,-120.7,USA,set_longlines,11.6394,8.4161,1,Set Longlines
2018-06-01,2018,6,34.1,-120.8,USA,pole_and_line,3.2913,3.1322,1,Pole and Line
2018-06-01,2018,6,34.2,-120.8,USA,pole_and_line,7.8252,7.325,1,Pole and Line
2018-06-01,2018,6,34.2,-121.3,USA,fishing,0.5636,0,1,Fishing
2018-06-01,2018,6,34.2,-120.7,USA,pole_and_line,0.5838,0.0583,1,Pole and Line
2018-06-01,2018,6,34.2,-121.4,USA,fishing,0.8775,0,1,Fishing
2018-06-01,2018,6,34.3,-121.4,USA,fishing,0.253,0,1,Fishing
2018-06-01,2018,6,34.3,-120.4,USA,other_purse_seines,0.5997,0,1,Other Purse Seines
2018-06-01,2018,6,34.3,-120.4,USA,drifting_longlines,1.1811,0,2,Drifting Longlines
2018-06-01,2018,6,34.3,-120.5,USA,drifting_longlines,1.0969,0,2,Drifting Longlines
2018-06-01,2018,6,34.4,-120.8,USA,drifting_longlines,0.5002,0,1,Drifting Longlines
2018-06-01,2018,6,34.4,-120.6,USA,fishing,0.8336,0,1,Fishing
2018-06-01,2018,6,34.4,-120.5,USA,drifting_longlines,0.5822,0,2,Drifting Longlines
2018-06-01,2018,6,34.4,-120.3,USA,fishing,0.7666,0,1,Fishing
2018-06-01,2018,6,34.4,-120.3,USA,other_purse_seines,0.4994,0,1,Other Purse Seines
2018-06-01,2018,6,34.5,-120.7,USA,other_purse_seines,2.0911,0,2,Other Purse Seines
2018-06-01,2018,6,34.5,-120.9,USA,drifting_longlines,1.0166,0,2,Drifting Longlines
2018-06-01,2018,6,34.5,-120.8,USA,drifting_longlines,1.233,0,2,Drifting Longlines
2018-06-01,2018,6,34.5,-120.8,USA,other_purse_seines,0.3088,0,1,Other Purse Seines
2018-06-01,2018,6,34.5,-120.6,USA,other_purse_seines,0.0911,0,1,Other Purse Seines
2018-06-01,2018,6,34.5,-120.7,USA,drifting_longlines,0.408,0,1,Drifting Longlines
2018-06-01,2018,6,34.5,-121.1,USA,drifting_longlines,0.5833,0,1,Drifting Longlines
2018-06-01,2018,6,34.5,-121,USA,drifting_longlines,0.75,0,1,Drifting Longlines
2018-06-01,2018,6,34.6,-121.1,USA,drifting_longlines,0.25,0,1,Drifting Longlines
2018-06-01,2018,6,34.6,-121,USA,drifting_longlines,0.5569,0,1,Drifting Longlines
2018-06-01,2018,6,34.6,-121.2,USA,drifting_longlines,1.1361,0,1,Drifting Longlines
2018-06-01,2018,6,34.6,-120.8,USA,fishing,0.3827,0,1,Fishing
2018-06-01,2018,6,34.7,-120.8,USA,other_purse_seines,0.3583,0,1,Other Purse Seines
2018-06-01,2018,6,34.7,-120.9,USA,other_purse_seines,1.508,0,2,Other Purse Seines
2018-06-01,2018,6,34.8,-120.8,USA,fishing,0.0752,0,1,Fishing
2018-06-01,2018,6,34.8,-121.3,USA,drifting_longlines,0.383,0,1,Drifting Longlines
2018-06-01,2018,6,34.8,-121.1,USA,drifting_longlines,0.0838,0,1,Drifting Longlines
2018-06-01,2018,6,34.8,-121.4,USA,drifting_longlines,0.9466,0,1,Drifting Longlines
2018-06-01,2018,6,34.8,-120.9,USA,fishing,6.0694,4.1063,2,Fishing
2018-06-01,2018,6,34.8,-120.9,USA,other_purse_seines,1.0077,0,2,Other Purse Seines
2018-06-01,2018,6,34.9,-121.1,USA,fishing,0.4661,0,1,Fishing
2018-06-01,2018,6,34.9,-121.5,USA,drifting_longlines,0.5313,0,2,Drifting Longlines
2018-06-01,2018,6,34.9,-120.9,USA,fishing,6.9052,2.998,2,Fishing
2018-06-01,2018,6,35,-121,USA,fishing,2.2669,0,2,Fishing
2018-06-01,2018,6,35,-121.1,USA,other_purse_seines,1.0002,0,2,Other Purse Seines
2018-06-01,2018,6,35,-120.9,USA,fishing,3.9127,2.5727,1,Fishing
2018-07-01,2018,7,34,-120.8,USA,pole_and_line,14.4269,13.4166,1,Pole and Line
2018-07-01,2018,7,34.2,-120.6,USA,pole_and_line,0.8577,0,1,Pole and Line
2018-07-01,2018,7,34.2,-120.6,USA,trawlers,0.0819,0,1,Trawlers
2018-07-01,2018,7,34.3,-120.4,USA,other_purse_seines,0.0752,0,1,Other Purse Seines
2018-07-01,2018,7,34.3,-121,USA,set_longlines,2.2913,1.8002,1,Set Longlines
2018-07-01,2018,7,34.3,-120.8,USA,set_longlines,0.883,0,1,Set Longlines
2018-07-01,2018,7,34.3,-120.6,USA,set_longlines,0.9422,0,1,Set Longlines
2018-07-01,2018,7,34.4,-120.5,USA,trawlers,12.9286,9.3994,2,Trawlers
2018-07-01,2018,7,34.4,-120,USA,trollers,0.608,0,1,Trollers
2018-07-01,2018,7,34.4,-120,USA,pole_and_line,1.2163,0,1,Pole and Line
2018-07-01,2018,7,34.4,-120.5,USA,set_longlines,0.0747,0,1,Set Longlines
2018-07-01,2018,7,34.4,-120.4,USA,set_longlines,0.3336,0,1,Set Longlines
2018-07-01,2018,7,34.4,-120.6,USA,trawlers,3.5894,0.6474,2,Trawlers
2018-07-01,2018,7,34.4,-120.9,USA,trawlers,0.7202,0,1,Trawlers
2018-07-01,2018,7,34.4,-120.6,USA,fishing,0.5419,0,1,Fishing
2018-07-01,2018,7,34.4,-120.5,USA,other_purse_seines,2.5408,0,2,Other Purse Seines
2018-07-01,2018,7,34.4,-120.7,USA,other_purse_seines,0.2508,0,1,Other Purse Seines
2018-07-01,2018,7,34.4,-120.3,USA,fishing,0.8327,0,1,Fishing
2018-07-01,2018,7,34.4,-120.5,USA,fishing,12.6416,2.95,1,Fishing
2018-07-01,2018,7,34.5,-121,USA,trawlers,1.9052,0.6941,2,Trawlers
2018-07-01,2018,7,34.5,-120.8,USA,trawlers,0.7,0,1,Trawlers
2018-07-01,2018,7,34.5,-120.9,USA,trawlers,0.1119,0,1,Trawlers
2018-07-01,2018,7,34.5,-120.7,USA,fishing,4.8838,3.7833,1,Fishing
2018-07-01,2018,7,34.6,-121.2,USA,trawlers,0.6633,0,1,Trawlers
2018-07-01,2018,7,34.6,-120.8,USA,other_purse_seines,1.5247,0,1,Other Purse Seines
2018-07-01,2018,7,34.6,-121.1,USA,trawlers,0.6147,0,1,Trawlers
2018-07-01,2018,7,34.6,-120.7,USA,trawlers,0.96,0,2,Trawlers
2018-07-01,2018,7,34.6,-120.9,USA,trawlers,2.5658,1.5472,2,Trawlers
2018-07-01,2018,7,34.7,-121.3,USA,trawlers,0.6094,0.1097,1,Trawlers
2018-07-01,2018,7,34.7,-120.9,USA,trawlers,8.6672,6.7511,1,Trawlers
2018-07-01,2018,7,34.7,-120.8,USA,trawlers,1.5477,0,2,Trawlers
2018-07-01,2018,7,34.7,-121.2,USA,trawlers,9.4375,8.4147,1,Trawlers
2018-07-01,2018,7,34.8,-121.2,USA,trawlers,2.3158,0.8127,2,Trawlers
2018-07-01,2018,7,34.8,-121.5,USA,fishing,4.8336,2.858,1,Fishing
2018-07-01,2018,7,34.9,-121.4,USA,fishing,0.8333,0,1,Fishing
2018-07-01,2018,7,34.9,-121,USA,trawlers,0.4416,0,1,Trawlers
2018-07-01,2018,7,34.9,-121.2,USA,fishing,0.2588,0.2588,1,Fishing
2018-07-01,2018,7,34.9,-120.8,USA,trawlers,0.773,0,1,Trawlers
2018-07-01,2018,7,34.9,-121.5,USA,trawlers,0.5413,0.0613,1,Trawlers
2018-07-01,2018,7,34.9,-121.4,USA,trawlers,0.0861,0.05,1,Trawlers
2018-07-01,2018,7,34.9,-120.9,USA,other_purse_seines,0.75,0,1,Other Purse Seines
2018-07-01,2018,7,34.9,-120.8,USA,other_purse_seines,0.4908,0,1,Other Purse Seines
2018-07-01,2018,7,35,-120.8,USA,fishing,0.1494,0.1161,1,Fishing
2018-07-01,2018,7,35,-121.4,USA,trawlers,0.6777,0,1,Trawlers
2018-07-01,2018,7,35,-121.1,USA,trawlers,0.6336,0.2716,1,Trawlers
2018-07-01,2018,7,35,-120.8,USA,trawlers,1.9252,1.0716,2,Trawlers
2018-07-01,2018,7,35,-120.9,USA,other_purse_seines,1.3302,0,1,Other Purse Seines
2018-07-01,2018,7,35.1,-120.7,USA,fishing,0.158,0,1,Fishing
2018-07-01,2018,7,34.1,-120.8,USA,pole_and_line,13.378,11.6547,1,Pole and Line
2018-07-01,2018,7,34.1,-120.7,USA,pole_and_line,13.025,10.6977,1,Pole and Line
2018-07-01,2018,7,34.2,-120.7,USA,pole_and_line,0.7255,0,1,Pole and Line
2018-07-01,2018,7,34.2,-120.9,USA,set_longlines,4.4913,4.2497,1,Set Longlines
2018-07-01,2018,7,34.2,-120.8,USA,pole_and_line,2.6652,2.2558,1,Pole and Line
2018-07-01,2018,7,34.3,-120.5,USA,set_longlines,0.2413,0,1,Set Longlines
2018-07-01,2018,7,34.3,-120.5,USA,trawlers,2.1613,1.0222,1,Trawlers
2018-07-01,2018,7,34.3,-120.4,USA,pole_and_line,0.2666,0,1,Pole and Line
2018-07-01,2018,7,34.3,-120.4,USA,trawlers,0.6344,0,1,Trawlers
2018-07-01,2018,7,34.3,-120.7,USA,set_longlines,0.2833,0,1,Set Longlines
2018-07-01,2018,7,34.3,-120.9,USA,set_longlines,8.6761,0,1,Set Longlines
2018-07-01,2018,7,34.3,-120.7,USA,trawlers,0.7472,0,1,Trawlers
2018-07-01,2018,7,34.3,-120.6,USA,trawlers,0.7491,0,1,Trawlers
2018-07-01,2018,7,34.4,-120,USA,set_longlines,0.0661,0,1,Set Longlines
2018-07-01,2018,7,34.4,-120.4,USA,other_purse_seines,2.4061,0,2,Other Purse Seines
2018-07-01,2018,7,34.4,-120,USA,other_purse_seines,0.3086,0,1,Other Purse Seines
2018-07-01,2018,7,34.4,-120.3,USA,other_purse_seines,1.933,0,2,Other Purse Seines
2018-07-01,2018,7,34.4,-120.4,USA,trawlers,0.5988,0,2,Trawlers
2018-07-01,2018,7,34.4,-120.3,USA,trollers,0.6338,0,1,Trollers
2018-07-01,2018,7,34.4,-120.4,USA,trollers,0.5408,0,1,Trollers
2018-07-01,2018,7,34.4,-120.7,USA,trawlers,0.3308,0,1,Trawlers
2018-07-01,2018,7,34.4,-120.4,USA,fishing,0.5566,0,1,Fishing
2018-07-01,2018,7,34.4,-120.8,USA,trawlers,0.7358,0,1,Trawlers
2018-07-01,2018,7,34.4,-120.6,USA,other_purse_seines,1.7661,0,2,Other Purse Seines
2018-07-01,2018,7,34.4,-120,USA,fishing,0.6413,0,1,Fishing
2018-07-01,2018,7,34.4,-120.3,USA,set_longlines,0.3338,0,1,Set Longlines
2018-07-01,2018,7,34.4,-120.3,USA,trawlers,0.585,0,1,Trawlers
2018-07-01,2018,7,34.5,-120.6,USA,fishing,0.1147,0,1,Fishing
2018-07-01,2018,7,34.5,-121.1,USA,trawlers,1.0977,0.7641,1,Trawlers
2018-07-01,2018,7,34.5,-120.6,USA,trawlers,0.6027,0,2,Trawlers
2018-07-01,2018,7,34.5,-120.7,USA,other_purse_seines,1.8158,0,1,Other Purse Seines
2018-07-01,2018,7,34.5,-120.8,USA,other_purse_seines,0.058,0,1,Other Purse Seines
2018-07-01,2018,7,34.5,-120.7,USA,trawlers,2.7019,0.2527,2,Trawlers
2018-07-01,2018,7,34.5,-120.6,USA,other_purse_seines,6.1811,1.3,2,Other Purse Seines
2018-07-01,2018,7,34.6,-121.3,USA,trawlers,1.1433,0.8541,1,Trawlers
2018-07-01,2018,7,34.6,-120.8,USA,trawlers,0.7288,0,2,Trawlers
2018-07-01,2018,7,34.6,-121,USA,trawlers,2.1138,0.8583,2,Trawlers
2018-07-01,2018,7,34.7,-121,USA,trawlers,0.2499,0,1,Trawlers
2018-07-01,2018,7,34.7,-120.8,USA,other_purse_seines,1.5672,0,1,Other Purse Seines
2018-07-01,2018,7,34.8,-121.3,USA,fishing,1.6419,1.6419,1,Fishing
2018-07-01,2018,7,34.8,-120.8,USA,other_purse_seines,1.4425,0,1,Other Purse Seines
2018-07-01,2018,7,34.8,-120.9,USA,other_purse_seines,0.0833,0,1,Other Purse Seines
2018-07-01,2018,7,34.8,-121.4,USA,fishing,10.008,0.5247,1,Fishing
2018-07-01,2018,7,34.8,-120.8,USA,trawlers,1.1463,0,2,Trawlers
2018-07-01,2018,7,34.8,-121.1,USA,trawlers,1.958,0,2,Trawlers
2018-07-01,2018,7,34.8,-120.9,USA,trawlers,0.5763,0,2,Trawlers
2018-07-01,2018,7,34.8,-121.3,USA,trawlers,3.1583,1.5688,1,Trawlers
2018-07-01,2018,7,34.8,-121,USA,trawlers,2.7294,0.9161,2,Trawlers
2018-07-01,2018,7,34.9,-120.9,USA,trawlers,2.7824,0.3619,2,Trawlers
2018-07-01,2018,7,34.9,-120.9,USA,fishing,7.9508,7.6922,1,Fishing
2018-07-01,2018,7,34.9,-120.7,USA,fishing,4.6916,4.3822,1,Fishing
2018-07-01,2018,7,34.9,-121.6,USA,trawlers,9.5375,9.2141,1,Trawlers
2018-07-01,2018,7,34.9,-121.3,USA,fishing,3.1247,3.1247,1,Fishing
2018-07-01,2018,7,35,-121,USA,trawlers,1.1747,0,2,Trawlers
2018-07-01,2018,7,35,-120.8,USA,other_purse_seines,0.453,0,1,Other Purse Seines
2018-07-01,2018,7,35,-120.7,USA,fishing,11.7672,7.2016,1,Fishing
2018-07-01,2018,7,35,-121.5,USA,trawlers,1.4833,0.4325,1,Trawlers
2018-07-01,2018,7,35,-120.9,USA,trawlers,3.1275,0.4588,2,Trawlers
2018-07-01,2018,7,35,-120.9,USA,fishing,11.9738,9.0436,1,Fishing
2018-07-01,2018,7,35,-121.2,USA,trawlers,0.6447,0.6447,1,Trawlers
2018-07-01,2018,7,35.1,-120.8,USA,trawlers,0.1027,0,1,Trawlers
2018-07-01,2018,7,35.1,-120.8,USA,fishing,22.1255,0.55,1,Fishing
2018-08-01,2018,8,33.9,-121.2,USA,set_longlines,0.6413,0,1,Set Longlines
2018-08-01,2018,8,34.1,-121.3,USA,set_longlines,0.6666,0,1,Set Longlines
2018-08-01,2018,8,34.2,-121.4,USA,set_longlines,0.7727,0,1,Set Longlines
2018-08-01,2018,8,34.2,-120.9,USA,fishing,0.4902,0.4902,1,Fishing
2018-08-01,2018,8,34.3,-121.5,USA,set_longlines,0.9844,0,1,Set Longlines
2018-08-01,2018,8,34.3,-121,USA,fishing,6.8225,6.0336,1,Fishing
2018-08-01,2018,8,34.3,-120.8,USA,fishing,0.7747,0,1,Fishing
2018-08-01,2018,8,34.3,-120.4,USA,fishing,0.4155,0,1,Fishing
2018-08-01,2018,8,34.4,-120.4,USA,fishing,4.7688,0,1,Fishing
2018-08-01,2018,8,34.4,-120.3,USA,fishing,2.9391,0,2,Fishing
2018-08-01,2018,8,34.4,-121,USA,fishing,6.1947,4.6894,1,Fishing
2018-08-01,2018,8,34.4,-120.5,USA,other_purse_seines,1.2513,0,2,Other Purse Seines
2018-08-01,2018,8,34.4,-120.6,USA,other_purse_seines,0.985,0,2,Other Purse Seines
2018-08-01,2018,8,34.4,-120.6,USA,fishing,11.4838,1.4491,1,Fishing
2018-08-01,2018,8,34.4,-120,USA,other_purse_seines,2.5152,0,2,Other Purse Seines
2018-08-01,2018,8,34.4,-120,USA,fishing,6.9497,0,2,Fishing
2018-08-01,2018,8,34.4,-121.5,USA,set_longlines,1.1133,0.5438,1,Set Longlines
2018-08-01,2018,8,34.5,-120.7,USA,fishing,26.1263,5.0888,1,Fishing
2018-08-01,2018,8,34.6,-120.8,USA,other_purse_seines,0.2183,0,1,Other Purse Seines
2018-08-01,2018,8,34.6,-120.7,USA,other_purse_seines,1.4722,0,2,Other Purse Seines
2018-08-01,2018,8,34.7,-120.7,USA,other_purse_seines,0.0833,0,1,Other Purse Seines
2018-08-01,2018,8,34.7,-121.5,USA,set_longlines,1.0944,1.0944,1,Set Longlines
2018-08-01,2018,8,34.8,-121.5,USA,set_longlines,1.6083,1.6083,1,Set Longlines
2018-08-01,2018,8,34.8,-121,USA,set_longlines,0.0833,0,1,Set Longlines
2018-08-01,2018,8,34.8,-120.8,USA,other_purse_seines,1.3911,0,2,Other Purse Seines
2018-08-01,2018,8,34.9,-121,USA,set_longlines,0.8452,0,1,Set Longlines
2018-08-01,2018,8,34.9,-121.1,USA,set_longlines,0.5441,0,1,Set Longlines
2018-08-01,2018,8,34.9,-120.8,USA,other_purse_seines,1.2363,0,2,Other Purse Seines
2018-08-01,2018,8,34.9,-121.4,USA,set_longlines,0.275,0,1,Set Longlines
2018-08-01,2018,8,34.9,-121.5,USA,fishing,6.8336,6.8336,1,Fishing
2018-08-01,2018,8,34.9,-121.3,USA,fishing,3.8666,3.8666,1,Fishing
2018-08-01,2018,8,35,-120.8,USA,other_purse_seines,0.7297,0,1,Other Purse Seines
2018-08-01,2018,8,35,-120.7,USA,other_purse_seines,0.6694,0,1,Other Purse Seines
2018-08-01,2018,8,35,-121.4,USA,fishing,22.0058,19.3725,1,Fishing
2018-08-01,2018,8,34,-121.3,USA,set_longlines,0.5586,0,1,Set Longlines
2018-08-01,2018,8,34.1,-121.4,USA,set_longlines,0.2016,0,1,Set Longlines
2018-08-01,2018,8,34.2,-121,USA,fishing,3.9044,3.5036,1,Fishing
2018-08-01,2018,8,34.3,-120.9,USA,fishing,1.6413,0.0841,1,Fishing
2018-08-01,2018,8,34.3,-120.6,USA,fishing,0.4916,0,1,Fishing
2018-08-01,2018,8,34.3,-120.7,USA,fishing,0.2919,0,1,Fishing
2018-08-01,2018,8,34.3,-120.5,USA,fishing,0.2513,0,1,Fishing
2018-08-01,2018,8,34.4,-120.8,USA,fishing,0.8158,0,1,Fishing
2018-08-01,2018,8,34.4,-120.5,USA,fishing,19.1627,0,1,Fishing
2018-08-01,2018,8,34.4,-120.7,USA,fishing,0.9011,0,1,Fishing
2018-08-01,2018,8,34.4,-120.9,USA,fishing,5.0011,2.13,1,Fishing
2018-08-01,2018,8,34.4,-120.3,USA,other_purse_seines,1.1411,0,2,Other Purse Seines
2018-08-01,2018,8,34.4,-120.4,USA,other_purse_seines,1.1783,0,2,Other Purse Seines
2018-08-01,2018,8,34.5,-121.5,USA,set_longlines,1.1588,1.1588,1,Set Longlines
2018-08-01,2018,8,34.5,-120.7,USA,other_purse_seines,1.5436,0,2,Other Purse Seines
2018-08-01,2018,8,34.5,-120.6,USA,fishing,4.2269,0.9919,1,Fishing
2018-08-01,2018,8,34.5,-120.6,USA,other_purse_seines,0.7644,0,2,Other Purse Seines
2018-08-01,2018,8,34.6,-121.5,USA,set_longlines,1.1497,1.1497,1,Set Longlines
2018-08-01,2018,8,34.7,-120.8,USA,other_purse_seines,1.415,0,2,Other Purse Seines
2018-08-01,2018,8,34.8,-120.8,USA,set_longlines,2.1694,1.8777,1,Set Longlines
2018-08-01,2018,8,34.8,-121.4,USA,fishing,8.8922,8.8922,1,Fishing
2018-08-01,2018,8,34.8,-121.3,USA,fishing,3.4497,3.4497,1,Fishing
2018-08-01,2018,8,34.8,-120.9,USA,set_longlines,1.6666,1.2469,1,Set Longlines
2018-08-01,2018,8,34.9,-120.9,USA,set_longlines,0.8361,0,1,Set Longlines
2018-08-01,2018,8,34.9,-121.4,USA,fishing,16.7161,16.3161,1,Fishing
2018-08-01,2018,8,34.9,-121.3,USA,set_longlines,0.6969,0,1,Set Longlines
2018-08-01,2018,8,34.9,-120.7,USA,other_purse_seines,0.3438,0,1,Other Purse Seines
2018-08-01,2018,8,34.9,-121.2,USA,set_longlines,0.5644,0.5644,1,Set Longlines
2018-08-01,2018,8,34.9,-121.5,USA,set_longlines,0.5916,0.2638,1,Set Longlines
2018-08-01,2018,8,35,-121,USA,set_longlines,0.7905,0,1,Set Longlines
2018-08-01,2018,8,35,-121.5,USA,fishing,5.8491,5.8491,1,Fishing
2018-08-01,2018,8,35,-120.9,USA,other_purse_seines,0.8241,0,1,Other Purse Seines
2018-09-01,2018,9,34.1,-120.9,USA,pole_and_line,0.7916,0.7916,1,Pole and Line
2018-09-01,2018,9,34.3,-120.9,USA,pole_and_line,0.5666,0,1,Pole and Line
2018-09-01,2018,9,34.3,-120.7,USA,pole_and_line,1.3008,0,1,Pole and Line
2018-09-01,2018,9,34.3,-120.7,USA,fishing,0.2827,0,1,Fishing
2018-09-01,2018,9,34.4,-120.6,USA,drifting_longlines,0.775,0,1,Drifting Longlines
2018-09-01,2018,9,34.4,-120.3,USA,fishing,2.3413,0,1,Fishing
2018-09-01,2018,9,34.4,-120.4,USA,pole_and_line,7.8174,6.4749,1,Pole and Line
2018-09-01,2018,9,34.4,-120.3,USA,other_purse_seines,1.5002,0,3,Other Purse Seines
2018-09-01,2018,9,34.4,-120.6,USA,other_purse_seines,2.3936,0,3,Other Purse Seines
2018-09-01,2018,9,34.4,-120.7,USA,other_purse_seines,0.1166,0,1,Other Purse Seines
2018-09-01,2018,9,34.5,-120.8,USA,fishing,0.475,0,1,Fishing
2018-09-01,2018,9,34.5,-120.7,USA,fishing,11.7216,1.0577,1,Fishing
2018-09-01,2018,9,34.6,-120.8,USA,drifting_longlines,0.4583,0,1,Drifting Longlines
2018-09-01,2018,9,34.6,-120.8,USA,fishing,0.9247,0,1,Fishing
2018-09-01,2018,9,34.7,-120.9,USA,drifting_longlines,0.883,0,1,Drifting Longlines
2018-09-01,2018,9,34.7,-121,USA,fishing,0.6083,0,1,Fishing
2018-09-01,2018,9,34.7,-121.1,USA,fishing,18.1275,0,1,Fishing
2018-09-01,2018,9,34.8,-121.1,USA,drifting_longlines,0.0833,0,1,Drifting Longlines
2018-09-01,2018,9,34.9,-121,USA,other_purse_seines,1.6436,0,2,Other Purse Seines
2018-09-01,2018,9,34.9,-120.9,USA,other_purse_seines,0.9808,0,2,Other Purse Seines
2018-09-01,2018,9,35,-121.3,USA,drifting_longlines,0.4752,0,1,Drifting Longlines
2018-09-01,2018,9,35,-121,USA,other_purse_seines,1.2074,0,3,Other Purse Seines
2018-09-01,2018,9,34.1,-120.8,USA,pole_and_line,4.5899,4.5069,1,Pole and Line
2018-09-01,2018,9,34.2,-120.8,USA,pole_and_line,16.9355,13.8177,1,Pole and Line
2018-09-01,2018,9,34.2,-120.6,USA,fishing,0.3994,0,1,Fishing
2018-09-01,2018,9,34.2,-120.9,USA,pole_and_line,26.0763,22.7597,1,Pole and Line
2018-09-01,2018,9,34.3,-120.8,USA,pole_and_line,7.1577,6.1258,1,Pole and Line
2018-09-01,2018,9,34.4,-120,USA,pole_and_line,1.6911,0.7252,1,Pole and Line
2018-09-01,2018,9,34.4,-120.7,USA,drifting_longlines,0.3333,0,1,Drifting Longlines
2018-09-01,2018,9,34.5,-120.8,USA,other_purse_seines,0.3652,0,1,Other Purse Seines
2018-09-01,2018,9,34.5,-120.7,USA,drifting_longlines,0.4744,0,1,Drifting Longlines
2018-09-01,2018,9,34.5,-120.7,USA,other_purse_seines,2.9505,0,3,Other Purse Seines
2018-09-01,2018,9,34.5,-120.8,USA,drifting_longlines,0.6838,0,1,Drifting Longlines
2018-09-01,2018,9,34.6,-120.9,USA,drifting_longlines,0.2497,0,1,Drifting Longlines
2018-09-01,2018,9,34.6,-121,USA,fishing,0.4913,0,1,Fishing
2018-09-01,2018,9,34.8,-121,USA,drifting_longlines,0.9997,0,1,Drifting Longlines
2018-09-01,2018,9,34.8,-120.9,USA,other_purse_seines,2.4611,0,3,Other Purse Seines
2018-09-01,2018,9,34.9,-121.1,USA,drifting_longlines,0.8163,0,1,Drifting Longlines
2018-09-01,2018,9,34.9,-121.2,USA,drifting_longlines,0.2672,0,1,Drifting Longlines
2018-09-01,2018,9,35,-120.9,USA,other_purse_seines,0.4516,0,1,Other Purse Seines
2018-09-01,2018,9,34.1,-120.7,USA,pole_and_line,1.4261,1.2425,1,Pole and Line
2018-09-01,2018,9,34.2,-120.7,USA,pole_and_line,1.6483,0,1,Pole and Line
2018-09-01,2018,9,34.3,-120.4,USA,pole_and_line,1.9402,0,1,Pole and Line
2018-09-01,2018,9,34.4,-120.3,USA,drifting_longlines,0.1991,0,1,Drifting Longlines
2018-09-01,2018,9,34.4,-120.4,USA,fishing,3.4236,0.0666,1,Fishing
2018-09-01,2018,9,34.4,-120,USA,fishing,2.1675,0,1,Fishing
2018-09-01,2018,9,34.4,-120.5,USA,other_purse_seines,2.0913,0,3,Other Purse Seines
2018-09-01,2018,9,34.4,-120.5,USA,fishing,14.013,0,1,Fishing
2018-09-01,2018,9,34.4,-120.6,USA,fishing,9.9827,0.4327,1,Fishing
2018-09-01,2018,9,34.4,-120.4,USA,other_purse_seines,2.0658,0,3,Other Purse Seines
2018-09-01,2018,9,34.5,-120.6,USA,fishing,4.0261,1.5263,1,Fishing
2018-09-01,2018,9,34.6,-120.8,USA,other_purse_seines,2.2263,0,3,Other Purse Seines
2018-09-01,2018,9,34.6,-120.9,USA,fishing,0.2497,0,1,Fishing
2018-09-01,2018,9,34.9,-121.2,USA,fishing,0.8833,0,1,Fishing
2018-09-01,2018,9,34.2,-120.6,USA,pole_and_line,1.658,0,1,Pole and Line
2018-09-01,2018,9,34.2,-121,USA,pole_and_line,2.7249,2.5658,1,Pole and Line
2018-09-01,2018,9,34.2,-120.7,USA,fishing,14.5855,0,1,Fishing
2018-09-01,2018,9,34.3,-120.8,USA,fishing,0.3336,0,1,Fishing
2018-09-01,2018,9,34.3,-120.6,USA,pole_and_line,1.3083,0,1,Pole and Line
2018-09-01,2018,9,34.3,-120.5,USA,pole_and_line,1.3677,0,1,Pole and Line
2018-09-01,2018,9,34.4,-120.3,USA,pole_and_line,1.8319,0.8161,1,Pole and Line
2018-09-01,2018,9,34.4,-120.5,USA,drifting_longlines,0.6916,0,1,Drifting Longlines
2018-09-01,2018,9,34.4,-120.4,USA,drifting_longlines,0.6258,0,1,Drifting Longlines
2018-09-01,2018,9,34.5,-120.6,USA,other_purse_seines,0.1074,0,1,Other Purse Seines
2018-09-01,2018,9,34.5,-120.9,USA,fishing,0.2002,0,1,Fishing
2018-09-01,2018,9,34.7,-120.9,USA,other_purse_seines,1.0333,0,2,Other Purse Seines
2018-09-01,2018,9,34.7,-121,USA,drifting_longlines,0.0841,0,1,Drifting Longlines
2018-09-01,2018,9,34.7,-120.8,USA,other_purse_seines,1.5136,0,3,Other Purse Seines
2018-09-01,2018,9,35,-121.2,USA,drifting_longlines,0.4991,0,1,Drifting Longlines
2018-09-01,2018,9,35,-121.1,USA,other_purse_seines,0.7836,0,1,Other Purse Seines
2018-10-01,2018,10,34,-120.8,USA,pole_and_line,0.525,0,1,Pole and Line
2018-10-01,2018,10,34.1,-120.8,USA,pole_and_line,2.4133,0,1,Pole and Line
2018-10-01,2018,10,34.1,-121,USA,fishing,7.5788,6.2616,1,Fishing
2018-10-01,2018,10,34.1,-120.9,USA,pole_and_line,28.005,25.2811,1,Pole and Line
2018-10-01,2018,10,34.2,-120.6,USA,fishing,0.8011,0,1,Fishing
2018-10-01,2018,10,34.2,-120.8,USA,fishing,1.0805,0,1,Fishing
2018-10-01,2018,10,34.2,-121,USA,trawlers,6.8166,6.8166,1,Trawlers
2018-10-01,2018,10,34.2,-120.7,USA,pole_and_line,1.3827,0,1,Pole and Line
2018-10-01,2018,10,34.3,-120.9,USA,pole_and_line,0.8188,0,1,Pole and Line
2018-10-01,2018,10,34.3,-120.9,USA,trawlers,2.1213,1.1808,1,Trawlers
2018-10-01,2018,10,34.3,-120.6,USA,pole_and_line,0.1833,0,1,Pole and Line
2018-10-01,2018,10,34.3,-120.7,USA,fishing,0.9911,0,2,Fishing
2018-10-01,2018,10,34.4,-120.9,USA,drifting_longlines,1.7511,0,2,Drifting Longlines
2018-10-01,2018,10,34.4,-121,USA,drifting_longlines,0.083,0,1,Drifting Longlines
2018-10-01,2018,10,34.4,-120,USA,fishing,2.9724,0,2,Fishing
2018-10-01,2018,10,34.4,-120.5,USA,other_purse_seines,2.8341,0,3,Other Purse Seines
2018-10-01,2018,10,34.5,-120.7,USA,other_purse_seines,1.8455,0,2,Other Purse Seines
2018-10-01,2018,10,34.6,-121,USA,trawlers,0.678,0,1,Trawlers
2018-10-01,2018,10,34.6,-121.1,USA,trawlers,0.7816,0,1,Trawlers
2018-10-01,2018,10,34.6,-120.9,USA,drifting_longlines,1.1149,0,1,Drifting Longlines
2018-10-01,2018,10,34.6,-120.8,USA,other_purse_seines,1.183,0,2,Other Purse Seines
2018-10-01,2018,10,34.7,-121.2,USA,trawlers,0.7502,0,1,Trawlers
2018-10-01,2018,10,34.7,-121.1,USA,trawlers,0.825,0,1,Trawlers
2018-10-01,2018,10,34.8,-121.2,USA,drifting_longlines,0.925,0,1,Drifting Longlines
2018-10-01,2018,10,34.8,-120.8,USA,fishing,1.5138,0,2,Fishing
2018-10-01,2018,10,34.8,-121,USA,fishing,0.1666,0,1,Fishing
2018-10-01,2018,10,34.8,-120.9,USA,other_purse_seines,1.3733,0,2,Other Purse Seines
2018-10-01,2018,10,34.8,-121,USA,drifting_longlines,0.9477,0,1,Drifting Longlines
2018-10-01,2018,10,34.9,-121.5,USA,trawlers,1.2019,0.9247,1,Trawlers
2018-10-01,2018,10,34.9,-121,USA,drifting_longlines,0.5272,0,1,Drifting Longlines
2018-10-01,2018,10,34,-120.9,USA,pole_and_line,5.9086,5.7169,1,Pole and Line
2018-10-01,2018,10,34.1,-120.8,USA,fishing,9.7636,7.5127,1,Fishing
2018-10-01,2018,10,34.1,-120.7,USA,pole_and_line,1.55,0,1,Pole and Line
2018-10-01,2018,10,34.2,-121,USA,fishing,5.0702,3.8283,1,Fishing
2018-10-01,2018,10,34.2,-120.9,USA,fishing,0.6519,0,1,Fishing
2018-10-01,2018,10,34.3,-120.7,USA,drifting_longlines,1.025,0,2,Drifting Longlines
2018-10-01,2018,10,34.3,-120.7,USA,trawlers,5.5086,3.1263,2,Trawlers
2018-10-01,2018,10,34.3,-120.8,USA,fishing,0.4438,0,1,Fishing
2018-10-01,2018,10,34.3,-120.4,USA,drifting_longlines,0.9777,0,1,Drifting Longlines
2018-10-01,2018,10,34.3,-120.4,USA,other_purse_seines,0.5075,0,2,Other Purse Seines
2018-10-01,2018,10,34.4,-120.7,USA,drifting_longlines,0.4947,0,1,Drifting Longlines
2018-10-01,2018,10,34.4,-120.4,USA,other_purse_seines,33.6283,3.8097,3,Other Purse Seines
2018-10-01,2018,10,34.4,-120.4,USA,fishing,3.1808,0,2,Fishing
2018-10-01,2018,10,34.4,-120.9,USA,trawlers,0.7166,0,1,Trawlers
2018-10-01,2018,10,34.4,-120.6,USA,other_purse_seines,2.1236,0,3,Other Purse Seines
2018-10-01,2018,10,34.4,-120.5,USA,drifting_longlines,0.1083,0,1,Drifting Longlines
2018-10-01,2018,10,34.5,-121.3,USA,trawlers,0.9266,0.7208,1,Trawlers
2018-10-01,2018,10,34.5,-120.8,USA,drifting_longlines,0.9908,0,1,Drifting Longlines
2018-10-01,2018,10,34.5,-121,USA,drifting_longlines,1.3322,0,2,Drifting Longlines
2018-10-01,2018,10,34.5,-120.6,USA,other_purse_seines,1.7019,0,3,Other Purse Seines
2018-10-01,2018,10,34.5,-120.9,USA,trawlers,0.6497,0,1,Trawlers
2018-10-01,2018,10,34.5,-120.8,USA,fishing,0.4163,0,1,Fishing
2018-10-01,2018,10,34.5,-120.7,USA,fishing,50.1652,18.2563,2,Fishing
2018-10-01,2018,10,34.6,-120.7,USA,fishing,1.2188,0.6811,2,Fishing
2018-10-01,2018,10,34.6,-120.7,USA,other_purse_seines,0.2666,0,1,Other Purse Seines
2018-10-01,2018,10,34.6,-121.1,USA,drifting_longlines,0.5083,0,1,Drifting Longlines
2018-10-01,2018,10,34.6,-120.9,USA,trawlers,2.1375,0.6577,2,Trawlers
2018-10-01,2018,10,34.6,-121,USA,fishing,0.15,0,1,Fishing
2018-10-01,2018,10,34.6,-120.8,USA,trawlers,3.3847,1.1902,2,Trawlers
2018-10-01,2018,10,34.7,-121,USA,fishing,0.8497,0,1,Fishing
2018-10-01,2018,10,34.7,-120.9,USA,other_purse_seines,0.7686,0,2,Other Purse Seines
2018-10-01,2018,10,34.7,-121.1,USA,drifting_longlines,1.2416,0,2,Drifting Longlines
2018-10-01,2018,10,34.7,-120.7,USA,fishing,4.5355,2.8544,1,Fishing
2018-10-01,2018,10,34.7,-120.8,USA,fishing,0.7497,0,1,Fishing
2018-10-01,2018,10,34.7,-120.9,USA,trawlers,1.1108,0,1,Trawlers
2018-10-01,2018,10,34.7,-120.8,USA,trawlers,1.2766,0,2,Trawlers
2018-10-01,2018,10,34.7,-121,USA,trawlers,1.6355,0.4999,2,Trawlers
2018-10-01,2018,10,34.8,-121.1,USA,drifting_longlines,0.8327,0,1,Drifting Longlines
2018-10-01,2018,10,34.8,-121.1,USA,trawlers,0.5805,0,1,Trawlers
2018-10-01,2018,10,34.8,-120.7,USA,fishing,3.3308,1.8344,1,Fishing
2018-10-01,2018,10,34.8,-120.8,USA,trawlers,0.1636,0,1,Trawlers
2018-10-01,2018,10,34.8,-121.2,USA,trawlers,3.4058,1.8138,2,Trawlers
2018-10-01,2018,10,34.8,-121.3,USA,trawlers,1.1969,1.1969,1,Trawlers
2018-10-01,2018,10,34.9,-120.9,USA,fishing,0.4836,0,1,Fishing
2018-10-01,2018,10,34.9,-121.2,USA,fishing,0.4002,0,1,Fishing
2018-10-01,2018,10,34.9,-121.1,USA,drifting_longlines,0.6044,0,2,Drifting Longlines
2018-10-01,2018,10,34.9,-121.2,USA,trawlers,0.5497,0,1,Trawlers
2018-10-01,2018,10,34.9,-120.8,USA,fishing,1.65,0,2,Fishing
2018-10-01,2018,10,35,-121.2,USA,fishing,0.8502,0,1,Fishing
2018-10-01,2018,10,35,-121.4,USA,trawlers,0.4694,0,1,Trawlers
2018-10-01,2018,10,35,-121.3,USA,drifting_longlines,1.1838,0,2,Drifting Longlines
2018-10-01,2018,10,35,-121.5,USA,trawlers,4.5391,3.1499,1,Trawlers
2018-10-01,2018,10,35,-121.2,USA,drifting_longlines,0.6833,0,1,Drifting Longlines
2018-10-01,2018,10,34,-121,USA,fishing,0.8491,0.8491,1,Fishing
2018-10-01,2018,10,34,-120.8,USA,fishing,2.7141,2.5069,1,Fishing
2018-10-01,2018,10,34.1,-120.7,USA,fishing,0.2083,0,1,Fishing
2018-10-01,2018,10,34.2,-120.6,USA,pole_and_line,4.2166,2.2261,1,Pole and Line
2018-10-01,2018,10,34.2,-120.9,USA,pole_and_line,18.9772,12.6986,1,Pole and Line
2018-10-01,2018,10,34.3,-120.8,USA,drifting_longlines,1.7663,0,2,Drifting Longlines
2018-10-01,2018,10,34.3,-120.6,USA,fishing,1.658,0,2,Fishing
2018-10-01,2018,10,34.3,-121,USA,trawlers,4.4263,4.4263,1,Trawlers
2018-10-01,2018,10,34.3,-120.4,USA,pole_and_line,0.9586,0,1,Pole and Line
2018-10-01,2018,10,34.4,-120.5,USA,fishing,18.6444,0.2638,2,Fishing
2018-10-01,2018,10,34.4,-120.5,USA,trawlers,0.675,0,2,Trawlers
2018-10-01,2018,10,34.4,-120.6,USA,fishing,12.7763,4.1261,2,Fishing
2018-10-01,2018,10,34.4,-120.8,USA,drifting_longlines,0.0994,0,1,Drifting Longlines
2018-10-01,2018,10,34.4,-120.7,USA,fishing,0.6247,0,1,Fishing
2018-10-01,2018,10,34.4,-120.7,USA,trawlers,1.0749,0.3055,1,Trawlers
2018-10-01,2018,10,34.4,-120.8,USA,fishing,0.6172,0,1,Fishing
2018-10-01,2018,10,34.5,-120.6,USA,fishing,6.2069,1.5261,2,Fishing
2018-10-01,2018,10,34.5,-120.7,USA,drifting_longlines,0.5477,0,1,Drifting Longlines
2018-10-01,2018,10,34.5,-120.9,USA,drifting_longlines,0.4163,0,1,Drifting Longlines
2018-10-01,2018,10,34.6,-121.2,USA,trawlers,0.7191,0,1,Trawlers
2018-10-01,2018,10,34.6,-120.7,USA,trawlers,0.0494,0,1,Trawlers
2018-10-01,2018,10,34.9,-120.9,USA,trawlers,0.6836,0,1,Trawlers
2018-10-01,2018,10,34.9,-121.1,USA,other_purse_seines,0.2244,0,1,Other Purse Seines
2018-10-01,2018,10,34.9,-121.2,USA,drifting_longlines,1.175,0,2,Drifting Longlines
2018-10-01,2018,10,34.9,-121.3,USA,drifting_longlines,0.4833,0,1,Drifting Longlines
2018-10-01,2018,10,34.9,-121.1,USA,fishing,0.4327,0,1,Fishing
2018-10-01,2018,10,35,-121.1,USA,drifting_longlines,0.9569,0,1,Drifting Longlines
2018-10-01,2018,10,35,-121.2,USA,other_purse_seines,0.1158,0,1,Other Purse Seines
2018-10-01,2018,10,35,-120.9,USA,fishing,0.8488,0,1,Fishing
2018-10-01,2018,10,35,-120.8,USA,fishing,2.1227,0,1,Fishing
2018-10-01,2018,10,35.1,-120.8,USA,fishing,3.0519,0,1,Fishing
2018-10-01,2018,10,34.1,-120.9,USA,fishing,0.5836,0,1,Fishing
2018-10-01,2018,10,34.2,-120.7,USA,trawlers,0.1522,0,1,Trawlers
2018-10-01,2018,10,34.2,-120.8,USA,pole_and_line,1.0788,0,1,Pole and Line
2018-10-01,2018,10,34.2,-120.7,USA,fishing,1.0913,0,1,Fishing
2018-10-01,2018,10,34.2,-120.6,USA,trawlers,1.1777,0,2,Trawlers
2018-10-01,2018,10,34.3,-120.5,USA,drifting_longlines,1.7663,0,3,Drifting Longlines
2018-10-01,2018,10,34.3,-120.8,USA,trawlers,0.6747,0,1,Trawlers
2018-10-01,2018,10,34.3,-120.5,USA,trawlers,5.0222,2.5272,2,Trawlers
2018-10-01,2018,10,34.3,-120.4,USA,fishing,0.5658,0,1,Fishing
2018-10-01,2018,10,34.3,-120.5,USA,pole_and_line,0.84,0,1,Pole and Line
2018-10-01,2018,10,34.3,-120.6,USA,drifting_longlines,2.0752,0,2,Drifting Longlines
2018-10-01,2018,10,34.3,-120.4,USA,trawlers,1.1366,0,2,Trawlers
2018-10-01,2018,10,34.3,-120.6,USA,trawlers,2.9558,1.2391,1,Trawlers
2018-10-01,2018,10,34.3,-120.5,USA,fishing,0.758,0,2,Fishing
2018-10-01,2018,10,34.4,-120.6,USA,trawlers,3.038,1.2419,2,Trawlers
2018-10-01,2018,10,34.4,-120.6,USA,drifting_longlines,0.9936,0,1,Drifting Longlines
2018-10-01,2018,10,34.4,-120,USA,other_purse_seines,1.508,0,1,Other Purse Seines
2018-10-01,2018,10,34.4,-120.3,USA,fishing,3.4408,0,2,Fishing
2018-10-01,2018,10,34.4,-120.3,USA,trawlers,2.9477,2.9477,1,Trawlers
2018-10-01,2018,10,34.4,-120.3,USA,other_purse_seines,4.5308,0,1,Other Purse Seines
2018-10-01,2018,10,34.5,-120.7,USA,trawlers,2.7613,0.4997,2,Trawlers
2018-10-01,2018,10,34.5,-120.9,USA,fishing,0.4833,0,1,Fishing
2018-10-01,2018,10,34.5,-120.6,USA,trawlers,9.1599,0.5861,2,Trawlers
2018-10-01,2018,10,34.5,-121.2,USA,trawlers,3.5558,1.953,1,Trawlers
2018-10-01,2018,10,34.5,-120.8,USA,trawlers,0.5027,0,1,Trawlers
2018-10-01,2018,10,34.6,-121,USA,drifting_longlines,1.2933,0,2,Drifting Longlines
2018-10-01,2018,10,34.6,-120.9,USA,fishing,0.6836,0,1,Fishing
2018-10-01,2018,10,34.6,-120.8,USA,fishing,0.7175,0,1,Fishing
2018-10-01,2018,10,34.7,-121,USA,drifting_longlines,0.9358,0,2,Drifting Longlines
2018-10-01,2018,10,34.7,-120.9,USA,drifting_longlines,0.6663,0,1,Drifting Longlines
2018-10-01,2018,10,34.7,-120.8,USA,other_purse_seines,0.7305,0,2,Other Purse Seines
2018-10-01,2018,10,34.8,-121.1,USA,fishing,0.6502,0,1,Fishing
2018-10-01,2018,10,34.8,-120.9,USA,trawlers,1.3583,0,2,Trawlers
2018-10-01,2018,10,34.8,-121,USA,other_purse_seines,0.2094,0,1,Other Purse Seines
2018-10-01,2018,10,34.9,-121,USA,trawlers,2.3905,0.5841,2,Trawlers
2018-10-01,2018,10,34.9,-121,USA,other_purse_seines,1.4411,0,2,Other Purse Seines
2018-10-01,2018,10,34.9,-121.1,USA,trawlers,1.6608,1.2411,2,Trawlers
2018-10-01,2018,10,35,-121.1,USA,trawlers,1.7527,1.1494,2,Trawlers
2018-10-01,2018,10,35,-121.1,USA,other_purse_seines,1.0008,0,2,Other Purse Seines
2018-10-01,2018,10,35,-120.9,USA,trawlers,7.5105,7.3605,1,Trawlers
2018-10-01,2018,10,35,-121,USA,other_purse_seines,0.4575,0,1,Other Purse Seines
2018-10-01,2018,10,35,-121,USA,trawlers,20.8077,16.9275,2,Trawlers
2018-11-01,2018,11,34,-120.9,USA,pole_and_line,9.9338,8.6519,1,Pole and Line
2018-11-01,2018,11,34.1,-120.8,USA,fishing,0.3422,0,1,Fishing
2018-11-01,2018,11,34.1,-120.9,USA,fishing,0.4083,0,1,Fishing
2018-11-01,2018,11,34.2,-120.8,USA,fishing,0.96,0,1,Fishing
2018-11-01,2018,11,34.2,-120.9,USA,fishing,1.3391,0,1,Fishing
2018-11-01,2018,11,34.2,-120.6,USA,pole_and_line,1.1486,0,1,Pole and Line
2018-11-01,2018,11,34.2,-120.9,USA,pole_and_line,0.2086,0.2086,1,Pole and Line
2018-11-01,2018,11,34.2,-120.7,USA,fishing,0.9486,0,1,Fishing
2018-11-01,2018,11,34.3,-121.2,USA,fishing,0,0,1,Fishing
2018-11-01,2018,11,34.3,-120.8,USA,fishing,0.0738,0,1,Fishing
2018-11-01,2018,11,34.3,-120.5,USA,other_purse_seines,0.3249,0,1,Other Purse Seines
2018-11-01,2018,11,34.3,-121,USA,fishing,1.2075,1.2075,1,Fishing
2018-11-01,2018,11,34.4,-120.5,USA,fishing,0.8905,0,2,Fishing
2018-11-01,2018,11,34.4,-120.5,USA,other_purse_seines,6.3586,0,5,Other Purse Seines
2018-11-01,2018,11,34.4,-120.6,USA,other_purse_seines,3.0133,0,6,Other Purse Seines
2018-11-01,2018,11,34.5,-120.9,USA,fishing,0.1997,0,1,Fishing
2018-11-01,2018,11,34.5,-120.6,USA,other_purse_seines,1.9616,0,5,Other Purse Seines
2018-11-01,2018,11,34.6,-121,USA,fishing,0.5086,0,1,Fishing
2018-11-01,2018,11,34.6,-120.9,USA,fishing,0.4166,0,1,Fishing
2018-11-01,2018,11,34.6,-120.7,USA,other_purse_seines,0.0916,0,1,Other Purse Seines
2018-11-01,2018,11,34.6,-120.8,USA,other_purse_seines,0.2997,0,1,Other Purse Seines
2018-11-01,2018,11,34.7,-120.8,USA,other_purse_seines,0.2166,0,1,Other Purse Seines
2018-11-01,2018,11,34.7,-120.7,USA,fishing,15.6494,6.6569,1,Fishing
2018-11-01,2018,11,34.8,-120.7,USA,fishing,23.4222,9.8494,1,Fishing
2018-11-01,2018,11,34.8,-121.2,USA,fishing,0.5166,0,1,Fishing
2018-11-01,2018,11,34.8,-120.8,USA,fishing,2.0372,0.0833,1,Fishing
2018-11-01,2018,11,34.8,-120.9,USA,other_purse_seines,0.5519,0,1,Other Purse Seines
2018-11-01,2018,11,34.8,-120.8,USA,other_purse_seines,0.7438,0,1,Other Purse Seines
2018-11-01,2018,11,34.9,-120.8,USA,fishing,12.5755,0.583,1,Fishing
2018-11-01,2018,11,34.9,-120.7,USA,fishing,1.4733,0.0916,1,Fishing
2018-11-01,2018,11,35,-120.8,USA,fishing,11.8694,0,1,Fishing
2018-11-01,2018,11,35,-120.9,USA,other_purse_seines,3.9497,0,1,Other Purse Seines
2018-11-01,2018,11,35,-121.1,USA,other_purse_seines,0.7408,0,1,Other Purse Seines
2018-11-01,2018,11,35.1,-120.8,USA,fishing,65.7652,0,1,Fishing
2018-11-01,2018,11,34,-120.8,USA,pole_and_line,3.2413,2.7661,1,Pole and Line
2018-11-01,2018,11,34.1,-121,USA,fishing,9.2086,8.5258,1,Fishing
2018-11-01,2018,11,34.1,-120.9,USA,pole_and_line,27.7294,24.1636,1,Pole and Line
2018-11-01,2018,11,34.1,-120.7,USA,fishing,0.1844,0,1,Fishing
2018-11-01,2018,11,34.1,-120.7,USA,pole_and_line,4.5352,1.258,1,Pole and Line
2018-11-01,2018,11,34.1,-120.8,USA,pole_and_line,4.5369,1.3663,1,Pole and Line
2018-11-01,2018,11,34.2,-120.6,USA,fishing,0.7672,0,1,Fishing
2018-11-01,2018,11,34.2,-121,USA,fishing,12.6805,8.4188,2,Fishing
2018-11-01,2018,11,34.2,-121.1,USA,fishing,0.2416,0,1,Fishing
2018-11-01,2018,11,34.2,-120.7,USA,pole_and_line,0.24,0,1,Pole and Line
2018-11-01,2018,11,34.3,-120.5,USA,fishing,0.2766,0,2,Fishing
2018-11-01,2018,11,34.3,-120.4,USA,other_purse_seines,1.9511,0,2,Other Purse Seines
2018-11-01,2018,11,34.3,-120.6,USA,fishing,0.3986,0,1,Fishing
2018-11-01,2018,11,34.3,-120.7,USA,fishing,0.3011,0,1,Fishing
2018-11-01,2018,11,34.3,-120.4,USA,fishing,1.9747,0,2,Fishing
2018-11-01,2018,11,34.3,-121.1,USA,fishing,0.6419,0,1,Fishing
2018-11-01,2018,11,34.4,-120.4,USA,other_purse_seines,37.2016,0.7419,4,Other Purse Seines
2018-11-01,2018,11,34.4,-120.3,USA,fishing,0.2333,0,1,Fishing
2018-11-01,2018,11,34.4,-120.3,USA,other_purse_seines,1.5394,0,4,Other Purse Seines
2018-11-01,2018,11,34.4,-120.7,USA,fishing,0.4752,0,1,Fishing
2018-11-01,2018,11,34.4,-120.6,USA,fishing,0.6258,0,1,Fishing
2018-11-01,2018,11,34.4,-120.4,USA,fishing,0.4833,0,1,Fishing
2018-11-01,2018,11,34.5,-120.7,USA,other_purse_seines,2.7847,0,3,Other Purse Seines
2018-11-01,2018,11,34.5,-120.8,USA,fishing,0.9586,0,1,Fishing
2018-11-01,2018,11,34.5,-120.7,USA,fishing,0.333,0,1,Fishing
2018-11-01,2018,11,34.6,-121.1,USA,fishing,1.025,0,1,Fishing
2018-11-01,2018,11,34.6,-120.7,USA,fishing,16.9894,12.5594,1,Fishing
2018-11-01,2018,11,34.7,-121.1,USA,fishing,0.3,0,1,Fishing
2018-11-01,2018,11,34.7,-120.9,USA,other_purse_seines,0.5299,0,1,Other Purse Seines
2018-11-01,2018,11,34.7,-120.7,USA,other_purse_seines,0.7055,0,1,Other Purse Seines
2018-11-01,2018,11,34.8,-121,USA,other_purse_seines,0.2416,0,1,Other Purse Seines
2018-11-01,2018,11,34.9,-121.2,USA,fishing,1.65,0,1,Fishing
2018-11-01,2018,11,34.9,-120.8,USA,other_purse_seines,1.1836,0,1,Other Purse Seines
2018-11-01,2018,11,34.9,-121,USA,other_purse_seines,0.7661,0,1,Other Purse Seines
2018-11-01,2018,11,35,-120.8,USA,other_purse_seines,0.3394,0,1,Other Purse Seines
2018-11-01,2018,11,35,-120.7,USA,fishing,1.3727,0,1,Fishing
2018-11-01,2018,11,35.1,-120.8,USA,other_purse_seines,8.1688,0,1,Other Purse Seines
2018-12-01,2018,12,34.1,-121,USA,fishing,10.6625,1.0819,1,Fishing
2018-12-01,2018,12,34.1,-120.9,USA,fishing,0.058,0,1,Fishing
2018-12-01,2018,12,34.1,-120.9,USA,pole_and_line,14.6133,12.048,1,Pole and Line
2018-12-01,2018,12,34.2,-120.6,USA,pole_and_line,0.7133,0,1,Pole and Line
2018-12-01,2018,12,34.2,-120.9,USA,fishing,0.8638,0,1,Fishing
2018-12-01,2018,12,34.2,-120.6,USA,fishing,0.4336,0,1,Fishing
2018-12-01,2018,12,34.2,-120.7,USA,fishing,0.3911,0,1,Fishing
2018-12-01,2018,12,34.3,-120.7,USA,drifting_longlines,0.8172,0,1,Drifting Longlines
2018-12-01,2018,12,34.3,-120.4,USA,drifting_longlines,1.6972,0,2,Drifting Longlines
2018-12-01,2018,12,34.3,-120.9,USA,drifting_longlines,0.2413,0,1,Drifting Longlines
2018-12-01,2018,12,34.3,-120.9,USA,pole_and_line,3.4075,2.6166,1,Pole and Line
2018-12-01,2018,12,34.3,-120.5,USA,drifting_longlines,2.3761,0,2,Drifting Longlines
2018-12-01,2018,12,34.3,-120.7,USA,pole_and_line,1.0166,0,1,Pole and Line
2018-12-01,2018,12,34.3,-120.7,USA,fishing,0.4108,0,1,Fishing
2018-12-01,2018,12,34.3,-120.6,USA,fishing,0.6336,0,2,Fishing
2018-12-01,2018,12,34.3,-120.4,USA,other_purse_seines,2.9058,2.1236,3,Other Purse Seines
2018-12-01,2018,12,34.4,-120.6,USA,other_purse_seines,3.6975,0,5,Other Purse Seines
2018-12-01,2018,12,34.4,-120.7,USA,fishing,1.6619,0,4,Fishing
2018-12-01,2018,12,34.4,-120,USA,fishing,0.8169,0,1,Fishing
2018-12-01,2018,12,34.4,-120.4,USA,other_purse_seines,4.118,0,5,Other Purse Seines
2018-12-01,2018,12,34.4,-120.4,USA,fishing,4.063,0,5,Fishing
2018-12-01,2018,12,34.4,-120.8,USA,drifting_longlines,1.1583,0,2,Drifting Longlines
2018-12-01,2018,12,34.5,-120.6,USA,other_purse_seines,2.4736,0,3,Other Purse Seines
2018-12-01,2018,12,34.5,-120.7,USA,fishing,13.8927,0.558,6,Fishing
2018-12-01,2018,12,34.6,-120.9,USA,drifting_longlines,3.2738,0,2,Drifting Longlines
2018-12-01,2018,12,34.6,-120.9,USA,other_purse_seines,0.2266,0,1,Other Purse Seines
2018-12-01,2018,12,34.6,-121.1,USA,drifting_longlines,0.733,0,1,Drifting Longlines
2018-12-01,2018,12,34.6,-121,USA,drifting_longlines,1.0588,0,2,Drifting Longlines
2018-12-01,2018,12,34.7,-121.1,USA,drifting_longlines,0.6508,0,2,Drifting Longlines
2018-12-01,2018,12,34.7,-121,USA,drifting_longlines,2.6188,0,2,Drifting Longlines
2018-12-01,2018,12,34.7,-120.9,USA,other_purse_seines,5.4652,0,5,Other Purse Seines
2018-12-01,2018,12,34.7,-120.8,USA,fishing,1.7583,0,3,Fishing
2018-12-01,2018,12,34.8,-121.1,USA,drifting_longlines,2.3755,0,2,Drifting Longlines
2018-12-01,2018,12,34.8,-121,USA,other_purse_seines,1.4744,0,3,Other Purse Seines
2018-12-01,2018,12,34.8,-121.2,USA,drifting_longlines,0.9163,0,1,Drifting Longlines
2018-12-01,2018,12,34.8,-121,USA,drifting_longlines,0.1555,0,1,Drifting Longlines
2018-12-01,2018,12,34.8,-120.9,USA,other_purse_seines,4.1769,0,5,Other Purse Seines
2018-12-01,2018,12,34.8,-121,USA,fishing,2.1152,0,3,Fishing
2018-12-01,2018,12,34.9,-120.9,USA,fishing,3.4186,0,3,Fishing
2018-12-01,2018,12,34.9,-121.1,USA,other_purse_seines,0.7894,0,2,Other Purse Seines
2018-12-01,2018,12,34.9,-121,USA,fishing,0.9463,0,3,Fishing
2018-12-01,2018,12,34.9,-120.8,USA,fishing,0.205,0,1,Fishing
2018-12-01,2018,12,35,-121.2,USA,fishing,0.7527,0,2,Fishing
2018-12-01,2018,12,35,-121.4,USA,drifting_longlines,0.3333,0,1,Drifting Longlines
2018-12-01,2018,12,35,-121,USA,other_purse_seines,2.4491,0,5,Other Purse Seines
2018-12-01,2018,12,35,-121.1,USA,fishing,1.6411,0,3,Fishing
2018-12-01,2018,12,34,-120.8,USA,pole_and_line,10.77,9.9516,1,Pole and Line
2018-12-01,2018,12,34,-120.9,USA,pole_and_line,7.7027,6.2877,1,Pole and Line
2018-12-01,2018,12,34.1,-120.7,USA,pole_and_line,2.2399,0,1,Pole and Line
2018-12-01,2018,12,34.1,-120.8,USA,fishing,0.3336,0,1,Fishing
2018-12-01,2018,12,34.1,-120.7,USA,fishing,0.3913,0,1,Fishing
2018-12-01,2018,12,34.1,-121,USA,pole_and_line,0.0922,0,1,Pole and Line
2018-12-01,2018,12,34.1,-120.8,USA,pole_and_line,1.8916,0,1,Pole and Line
2018-12-01,2018,12,34.2,-121,USA,fishing,0.5502,0,1,Fishing
2018-12-01,2018,12,34.2,-120.8,USA,fishing,0.4047,0,1,Fishing
2018-12-01,2018,12,34.3,-120.8,USA,drifting_longlines,0.75,0,1,Drifting Longlines
2018-12-01,2018,12,34.3,-120.8,USA,fishing,0.4313,0,1,Fishing
2018-12-01,2018,12,34.3,-120.8,USA,pole_and_line,7.2755,5.3202,1,Pole and Line
2018-12-01,2018,12,34.3,-120.6,USA,pole_and_line,0.7916,0,1,Pole and Line
2018-12-01,2018,12,34.3,-120.4,USA,pole_and_line,1.075,0,1,Pole and Line
2018-12-01,2018,12,34.3,-120.5,USA,fishing,0.5833,0,1,Fishing
2018-12-01,2018,12,34.3,-120.6,USA,drifting_longlines,2.233,0,2,Drifting Longlines
2018-12-01,2018,12,34.3,-120.5,USA,pole_and_line,1.2236,0,1,Pole and Line
2018-12-01,2018,12,34.3,-120.4,USA,fishing,1.8575,0,4,Fishing
2018-12-01,2018,12,34.4,-120.3,USA,fishing,2.038,0,3,Fishing
2018-12-01,2018,12,34.4,-120.9,USA,drifting_longlines,0.9002,0,1,Drifting Longlines
2018-12-01,2018,12,34.4,-120.6,USA,fishing,5.9555,0.2352,5,Fishing
2018-12-01,2018,12,34.4,-120.3,USA,other_purse_seines,1.833,0,4,Other Purse Seines
2018-12-01,2018,12,34.4,-120.7,USA,drifting_longlines,1.5002,0,2,Drifting Longlines
2018-12-01,2018,12,34.4,-120.5,USA,other_purse_seines,6.6813,0,5,Other Purse Seines
2018-12-01,2018,12,34.4,-120.5,USA,fishing,3.3347,0,4,Fishing
2018-12-01,2018,12,34.4,-120.7,USA,other_purse_seines,0.6333,0,1,Other Purse Seines
2018-12-01,2018,12,34.5,-120.8,USA,other_purse_seines,0.8172,0,1,Other Purse Seines
2018-12-01,2018,12,34.5,-120.9,USA,drifting_longlines,0.9147,0,2,Drifting Longlines
2018-12-01,2018,12,34.5,-120.7,USA,other_purse_seines,6.0383,0,5,Other Purse Seines
2018-12-01,2018,12,34.5,-120.6,USA,fishing,4.3622,0.1,2,Fishing
2018-12-01,2018,12,34.5,-120.8,USA,fishing,1.6883,0,3,Fishing
2018-12-01,2018,12,34.5,-121,USA,drifting_longlines,0.9358,0,1,Drifting Longlines
2018-12-01,2018,12,34.5,-120.8,USA,drifting_longlines,1.2574,0,2,Drifting Longlines
2018-12-01,2018,12,34.6,-120.9,USA,fishing,0.9583,0,2,Fishing
2018-12-01,2018,12,34.6,-120.8,USA,other_purse_seines,5.5847,0,5,Other Purse Seines
2018-12-01,2018,12,34.6,-120.8,USA,fishing,1.9161,0,4,Fishing
2018-12-01,2018,12,34.6,-120.7,USA,fishing,0.9055,0,2,Fishing
2018-12-01,2018,12,34.7,-120.9,USA,fishing,2.0758,0,3,Fishing
2018-12-01,2018,12,34.7,-121,USA,fishing,0.2497,0,1,Fishing
2018-12-01,2018,12,34.7,-120.8,USA,other_purse_seines,3.3988,0,4,Other Purse Seines
2018-12-01,2018,12,34.8,-120.8,USA,fishing,1.6594,0,3,Fishing
2018-12-01,2018,12,34.8,-120.9,USA,fishing,1.3086,0,3,Fishing
2018-12-01,2018,12,34.9,-121,USA,other_purse_seines,5.93,0,5,Other Purse Seines
2018-12-01,2018,12,34.9,-120.9,USA,other_purse_seines,1.2588,0,3,Other Purse Seines
2018-12-01,2018,12,34.9,-121.1,USA,drifting_longlines,0.9325,0,2,Drifting Longlines
2018-12-01,2018,12,34.9,-121.1,USA,fishing,1.5544,0,3,Fishing
2018-12-01,2018,12,34.9,-121.3,USA,drifting_longlines,0.6522,0,1,Drifting Longlines
2018-12-01,2018,12,34.9,-121.2,USA,drifting_longlines,1.9816,0,2,Drifting Longlines
2018-12-01,2018,12,35,-121.2,USA,drifting_longlines,1.6416,0,2,Drifting Longlines
2018-12-01,2018,12,35,-121,USA,fishing,0.6502,0,1,Fishing
2018-12-01,2018,12,35,-121.2,USA,other_purse_seines,0.2166,0,1,Other Purse Seines
2018-12-01,2018,12,35,-121.1,USA,other_purse_seines,4.0166,0,4,Other Purse Seines
2018-12-01,2018,12,35,-121.3,USA,drifting_longlines,1.4519,0,2,Drifting Longlines
2018-12-01,2018,12,35,-120.9,USA,fishing,0.7847,0,2,Fishing
2019-01-01,2019,1,34.1,-120.7,USA,fishing,0.233,0,1,Fishing
2019-01-01,2019,1,34.1,-120.7,USA,pole_and_line,0.2058,0,1,Pole and Line
2019-01-01,2019,1,34.1,-120.8,USA,pole_and_line,0.6666,0,1,Pole and Line
2019-01-01,2019,1,34.1,-120.9,USA,fishing,0.4286,0.4286,1,Fishing
2019-01-01,2019,1,34.2,-120.9,USA,pole_and_line,8.0574,6.6308,1,Pole and Line
2019-01-01,2019,1,34.2,-121,USA,fishing,2.7249,2.2352,1,Fishing
2019-01-01,2019,1,34.2,-121,USA,pole_and_line,1.5833,1.0619,1,Pole and Line
2019-01-01,2019,1,34.2,-120.7,USA,pole_and_line,3.4608,2.9083,1,Pole and Line
2019-01-01,2019,1,34.3,-120.8,USA,set_longlines,0.3669,0,1,Set Longlines
2019-01-01,2019,1,34.3,-120.4,USA,set_longlines,1.2783,0,1,Set Longlines
2019-01-01,2019,1,34.3,-120.6,USA,pole_and_line,1.0636,0,1,Pole and Line
2019-01-01,2019,1,34.3,-120.6,USA,fishing,0.3494,0,1,Fishing
2019-01-01,2019,1,34.3,-120.7,USA,fishing,0.3672,0,1,Fishing
2019-01-01,2019,1,34.3,-120.8,USA,fishing,0.1247,0,1,Fishing
2019-01-01,2019,1,34.4,-120.6,USA,other_purse_seines,0.6669,0,1,Other Purse Seines
2019-01-01,2019,1,34.4,-120.5,USA,fishing,21.5672,0.4563,1,Fishing
2019-01-01,2019,1,34.5,-120.7,USA,fishing,26.0569,7.5705,1,Fishing
2019-01-01,2019,1,34.8,-120.8,USA,other_purse_seines,0.0416,0,1,Other Purse Seines
2019-01-01,2019,1,34.9,-120.9,USA,other_purse_seines,0.7505,0,1,Other Purse Seines
2019-01-01,2019,1,34.9,-121.4,USA,fishing,0.1655,0,1,Fishing
2019-01-01,2019,1,35,-120.9,USA,other_purse_seines,0.2494,0,1,Other Purse Seines
2019-01-01,2019,1,35,-121,USA,other_purse_seines,0.4258,0,1,Other Purse Seines
2019-01-01,2019,1,35,-121.4,USA,fishing,0.6127,0,1,Fishing
2019-01-01,2019,1,34.1,-121,USA,fishing,9.5202,9.5202,1,Fishing
2019-01-01,2019,1,34.1,-120.9,USA,pole_and_line,0.6669,0,1,Pole and Line
2019-01-01,2019,1,34.1,-121,USA,pole_and_line,5.6172,5.1086,1,Pole and Line
2019-01-01,2019,1,34.2,-120.9,USA,fishing,1.1524,0,1,Fishing
2019-01-01,2019,1,34.2,-120.6,USA,fishing,0.8755,0,1,Fishing
2019-01-01,2019,1,34.2,-120.8,USA,fishing,0.9813,0,1,Fishing
2019-01-01,2019,1,34.2,-120.8,USA,pole_and_line,0.6236,0,1,Pole and Line
2019-01-01,2019,1,34.2,-120.7,USA,fishing,0.7658,0,1,Fishing
2019-01-01,2019,1,34.2,-120.6,USA,pole_and_line,0.5833,0,1,Pole and Line
2019-01-01,2019,1,34.3,-120.5,USA,fishing,0.4411,0,1,Fishing
2019-01-01,2019,1,34.3,-120.6,USA,set_longlines,0.45,0,1,Set Longlines
2019-01-01,2019,1,34.3,-120.4,USA,pole_and_line,1.2172,0,1,Pole and Line
2019-01-01,2019,1,34.3,-120.4,USA,other_purse_seines,0.3088,0,1,Other Purse Seines
2019-01-01,2019,1,34.3,-120.7,USA,set_longlines,0.1833,0,1,Set Longlines
2019-01-01,2019,1,34.3,-120.8,USA,pole_and_line,0.5833,0,1,Pole and Line
2019-01-01,2019,1,34.3,-120.5,USA,pole_and_line,0.9241,0,1,Pole and Line
2019-01-01,2019,1,34.3,-120.4,USA,fishing,0.4013,0,1,Fishing
2019-01-01,2019,1,34.3,-120.9,USA,pole_and_line,3.8183,2.7247,1,Pole and Line
2019-01-01,2019,1,34.3,-120.5,USA,set_longlines,1.2638,0,1,Set Longlines
2019-01-01,2019,1,34.3,-120.7,USA,pole_and_line,1.1958,0,1,Pole and Line
2019-01-01,2019,1,34.4,-120.6,USA,fishing,11.8625,5.2613,1,Fishing
2019-01-01,2019,1,34.4,-120,USA,fishing,0.6738,0,1,Fishing
2019-01-01,2019,1,34.4,-120.4,USA,other_purse_seines,0.1827,0,1,Other Purse Seines
2019-01-01,2019,1,34.4,-120.5,USA,other_purse_seines,0.5833,0,1,Other Purse Seines
2019-01-01,2019,1,34.4,-120.4,USA,fishing,0.9677,0,1,Fishing
2019-01-01,2019,1,34.4,-120.3,USA,fishing,1.033,0,1,Fishing
2019-01-01,2019,1,34.5,-120.7,USA,other_purse_seines,0.6983,0,1,Other Purse Seines
2019-01-01,2019,1,34.5,-120.6,USA,fishing,3.3066,0.8463,1,Fishing
2019-01-01,2019,1,34.5,-120.6,USA,other_purse_seines,0.0747,0,1,Other Purse Seines
2019-01-01,2019,1,34.6,-120.8,USA,other_purse_seines,0.6091,0,1,Other Purse Seines
2019-01-01,2019,1,34.6,-120.7,USA,other_purse_seines,0.2094,0,1,Other Purse Seines
2019-01-01,2019,1,34.7,-120.8,USA,other_purse_seines,0.7747,0,1,Other Purse Seines
2019-01-01,2019,1,34.8,-120.9,USA,other_purse_seines,0.6666,0,1,Other Purse Seines
2019-01-01,2019,1,34.8,-121.6,USA,fishing,0.7183,0,1,Fishing
2019-01-01,2019,1,34.9,-121.6,USA,fishing,0.1072,0,1,Fishing
2019-01-01,2019,1,34.9,-121.5,USA,fishing,0.775,0,1,Fishing
2019-01-01,2019,1,35,-121.3,USA,fishing,0.3883,0,1,Fishing
2019-02-01,2019,2,34.1,-120.8,USA,pole_and_line,0.8858,0,1,Pole and Line
2019-02-01,2019,2,34.1,-120.9,USA,pole_and_line,1.5841,0,1,Pole and Line
2019-02-01,2019,2,34.1,-121,USA,pole_and_line,17.91,14.0822,1,Pole and Line
2019-02-01,2019,2,34.1,-120.8,USA,fishing,0.233,0,1,Fishing
2019-02-01,2019,2,34.1,-120.7,USA,fishing,0.4502,0,1,Fishing
2019-02-01,2019,2,34.1,-121,USA,fishing,2.7174,1.1411,1,Fishing
2019-02-01,2019,2,34.1,-120.7,USA,pole_and_line,0.5641,0,1,Pole and Line
2019-02-01,2019,2,34.2,-120.7,USA,pole_and_line,2.3652,0,1,Pole and Line
2019-02-01,2019,2,34.2,-120.9,USA,pole_and_line,1.7905,0,1,Pole and Line
2019-02-01,2019,2,34.2,-120.8,USA,pole_and_line,2.0397,0,1,Pole and Line
2019-02-01,2019,2,34.2,-121,USA,pole_and_line,12.383,7.2855,1,Pole and Line
2019-02-01,2019,2,34.2,-120.6,USA,pole_and_line,2.2319,0,1,Pole and Line
2019-02-01,2019,2,34.3,-120.4,USA,set_longlines,1.25,0,1,Set Longlines
2019-02-01,2019,2,34.3,-120.4,USA,pole_and_line,0.703,0,1,Pole and Line
2019-02-01,2019,2,34.3,-120.6,USA,set_longlines,0.3586,0,1,Set Longlines
2019-02-01,2019,2,34.3,-120.5,USA,pole_and_line,0.6169,0,1,Pole and Line
2019-02-01,2019,2,34.3,-120.6,USA,pole_and_line,0.1,0,1,Pole and Line
2019-02-01,2019,2,34.3,-121,USA,set_longlines,1.2413,0.8158,1,Set Longlines
2019-02-01,2019,2,34.3,-120.5,USA,set_longlines,12.9252,0,1,Set Longlines
2019-02-01,2019,2,34.3,-120.9,USA,set_longlines,5.2497,0,1,Set Longlines
2019-02-01,2019,2,34.3,-120.8,USA,set_longlines,0.8002,0,1,Set Longlines
2019-02-01,2019,2,34.3,-120.4,USA,fishing,0.6288,0,2,Fishing
2019-02-01,2019,2,34.3,-120.7,USA,set_longlines,0.55,0,1,Set Longlines
2019-02-01,2019,2,34.4,-120.3,USA,fishing,2.3947,0,1,Fishing
2019-02-01,2019,2,34.4,-120.8,USA,set_longlines,12.5413,0,1,Set Longlines
2019-02-01,2019,2,34.4,-120,USA,set_longlines,0.2761,0,1,Set Longlines
2019-02-01,2019,2,34.4,-120.7,USA,set_longlines,0.2833,0,1,Set Longlines
2019-02-01,2019,2,34.4,-120.4,USA,fishing,3.1425,0,2,Fishing
2019-02-01,2019,2,34.4,-120,USA,fishing,1.9761,0,1,Fishing
2019-02-01,2019,2,34.4,-120.6,USA,fishing,17.2613,10.825,2,Fishing
2019-02-01,2019,2,34.4,-120.6,USA,set_longlines,0.3166,0,1,Set Longlines
2019-02-01,2019,2,34.4,-120.5,USA,fishing,6.9488,1.2133,2,Fishing
2019-02-01,2019,2,34.5,-120.7,USA,fishing,26.7152,5.8963,2,Fishing
2019-02-01,2019,2,34.5,-120.6,USA,fishing,2.5425,1.8966,2,Fishing
2019-02-01,2019,2,34.6,-120.8,USA,fishing,1.6597,0,1,Fishing
2019-02-01,2019,2,34.7,-120.9,USA,fishing,0.6583,0,1,Fishing
2019-02-01,2019,2,34.7,-120.8,USA,fishing,0.9063,0,1,Fishing
2019-02-01,2019,2,34.8,-121,USA,fishing,0.268,0,1,Fishing
2019-02-01,2019,2,34.8,-120.8,USA,fishing,0.4997,0,1,Fishing
2019-02-01,2019,2,34.8,-120.9,USA,fishing,0.8177,0,1,Fishing
2019-02-01,2019,2,34.9,-121,USA,fishing,0.8163,0,1,Fishing
2019-02-01,2019,2,34.9,-120.9,USA,fishing,0.6897,0,1,Fishing
2019-02-01,2019,2,35,-121.1,USA,fishing,0.825,0,1,Fishing
2019-02-01,2019,2,35,-120.9,USA,fishing,0.4938,0,1,Fishing
2019-03-01,2019,3,34.3,-120.4,CAN,fishing,0.6855,0,1,Fishing
2019-03-01,2019,3,34.4,-120.6,CAN,fishing,0.6913,0,1,Fishing
2019-03-01,2019,3,34.4,-120.7,CAN,fishing,0.4619,0,1,Fishing
2019-03-01,2019,3,34.5,-120.7,CAN,fishing,0.5047,0,1,Fishing
2019-03-01,2019,3,34.8,-120.9,CAN,fishing,0.9166,0,1,Fishing
2019-03-01,2019,3,34.9,-121,CAN,fishing,0.6333,0,1,Fishing
2019-03-01,2019,3,34.1,-120.8,USA,pole_and_line,0.9827,0,1,Pole and Line
2019-03-01,2019,3,34.2,-120.8,USA,pole_and_line,19.7169,15.4033,1,Pole and Line
2019-03-01,2019,3,34.2,-120.6,USA,pole_and_line,2.9044,0,1,Pole and Line
2019-03-01,2019,3,34.3,-120.7,USA,set_longlines,1.0599,0,1,Set Longlines
2019-03-01,2019,3,34.3,-121,USA,pole_and_line,6.2927,5.1602,1,Pole and Line
2019-03-01,2019,3,34.3,-121,USA,set_longlines,10.9338,0,1,Set Longlines
2019-03-01,2019,3,34.3,-120.6,USA,fishing,19.9894,0,1,Fishing
2019-03-01,2019,3,34.3,-120.6,USA,set_longlines,1.1497,0,1,Set Longlines
2019-03-01,2019,3,34.3,-120.6,USA,pole_and_line,1.46,0,1,Pole and Line
2019-03-01,2019,3,34.3,-120.4,USA,pole_and_line,1.2108,0,1,Pole and Line
2019-03-01,2019,3,34.3,-120.8,USA,pole_and_line,2.7519,1.3916,1,Pole and Line
2019-03-01,2019,3,34.3,-120.9,USA,pole_and_line,5.7569,3.6891,1,Pole and Line
2019-03-01,2019,3,34.4,-120,USA,other_purse_seines,1.0258,0,1,Other Purse Seines
2019-03-01,2019,3,34.4,-120.9,USA,pole_and_line,0.5916,0,1,Pole and Line
2019-03-01,2019,3,34.4,-120.5,USA,pole_and_line,0.5838,0,1,Pole and Line
2019-03-01,2019,3,34.4,-120.5,USA,fishing,6.9924,1.0344,1,Fishing
2019-03-01,2019,3,34.4,-120.7,USA,set_longlines,0.1502,0,1,Set Longlines
2019-03-01,2019,3,34.4,-120.6,USA,fishing,16.5908,6.6136,1,Fishing
2019-03-01,2019,3,34.4,-121,USA,pole_and_line,7.5255,6.3527,1,Pole and Line
2019-03-01,2019,3,34.5,-120.6,USA,fishing,3.8983,1.7338,1,Fishing
2019-03-01,2019,3,34.6,-120.8,USA,fishing,1.008,0,1,Fishing
2019-03-01,2019,3,34.6,-120.7,USA,fishing,0.1808,0,1,Fishing
2019-03-01,2019,3,34.7,-120.7,USA,fishing,0.8941,0,1,Fishing
2019-03-01,2019,3,34.7,-120.8,USA,fishing,1.2255,0,1,Fishing
2019-03-01,2019,3,34.8,-120.8,USA,fishing,1.8455,0,1,Fishing
2019-03-01,2019,3,34.9,-120.8,USA,fishing,3.3572,0,1,Fishing
2019-03-01,2019,3,35.1,-120.8,USA,fishing,150.3516,7.2286,2,Fishing
2019-03-01,2019,3,34.3,-120.6,CAN,fishing,0.265,0,1,Fishing
2019-03-01,2019,3,34.3,-120.5,CAN,fishing,0.7269,0,1,Fishing
2019-03-01,2019,3,34.5,-120.8,CAN,fishing,0.5086,0,1,Fishing
2019-03-01,2019,3,34.6,-120.8,CAN,fishing,0.9416,0,1,Fishing
2019-03-01,2019,3,34.7,-120.9,CAN,fishing,0.8997,0,1,Fishing
2019-03-01,2019,3,34.9,-120.9,CAN,fishing,0.2272,0,1,Fishing
2019-03-01,2019,3,35,-121,CAN,fishing,0.6394,0,1,Fishing
2019-03-01,2019,3,34.1,-120.9,USA,pole_and_line,3.9511,2.8027,1,Pole and Line
2019-03-01,2019,3,34.2,-120.7,USA,pole_and_line,4.1583,1.0744,1,Pole and Line
2019-03-01,2019,3,34.2,-121,USA,pole_and_line,1.1294,1.0002,1,Pole and Line
2019-03-01,2019,3,34.2,-120.9,USA,pole_and_line,11.3947,8.92,1,Pole and Line
2019-03-01,2019,3,34.3,-120.5,USA,pole_and_line,1.2897,0,1,Pole and Line
2019-03-01,2019,3,34.3,-120.8,USA,set_longlines,10.3233,0,1,Set Longlines
2019-03-01,2019,3,34.3,-120.5,USA,fishing,0.0416,0,1,Fishing
2019-03-01,2019,3,34.3,-120.7,USA,pole_and_line,1.1658,0,1,Pole and Line
2019-03-01,2019,3,34.3,-120.5,USA,set_longlines,3.4149,0,1,Set Longlines
2019-03-01,2019,3,34.3,-120.7,USA,fishing,0.2494,0,1,Fishing
2019-03-01,2019,3,34.3,-120.4,USA,set_longlines,1.6452,0,1,Set Longlines
2019-03-01,2019,3,34.4,-120.7,USA,pole_and_line,0.5755,0,1,Pole and Line
2019-03-01,2019,3,34.4,-120.3,USA,other_purse_seines,1.8922,1.8922,1,Other Purse Seines
2019-03-01,2019,3,34.4,-120,USA,fishing,4.1155,0,2,Fishing
2019-03-01,2019,3,34.4,-120.8,USA,pole_and_line,0.6236,0,1,Pole and Line
2019-03-01,2019,3,34.4,-120.3,USA,pole_and_line,0.5327,0,1,Pole and Line
2019-03-01,2019,3,34.4,-120.4,USA,pole_and_line,0.5583,0,1,Pole and Line
2019-03-01,2019,3,34.4,-120.6,USA,pole_and_line,0.5505,0,1,Pole and Line
2019-03-01,2019,3,34.4,-120.3,USA,fishing,3.7022,0,1,Fishing
2019-03-01,2019,3,34.4,-120.4,USA,fishing,3.7,0,1,Fishing
2019-03-01,2019,3,34.5,-120.7,USA,fishing,6.3638,1.9055,1,Fishing
2019-03-01,2019,3,34.8,-120.7,USA,fishing,0.6222,0,1,Fishing
2019-03-01,2019,3,35,-120.8,USA,fishing,0.5077,0,1,Fishing
2019-03-01,2019,3,35,-120.7,USA,fishing,0.95,0,1,Fishing
2019-04-01,2019,4,34.1,-120.8,USA,pole_and_line,0.7516,0,1,Pole and Line
2019-04-01,2019,4,34.1,-120.7,USA,pole_and_line,2.2663,0,1,Pole and Line
2019-04-01,2019,4,34.3,-120.9,USA,pole_and_line,6.4,3.8508,1,Pole and Line
2019-04-01,2019,4,34.4,-120.6,USA,other_purse_seines,0.4241,0,1,Other Purse Seines
2019-04-01,2019,4,34.4,-120.3,USA,set_longlines,0.9422,0,1,Set Longlines
2019-04-01,2019,4,34.4,-120.4,USA,pole_and_line,0.7925,0,1,Pole and Line
2019-04-01,2019,4,34.4,-120.8,USA,pole_and_line,1.333,0,1,Pole and Line
2019-04-01,2019,4,34.6,-120.7,USA,other_purse_seines,0.15,0,1,Other Purse Seines
2019-04-01,2019,4,34.6,-120.8,USA,other_purse_seines,0.5247,0,1,Other Purse Seines
2019-04-01,2019,4,34.8,-120.9,USA,other_purse_seines,0.2588,0,1,Other Purse Seines
2019-04-01,2019,4,35,-121,USA,other_purse_seines,0.2833,0,1,Other Purse Seines
2019-04-01,2019,4,34.1,-121,USA,pole_and_line,5.1,4.2169,1,Pole and Line
2019-04-01,2019,4,34.3,-120.5,USA,set_longlines,0.5758,0,1,Set Longlines
2019-04-01,2019,4,34.3,-120.6,USA,pole_and_line,1.1555,0,1,Pole and Line
2019-04-01,2019,4,34.3,-120.4,USA,set_longlines,0.5669,0,1,Set Longlines
2019-04-01,2019,4,34.3,-120.8,USA,pole_and_line,0.5572,0,1,Pole and Line
2019-04-01,2019,4,34.4,-120.4,USA,other_purse_seines,0.5416,0,1,Other Purse Seines
2019-04-01,2019,4,34.4,-120.9,USA,pole_and_line,1.7419,0,1,Pole and Line
2019-04-01,2019,4,34.4,-121,USA,pole_and_line,10.8413,10.2427,1,Pole and Line
2019-04-01,2019,4,34.4,-120.7,USA,pole_and_line,1.0836,0,1,Pole and Line
2019-04-01,2019,4,34.4,-120,USA,set_longlines,0.9394,0,1,Set Longlines
2019-04-01,2019,4,34.5,-120.7,USA,other_purse_seines,0.7747,0,1,Other Purse Seines
2019-04-01,2019,4,35,-120.9,USA,other_purse_seines,0.2666,0,1,Other Purse Seines
2019-04-01,2019,4,34,-120.9,USA,pole_and_line,0.4497,0,1,Pole and Line
2019-04-01,2019,4,34.1,-120.9,USA,pole_and_line,7.7575,5.7833,1,Pole and Line
2019-04-01,2019,4,34.3,-120.5,USA,pole_and_line,1.3516,0,1,Pole and Line
2019-04-01,2019,4,34.3,-120.4,USA,pole_and_line,0.7941,0,1,Pole and Line
2019-04-01,2019,4,34.3,-120.7,USA,pole_and_line,0.6591,0,1,Pole and Line
2019-04-01,2019,4,34.4,-120.5,USA,pole_and_line,0.74,0,1,Pole and Line
2019-04-01,2019,4,34.4,-120.5,USA,other_purse_seines,0.8333,0,1,Other Purse Seines
2019-04-01,2019,4,34.5,-120.6,USA,other_purse_seines,0.0844,0,1,Other Purse Seines
2019-04-01,2019,4,35,-121.1,USA,other_purse_seines,0.7827,0,1,Other Purse Seines
2019-04-01,2019,4,35.1,-120.8,USA,fishing,13.5991,3.5502,1,Fishing
2019-04-01,2019,4,34.3,-120.6,USA,set_longlines,0.5833,0,1,Set Longlines
2019-04-01,2019,4,34.3,-120.7,USA,set_longlines,0.5825,0,1,Set Longlines
2019-04-01,2019,4,34.3,-121,USA,pole_and_line,7.6661,5.8163,1,Pole and Line
2019-04-01,2019,4,34.4,-120.4,USA,set_longlines,14.0747,0,1,Set Longlines
2019-04-01,2019,4,34.4,-120.5,USA,set_longlines,12.7419,0,1,Set Longlines
2019-04-01,2019,4,34.4,-120.6,USA,pole_and_line,0.9183,0,1,Pole and Line
2019-04-01,2019,4,34.7,-120.8,USA,other_purse_seines,0.7919,0,1,Other Purse Seines
2019-04-01,2019,4,34.8,-120.8,USA,other_purse_seines,0.2663,0,1,Other Purse Seines
2019-04-01,2019,4,34.9,-120.9,USA,other_purse_seines,0.5827,0,1,Other Purse Seines
2019-04-01,2019,4,34.9,-121,USA,other_purse_seines,12.4508,0,1,Other Purse Seines
2019-05-01,2019,5,34.3,-121.1,CAN,trawlers,0.533,0,1,Trawlers
2019-05-01,2019,5,34.4,-120.6,CAN,fishing,0.9069,0,1,Fishing
2019-05-01,2019,5,34.4,-121.2,CAN,trawlers,0.2691,0,1,Trawlers
2019-05-01,2019,5,34.4,-120.4,CAN,fishing,0.55,0,1,Fishing
2019-05-01,2019,5,34.5,-120.7,CAN,fishing,1.0905,0,1,Fishing
2019-05-01,2019,5,34.5,-121.2,CAN,trawlers,0.5855,0,1,Trawlers
2019-05-01,2019,5,34.6,-121.2,CAN,trawlers,0.1313,0,1,Trawlers
2019-05-01,2019,5,34.6,-120.7,CAN,fishing,0.7491,0,1,Fishing
2019-05-01,2019,5,34.7,-120.8,CAN,fishing,1.8238,0,1,Fishing
2019-05-01,2019,5,34.8,-120.9,CAN,fishing,0.5488,0,1,Fishing
2019-05-01,2019,5,34.9,-121.4,CAN,trawlers,0.2558,0,1,Trawlers
2019-05-01,2019,5,34.9,-120.9,CAN,fishing,0.8744,0,1,Fishing
2019-05-01,2019,5,34.9,-121.5,CAN,trawlers,0.258,0,1,Trawlers
2019-05-01,2019,5,35,-120.9,CAN,fishing,1.2327,0,1,Fishing
2019-05-01,2019,5,34.1,-120.9,CAN,trawlers,0.2061,0,1,Trawlers
2019-05-01,2019,5,34.2,-121,CAN,trawlers,0.5308,0,1,Trawlers
2019-05-01,2019,5,34.4,-121.1,CAN,trawlers,0.5113,0,1,Trawlers
2019-05-01,2019,5,34.4,-120.5,CAN,fishing,1.0905,0,1,Fishing
2019-05-01,2019,5,34.6,-121.3,CAN,trawlers,0.5947,0,1,Trawlers
2019-05-01,2019,5,34.2,-120.8,USA,fishing,0.4361,0,1,Fishing
2019-05-01,2019,5,34.3,-120.7,USA,set_longlines,0.5663,0,1,Set Longlines
2019-05-01,2019,5,34.3,-120.8,USA,pole_and_line,0.5416,0,1,Pole and Line
2019-05-01,2019,5,34.4,-120.4,USA,set_longlines,0.5488,0,1,Set Longlines
2019-05-01,2019,5,34.4,-120.5,USA,trollers,0.5666,0,1,Trollers
2019-05-01,2019,5,34.4,-120.9,USA,pole_and_line,6.483,5.9152,1,Pole and Line
2019-05-01,2019,5,34.4,-120.4,USA,fishing,0.2666,0,1,Fishing
2019-05-01,2019,5,34.4,-120.9,USA,fishing,0.8666,0,1,Fishing
2019-05-01,2019,5,34.4,-120.5,USA,pole_and_line,0.8333,0,1,Pole and Line
2019-05-01,2019,5,34.4,-120.4,USA,trollers,0.558,0,1,Trollers
2019-05-01,2019,5,34.4,-120.6,USA,pole_and_line,0.5419,0,1,Pole and Line
2019-05-01,2019,5,34.5,-120.7,USA,fishing,0.925,0,1,Fishing
2019-05-01,2019,5,34.5,-120.9,USA,fishing,0.2611,0,1,Fishing
2019-05-01,2019,5,34.6,-120.8,USA,trollers,2.3808,2.3808,1,Trollers
2019-05-01,2019,5,34.6,-121,USA,fishing,0.5352,0,1,Fishing
2019-05-01,2019,5,34.8,-120.7,USA,trollers,23.4541,3.3891,1,Trollers
2019-05-01,2019,5,35,-120.8,USA,trollers,49.393,27.6383,1,Trollers
2019-05-01,2019,5,35,-121.1,USA,fishing,0.5744,0,1,Fishing
2019-05-01,2019,5,34.1,-120.7,USA,fishing,0.6555,0,1,Fishing
2019-05-01,2019,5,34.2,-120.7,USA,fishing,0.5391,0,1,Fishing
2019-05-01,2019,5,34.3,-120.9,USA,pole_and_line,7.9919,6.825,1,Pole and Line
2019-05-01,2019,5,34.3,-120.8,USA,fishing,0.8441,0,1,Fishing
2019-05-01,2019,5,34.4,-120.3,USA,trollers,6.5741,0,1,Trollers
2019-05-01,2019,5,34.4,-120.4,USA,pole_and_line,0.5497,0,1,Pole and Line
2019-05-01,2019,5,34.5,-120.6,USA,set_longlines,1.5655,0,1,Set Longlines
2019-05-01,2019,5,34.7,-120.8,USA,set_longlines,1.1236,0,1,Set Longlines
2019-05-01,2019,5,34.7,-121.1,USA,fishing,0.9366,0,1,Fishing
2019-05-01,2019,5,34.7,-120.7,USA,trollers,4.9261,4.7177,1,Trollers
2019-05-01,2019,5,34.8,-120.8,USA,trollers,10.205,8.123,1,Trollers
2019-05-01,2019,5,34.8,-121.2,USA,fishing,0.858,0,1,Fishing
2019-05-01,2019,5,34.8,-120.9,USA,fishing,0.5583,0,1,Fishing
2019-05-01,2019,5,34.8,-121,USA,fishing,0.3166,0,1,Fishing
2019-05-01,2019,5,34.8,-120.8,USA,set_longlines,0.2666,0,1,Set Longlines
2019-05-01,2019,5,34.9,-120.9,USA,trollers,1.7166,1.7166,1,Trollers
2019-05-01,2019,5,34.9,-121,USA,fishing,0.9166,0,1,Fishing
2019-05-01,2019,5,34.9,-120.8,USA,trollers,50.4288,41.6019,1,Trollers
2019-05-01,2019,5,35,-120.9,USA,trollers,72.2822,70.665,1,Trollers
2019-05-01,2019,5,35,-121.3,USA,fishing,0.8416,0,1,Fishing
2019-05-01,2019,5,35.1,-120.8,USA,trollers,84.6025,47.6213,1,Trollers
2019-05-01,2019,5,34.5,-120.6,CAN,fishing,0.2663,0,1,Fishing
2019-05-01,2019,5,34.8,-121.4,CAN,trawlers,0.6672,0,1,Trawlers
2019-05-01,2019,5,35,-121.5,CAN,trawlers,0.5194,0,1,Trawlers
2019-05-01,2019,5,34,-120.9,CAN,trawlers,0.6608,0,1,Trawlers
2019-05-01,2019,5,34.1,-121,CAN,trawlers,0.483,0,1,Trawlers
2019-05-01,2019,5,34.4,-120.3,CAN,fishing,0.275,0,1,Fishing
2019-05-01,2019,5,34.7,-121.3,CAN,trawlers,0.5936,0,1,Trawlers
2019-05-01,2019,5,34.8,-120.8,CAN,fishing,0.6413,0,1,Fishing
2019-05-01,2019,5,35,-121,CAN,fishing,0.1991,0,1,Fishing
2019-05-01,2019,5,34.3,-120.6,USA,pole_and_line,0.8086,0,1,Pole and Line
2019-05-01,2019,5,34.3,-120.6,USA,set_longlines,0.3,0,1,Set Longlines
2019-05-01,2019,5,34.3,-120.5,USA,set_longlines,0.2836,0,1,Set Longlines
2019-05-01,2019,5,34.3,-120.4,USA,set_longlines,0.2833,0,1,Set Longlines
2019-05-01,2019,5,34.3,-120.7,USA,pole_and_line,0.9669,0,1,Pole and Line
2019-05-01,2019,5,34.4,-120.3,USA,set_longlines,0.8747,0,1,Set Longlines
2019-05-01,2019,5,34.4,-120.5,USA,set_longlines,2.7322,0,1,Set Longlines
2019-05-01,2019,5,34.4,-120.5,USA,fishing,0.5833,0,1,Fishing
2019-05-01,2019,5,34.4,-120,USA,trollers,0.5252,0,1,Trollers
2019-05-01,2019,5,34.6,-120.8,USA,fishing,1.1752,0,1,Fishing
2019-05-01,2019,5,34.7,-120.8,USA,trollers,26.7625,24.6013,1,Trollers
2019-05-01,2019,5,34.9,-121.2,USA,fishing,0.5166,0,1,Fishing
2019-05-01,2019,5,34.9,-120.9,USA,set_longlines,0.8241,0,1,Set Longlines
2019-05-01,2019,5,35,-121.4,USA,fishing,0.1086,0,1,Fishing
2019-05-01,2019,5,34.3,-120.5,USA,pole_and_line,0.8411,0,1,Pole and Line
2019-05-01,2019,5,34.3,-120.4,USA,fishing,0.2666,0,1,Fishing
2019-05-01,2019,5,34.4,-120.7,USA,pole_and_line,0.8333,0,1,Pole and Line
2019-05-01,2019,5,34.4,-120.8,USA,pole_and_line,0.6919,0,1,Pole and Line
2019-05-01,2019,5,34.4,-120.6,USA,fishing,0.5413,0,1,Fishing
2019-05-01,2019,5,34.4,-120.3,USA,pole_and_line,0.5502,0,1,Pole and Line
2019-05-01,2019,5,34.5,-120.7,USA,trollers,1.4919,0,1,Trollers
2019-05-01,2019,5,34.5,-121,USA,fishing,0.6736,0,1,Fishing
2019-05-01,2019,5,34.6,-121.1,USA,fishing,0.3436,0,1,Fishing
2019-05-01,2019,5,34.6,-120.8,USA,set_longlines,1.4241,0,1,Set Longlines
2019-05-01,2019,5,34.7,-120.9,USA,fishing,0.5333,0,1,Fishing
2019-05-01,2019,5,34.8,-120.9,USA,set_longlines,0.3744,0,1,Set Longlines
2019-05-01,2019,5,34.9,-121.3,USA,fishing,0.5333,0,1,Fishing
2019-05-01,2019,5,35,-121,USA,set_longlines,0.6088,0,1,Set Longlines
2019-06-01,2019,6,34.2,-121.2,USA,drifting_longlines,0.7833,0,1,Drifting Longlines
2019-06-01,2019,6,34.2,-120.7,USA,set_longlines,6.8861,0,1,Set Longlines
2019-06-01,2019,6,34.2,-120.6,USA,set_longlines,1.3338,0,1,Set Longlines
2019-06-01,2019,6,34.2,-121.4,USA,drifting_longlines,0.4405,0,1,Drifting Longlines
2019-06-01,2019,6,34.2,-120.9,USA,drifting_longlines,0.2747,0,1,Drifting Longlines
2019-06-01,2019,6,34.2,-120.8,USA,set_longlines,13.7877,5.2916,1,Set Longlines
2019-06-01,2019,6,34.2,-121.1,USA,drifting_longlines,1.1747,0,1,Drifting Longlines
2019-06-01,2019,6,34.2,-121.3,USA,drifting_longlines,0.643,0,1,Drifting Longlines
2019-06-01,2019,6,34.3,-120.5,USA,set_longlines,0.9972,0,1,Set Longlines
2019-06-01,2019,6,34.3,-120.4,USA,set_longlines,1.82,0,1,Set Longlines
2019-06-01,2019,6,34.3,-120.7,USA,set_longlines,0.1416,0,1,Set Longlines
2019-06-01,2019,6,34.3,-120.5,USA,fishing,0.9258,0,1,Fishing
2019-06-01,2019,6,34.4,-120.4,USA,other_purse_seines,0.4994,0,1,Other Purse Seines
2019-06-01,2019,6,34.4,-120.5,USA,fishing,31.1827,19.1011,1,Fishing
2019-06-01,2019,6,34.4,-120,USA,trollers,1.845,0,1,Trollers
2019-06-01,2019,6,34.4,-120.7,USA,fishing,1.0938,0,2,Fishing
2019-06-01,2019,6,34.4,-120.3,USA,trollers,2.2238,0,1,Trollers
2019-06-01,2019,6,34.4,-120.5,USA,other_purse_seines,0.5911,0,1,Other Purse Seines
2019-06-01,2019,6,34.4,-120.6,USA,other_purse_seines,0.508,0,1,Other Purse Seines
2019-06-01,2019,6,34.4,-120.5,USA,pole_and_line,0.55,0,1,Pole and Line
2019-06-01,2019,6,34.4,-120.6,USA,trollers,1.7077,0,2,Trollers
2019-06-01,2019,6,34.4,-120.6,USA,pole_and_line,0.7261,0,1,Pole and Line
2019-06-01,2019,6,34.5,-120.7,USA,trollers,18.1886,14.6536,2,Trollers
2019-06-01,2019,6,34.5,-120.6,USA,other_purse_seines,0.0836,0,1,Other Purse Seines
2019-06-01,2019,6,34.5,-120.7,USA,other_purse_seines,0.3663,0,1,Other Purse Seines
2019-06-01,2019,6,34.5,-120.7,USA,fishing,2.8844,1.0919,2,Fishing
2019-06-01,2019,6,34.5,-120.8,USA,fishing,1.6897,0.5836,2,Fishing
2019-06-01,2019,6,34.6,-120.9,USA,fishing,0.5194,0,1,Fishing
2019-06-01,2019,6,34.6,-120.8,USA,pole_and_line,0.5666,0,1,Pole and Line
2019-06-01,2019,6,34.6,-120.8,USA,trollers,6.6502,4.3916,1,Trollers
2019-06-01,2019,6,34.7,-120.8,USA,pole_and_line,1.075,0,1,Pole and Line
2019-06-01,2019,6,34.7,-120.8,USA,other_purse_seines,0.5497,0,1,Other Purse Seines
2019-06-01,2019,6,34.7,-120.9,USA,fishing,1.0491,0,1,Fishing
2019-06-01,2019,6,34.8,-121,USA,other_purse_seines,0.2658,0,1,Other Purse Seines
2019-06-01,2019,6,34.8,-120.8,USA,pole_and_line,0.808,0,1,Pole and Line
2019-06-01,2019,6,34.8,-120.7,USA,fishing,6.988,0,1,Fishing
2019-06-01,2019,6,34.9,-121.1,USA,fishing,0.5227,0,1,Fishing
2019-06-01,2019,6,34.9,-121,USA,fishing,0.7744,0,1,Fishing
2019-06-01,2019,6,34.9,-120.8,USA,pole_and_line,0.5336,0,1,Pole and Line
2019-06-01,2019,6,34.9,-121.1,USA,other_purse_seines,0.0305,0,1,Other Purse Seines
2019-06-01,2019,6,34.9,-120.7,USA,fishing,0.1088,0,1,Fishing
2019-06-01,2019,6,35,-121.1,USA,other_purse_seines,0.7077,0,1,Other Purse Seines
2019-06-01,2019,6,35,-121.1,USA,fishing,1.1575,0,1,Fishing
2019-06-01,2019,6,35,-120.8,USA,pole_and_line,1.1083,0,1,Pole and Line
2019-06-01,2019,6,35,-121.2,USA,fishing,0.0588,0,1,Fishing
2019-06-01,2019,6,35,-120.9,USA,trollers,1.9833,1.9833,1,Trollers
2019-06-01,2019,6,35,-120.9,USA,fishing,12.5541,9.9136,1,Fishing
2019-06-01,2019,6,35.1,-120.8,USA,trollers,1.6083,0.0997,1,Trollers
2019-06-01,2019,6,34.1,-120.8,USA,drifting_longlines,0.358,0,1,Drifting Longlines
2019-06-01,2019,6,34.1,-120.7,USA,drifting_longlines,0.7994,0,1,Drifting Longlines
2019-06-01,2019,6,34.1,-120.9,USA,drifting_longlines,0.8005,0,1,Drifting Longlines
2019-06-01,2019,6,34.2,-120.9,USA,set_longlines,11.7313,6.1838,1,Set Longlines
2019-06-01,2019,6,34.3,-121.5,USA,drifting_longlines,0.6977,0,1,Drifting Longlines
2019-06-01,2019,6,34.3,-120.4,USA,pole_and_line,0.0858,0,1,Pole and Line
2019-06-01,2019,6,34.3,-120.6,USA,set_longlines,0.4908,0,1,Set Longlines
2019-06-01,2019,6,34.3,-121.4,USA,drifting_longlines,0.5,0,1,Drifting Longlines
2019-06-01,2019,6,34.3,-120.4,USA,fishing,0.7888,0,1,Fishing
2019-06-01,2019,6,34.4,-120.3,USA,fishing,0.1666,0,1,Fishing
2019-06-01,2019,6,34.4,-120.4,USA,pole_and_line,0.5583,0,1,Pole and Line
2019-06-01,2019,6,34.4,-120.5,USA,trollers,9.2711,0.2583,3,Trollers
2019-06-01,2019,6,34.4,-120,USA,fishing,0.2502,0,1,Fishing
2019-06-01,2019,6,34.4,-120.6,USA,fishing,2.1052,0,2,Fishing
2019-06-01,2019,6,34.4,-120.3,USA,other_purse_seines,0.4641,0,1,Other Purse Seines
2019-06-01,2019,6,34.4,-120.4,USA,trollers,3.7425,0.6666,2,Trollers
2019-06-01,2019,6,34.5,-120.6,USA,fishing,0.3586,0,1,Fishing
2019-06-01,2019,6,34.5,-120.8,USA,trollers,1.308,1.308,1,Trollers
2019-06-01,2019,6,34.5,-120.7,USA,pole_and_line,0.9419,0,1,Pole and Line
2019-06-01,2019,6,34.5,-120.6,USA,trollers,2.0163,1.4913,2,Trollers
2019-06-01,2019,6,34.5,-120.6,USA,pole_and_line,0.3986,0,1,Pole and Line
2019-06-01,2019,6,34.6,-120.8,USA,fishing,5.3188,3.4052,2,Fishing
2019-06-01,2019,6,34.6,-120.8,USA,other_purse_seines,0.8652,0,1,Other Purse Seines
2019-06-01,2019,6,34.6,-120.7,USA,pole_and_line,0.1833,0,1,Pole and Line
2019-06-01,2019,6,34.6,-120.7,USA,trollers,1.4411,0,1,Trollers
2019-06-01,2019,6,34.6,-120.7,USA,fishing,0.4252,0,1,Fishing
2019-06-01,2019,6,34.7,-120.8,USA,trollers,3.2427,2.9761,1,Trollers
2019-06-01,2019,6,34.7,-120.8,USA,fishing,11.1447,10.3111,1,Fishing
2019-06-01,2019,6,34.7,-120.9,USA,other_purse_seines,0.4997,0,1,Other Purse Seines
2019-06-01,2019,6,34.7,-120.7,USA,trollers,2.2994,0.8747,1,Trollers
2019-06-01,2019,6,34.8,-120.8,USA,fishing,1.9166,0.3247,1,Fishing
2019-06-01,2019,6,34.8,-121,USA,fishing,1.0816,0,1,Fishing
2019-06-01,2019,6,34.8,-120.8,USA,trollers,6.1161,4.8825,1,Trollers
2019-06-01,2019,6,34.8,-120.9,USA,other_purse_seines,0.4663,0,1,Other Purse Seines
2019-06-01,2019,6,34.8,-120.7,USA,trollers,0.2755,0.2755,1,Trollers
2019-06-01,2019,6,34.9,-120.9,USA,fishing,0.9997,0.9997,1,Fishing
2019-06-01,2019,6,34.9,-120.8,USA,fishing,10.6827,9.1994,1,Fishing
2019-06-01,2019,6,34.9,-120.8,USA,trollers,7.4066,5.6069,1,Trollers
2019-06-01,2019,6,34.9,-121,USA,other_purse_seines,0.7852,0,1,Other Purse Seines
2019-06-01,2019,6,35,-120.8,USA,fishing,5.2797,5.1536,1,Fishing
2019-06-01,2019,6,35.1,-120.8,USA,fishing,31.3777,0,2,Fishing
2019-06-01,2019,6,35.1,-120.8,USA,pole_and_line,0.2583,0,1,Pole and Line
2019-07-01,2019,7,34.3,-120.4,USA,fishing,0.3077,0,1,Fishing
2019-07-01,2019,7,34.3,-120.6,USA,set_longlines,0.3166,0,1,Set Longlines
2019-07-01,2019,7,34.4,-120.5,USA,trawlers,0.7363,0,1,Trawlers
2019-07-01,2019,7,34.4,-120.4,USA,set_longlines,0.3666,0,1,Set Longlines
2019-07-01,2019,7,34.8,-120.8,USA,trawlers,1.325,0,1,Trawlers
2019-07-01,2019,7,33.9,-121,USA,fishing,0.2666,0,1,Fishing
2019-07-01,2019,7,34,-121,USA,fishing,0.6086,0,1,Fishing
2019-07-01,2019,7,34.1,-121.4,USA,fishing,0.8333,0,1,Fishing
2019-07-01,2019,7,34.3,-120.5,USA,set_longlines,0.2833,0,1,Set Longlines
2019-07-01,2019,7,34.4,-120.6,USA,trawlers,0.4547,0,1,Trawlers
2019-07-01,2019,7,34.4,-120,USA,fishing,0.8836,0,1,Fishing
2019-07-01,2019,7,34.4,-120.4,USA,fishing,13.3547,0,1,Fishing
2019-07-01,2019,7,34.4,-120.6,USA,set_longlines,1.5,0,1,Set Longlines
2019-07-01,2019,7,34.5,-120.7,USA,trawlers,0.6391,0,1,Trawlers
2019-07-01,2019,7,34.5,-120.6,USA,trawlers,0.2602,0,1,Trawlers
2019-07-01,2019,7,34.6,-120.7,USA,trawlers,0.7144,0,1,Trawlers
2019-07-01,2019,7,34.7,-120.8,USA,trawlers,2.0783,1.7705,1,Trawlers
2019-07-01,2019,7,34.9,-120.8,USA,trawlers,1.008,0.1552,1,Trawlers
2019-07-01,2019,7,35,-120.9,USA,trawlers,1.6413,0.4722,1,Trawlers
2019-07-01,2019,7,34.3,-120.7,USA,set_longlines,0.3166,0,1,Set Longlines
2019-07-01,2019,7,34.4,-120.5,USA,set_longlines,0.3166,0,1,Set Longlines
2019-07-01,2019,7,33.9,-120.9,USA,fishing,0.75,0,1,Fishing
2019-07-01,2019,7,34,-121.2,USA,fishing,0.3575,0,1,Fishing
2019-07-01,2019,7,34,-121.1,USA,fishing,0.8827,0,1,Fishing
2019-07-01,2019,7,34.1,-121.3,USA,fishing,1.1838,0,1,Fishing
2019-07-01,2019,7,34.3,-120.4,USA,trawlers,0.4786,0,1,Trawlers
2019-07-01,2019,7,34.3,-120.4,USA,set_longlines,0.575,0,1,Set Longlines
2019-07-01,2019,7,34.4,-121,USA,set_longlines,12.2833,0,1,Set Longlines
2019-07-01,2019,7,34.4,-120.3,USA,fishing,0.5997,0,1,Fishing
2019-07-01,2019,7,34.7,-120.7,USA,trawlers,4.9524,4.2286,1,Trawlers
2019-07-01,2019,7,34.9,-120.9,USA,trawlers,0.4277,0.4277,1,Trawlers
2019-08-01,2019,8,34,-120.8,USA,pole_and_line,0.2666,0,1,Pole and Line
2019-08-01,2019,8,34.1,-120.8,USA,pole_and_line,0.8661,0.5833,1,Pole and Line
2019-08-01,2019,8,34,-120.9,USA,pole_and_line,13.7491,13.4822,1,Pole and Line
2019-08-01,2019,8,34.1,-120.7,USA,pole_and_line,2.2258,1.6602,1,Pole and Line
2019-08-01,2019,8,34.1,-120.9,USA,pole_and_line,3.6169,3.6169,1,Pole and Line
2019-09-01,2019,9,34.3,-120.4,USA,drifting_longlines,0.3911,0,1,Drifting Longlines
2019-09-01,2019,9,34.3,-120.8,USA,pole_and_line,1.3658,0,1,Pole and Line
2019-09-01,2019,9,34.4,-120.4,USA,fishing,0.6008,0,1,Fishing
2019-09-01,2019,9,34.4,-120.5,USA,drifting_longlines,1.2238,0,1,Drifting Longlines
2019-09-01,2019,9,34.6,-120.8,USA,drifting_longlines,1.183,0,1,Drifting Longlines
2019-09-01,2019,9,34.7,-120.8,USA,drifting_longlines,1.0669,0,1,Drifting Longlines
2019-09-01,2019,9,34.9,-120.9,USA,drifting_longlines,1.0916,0,1,Drifting Longlines
2019-09-01,2019,9,34.2,-120.9,USA,pole_and_line,2.8783,0.9083,1,Pole and Line
2019-09-01,2019,9,34.2,-121,USA,pole_and_line,0.7083,0.7083,1,Pole and Line
2019-09-01,2019,9,34.4,-120.3,USA,fishing,2.233,0,1,Fishing
2019-09-01,2019,9,34.4,-120.5,USA,fishing,31.1933,0,1,Fishing
2019-09-01,2019,9,34.4,-120.6,USA,drifting_longlines,0.733,0,1,Drifting Longlines
2019-09-01,2019,9,34.3,-120.9,USA,pole_and_line,0.5341,0,1,Pole and Line
2019-09-01,2019,9,34.3,-120.5,USA,pole_and_line,1.5416,0,1,Pole and Line
2019-09-01,2019,9,34.3,-120.6,USA,pole_and_line,0.8913,0,1,Pole and Line
2019-09-01,2019,9,34.3,-120.7,USA,pole_and_line,2.095,0,1,Pole and Line
2019-09-01,2019,9,34.4,-120,USA,fishing,2.1438,0,1,Fishing
2019-09-01,2019,9,34.8,-120.8,USA,drifting_longlines,0.5416,0,1,Drifting Longlines
2019-09-01,2019,9,34.3,-120.4,USA,pole_and_line,1.2,0,1,Pole and Line
2019-09-01,2019,9,34.5,-120.7,USA,drifting_longlines,0.5,0,1,Drifting Longlines
2019-09-01,2019,9,35,-120.9,USA,drifting_longlines,0.925,0,1,Drifting Longlines
2019-10-01,2019,10,34.2,-120.7,USA,set_longlines,14.2577,2.6588,1,Set Longlines
2019-10-01,2019,10,34.3,-120.4,USA,trawlers,1.8869,0.8102,1,Trawlers
2019-10-01,2019,10,34.4,-120.3,USA,other_purse_seines,0.0913,0,1,Other Purse Seines
2019-10-01,2019,10,34.4,-120.9,USA,trollers,0.5497,0,1,Trollers
2019-10-01,2019,10,34.4,-120.7,USA,trawlers,0.2833,0,1,Trawlers
2019-10-01,2019,10,34.4,-120.6,USA,pole_and_line,0.5836,0,1,Pole and Line
2019-10-01,2019,10,34.4,-120.7,USA,drifting_longlines,1.4594,0,2,Drifting Longlines
2019-10-01,2019,10,34.4,-120.4,USA,trawlers,0.0977,0,1,Trawlers
2019-10-01,2019,10,34.4,-120,USA,fishing,5.7652,0,1,Fishing
2019-10-01,2019,10,34.5,-120.7,USA,fishing,1.0022,0,1,Fishing
2019-10-01,2019,10,34.5,-120.6,USA,pole_and_line,0.2663,0,1,Pole and Line
2019-10-01,2019,10,34.6,-120.8,USA,other_purse_seines,0.7666,0,1,Other Purse Seines
2019-10-01,2019,10,34.6,-120.8,USA,trawlers,1.638,0,1,Trawlers
2019-10-01,2019,10,34.6,-120.8,USA,fishing,0.9686,0,1,Fishing
2019-10-01,2019,10,34.6,-121.1,USA,trollers,0.5222,0,1,Trollers
2019-10-01,2019,10,34.7,-121.1,USA,trollers,0.4555,0,1,Trollers
2019-10-01,2019,10,34.7,-120.9,USA,other_purse_seines,0.4861,0,1,Other Purse Seines
2019-10-01,2019,10,34.7,-120.8,USA,trawlers,2.2233,0.6077,1,Trawlers
2019-10-01,2019,10,34.7,-121,USA,drifting_longlines,0.8272,0,2,Drifting Longlines
2019-10-01,2019,10,34.8,-121,USA,drifting_longlines,0.7613,0,1,Drifting Longlines
2019-10-01,2019,10,34.9,-121.1,USA,drifting_longlines,0.7888,0,1,Drifting Longlines
2019-10-01,2019,10,34.9,-121,USA,other_purse_seines,0.778,0,1,Other Purse Seines
2019-10-01,2019,10,34.9,-120.9,USA,trawlers,0.2444,0,1,Trawlers
2019-10-01,2019,10,35,-121,USA,fishing,0.4002,0,1,Fishing
2019-10-01,2019,10,35,-121.1,USA,other_purse_seines,0.6108,0,1,Other Purse Seines
2019-10-01,2019,10,35,-121.4,USA,trollers,0.733,0,1,Trollers
2019-10-01,2019,10,35,-121.2,USA,drifting_longlines,0.908,0,1,Drifting Longlines
2019-10-01,2019,10,35,-120.9,USA,trawlers,0.8391,0,1,Trawlers
2019-10-01,2019,10,34.3,-120.4,USA,set_longlines,0.2658,0,1,Set Longlines
2019-10-01,2019,10,34.3,-120.5,USA,trollers,0.3111,0,1,Trollers
2019-10-01,2019,10,34.3,-120.6,USA,trollers,0.5352,0,1,Trollers
2019-10-01,2019,10,34.4,-120.4,USA,other_purse_seines,0.6411,0,1,Other Purse Seines
2019-10-01,2019,10,34.4,-120.5,USA,other_purse_seines,0.6702,0,1,Other Purse Seines
2019-10-01,2019,10,34.4,-120.6,USA,fishing,0.7969,0,1,Fishing
2019-10-01,2019,10,34.5,-121,USA,trollers,0.6213,0,1,Trollers
2019-10-01,2019,10,34.5,-120.7,USA,trawlers,1.4574,0,1,Trawlers
2019-10-01,2019,10,34.5,-120.8,USA,trawlers,0.4022,0,1,Trawlers
2019-10-01,2019,10,34.5,-120.8,USA,drifting_longlines,0.8097,0,1,Drifting Longlines
2019-10-01,2019,10,34.6,-120.8,USA,pole_and_line,0.6247,0,1,Pole and Line
2019-10-01,2019,10,34.6,-120.7,USA,pole_and_line,0.1819,0,1,Pole and Line
2019-10-01,2019,10,34.6,-121,USA,trollers,0.2674,0,1,Trollers
2019-10-01,2019,10,34.6,-120.7,USA,other_purse_seines,0.1527,0,1,Other Purse Seines
2019-10-01,2019,10,34.7,-120.9,USA,fishing,0.7352,0,1,Fishing
2019-10-01,2019,10,34.7,-120.8,USA,fishing,0.1963,0,1,Fishing
2019-10-01,2019,10,34.8,-120.8,USA,trawlers,2.0841,0.6011,1,Trawlers
2019-10-01,2019,10,34.8,-120.9,USA,other_purse_seines,0.4816,0,1,Other Purse Seines
2019-10-01,2019,10,34.8,-121.1,USA,drifting_longlines,0.4116,0,2,Drifting Longlines
2019-10-01,2019,10,34.8,-121,USA,fishing,0.2538,0,1,Fishing
2019-10-01,2019,10,34.9,-121,USA,pole_and_line,0.6083,0,1,Pole and Line
2019-10-01,2019,10,35,-120.8,USA,trawlers,1.3516,0.7897,1,Trawlers
2019-10-01,2019,10,35,-121.1,USA,fishing,0.5111,0,1,Fishing
2019-10-01,2019,10,35,-121.3,USA,drifting_longlines,0.7997,0,1,Drifting Longlines
2019-10-01,2019,10,35,-121.1,USA,trawlers,1.3294,1.3294,1,Trawlers
2019-10-01,2019,10,35,-121.1,USA,pole_and_line,0.3666,0,1,Pole and Line
2019-10-01,2019,10,34.2,-120.8,USA,set_longlines,4.9836,0,1,Set Longlines
2019-10-01,2019,10,34.2,-120.6,USA,set_longlines,0.4747,0,1,Set Longlines
2019-10-01,2019,10,34.3,-120.5,USA,trawlers,1.5836,0.3638,1,Trawlers
2019-10-01,2019,10,34.3,-120.7,USA,drifting_longlines,0.0466,0,1,Drifting Longlines
2019-10-01,2019,10,34.3,-120.6,USA,drifting_longlines,1.4972,0,2,Drifting Longlines
2019-10-01,2019,10,34.3,-120.5,USA,drifting_longlines,1.4061,0,2,Drifting Longlines
2019-10-01,2019,10,34.4,-120.6,USA,trawlers,1.6283,0,1,Trawlers
2019-10-01,2019,10,34.4,-120.8,USA,trollers,0.2697,0,1,Trollers
2019-10-01,2019,10,34.4,-120.4,USA,pole_and_line,0.2833,0,1,Pole and Line
2019-10-01,2019,10,34.4,-120.5,USA,pole_and_line,0.55,0,1,Pole and Line
2019-10-01,2019,10,34.4,-120.8,USA,drifting_longlines,1.1713,0,2,Drifting Longlines
2019-10-01,2019,10,34.5,-120.9,USA,trollers,0.2875,0,1,Trollers
2019-10-01,2019,10,34.5,-120.7,USA,pole_and_line,0.683,0,1,Pole and Line
2019-10-01,2019,10,34.6,-121,USA,drifting_longlines,0.7752,0,1,Drifting Longlines
2019-10-01,2019,10,34.6,-120.7,USA,fishing,0.0127,0,1,Fishing
2019-10-01,2019,10,34.7,-120.8,USA,pole_and_line,0.7836,0,1,Pole and Line
2019-10-01,2019,10,34.7,-120.9,USA,drifting_longlines,0.4027,0,1,Drifting Longlines
2019-10-01,2019,10,34.7,-121.1,USA,drifting_longlines,0.5672,0,1,Drifting Longlines
2019-10-01,2019,10,34.7,-120.8,USA,other_purse_seines,0.5252,0,1,Other Purse Seines
2019-10-01,2019,10,34.8,-121,USA,other_purse_seines,0.3266,0,1,Other Purse Seines
2019-10-01,2019,10,34.8,-121.2,USA,drifting_longlines,0.7241,0,1,Drifting Longlines
2019-10-01,2019,10,34.8,-120.9,USA,pole_and_line,0.8333,0,1,Pole and Line
2019-10-01,2019,10,34.9,-121.3,USA,trollers,0.4836,0,1,Trollers
2019-10-01,2019,10,34.9,-121.3,USA,drifting_longlines,0.2583,0,1,Drifting Longlines
2019-10-01,2019,10,34.9,-120.9,USA,pole_and_line,0.2666,0,1,Pole and Line
2019-10-01,2019,10,34.9,-120.8,USA,trawlers,1.2938,0,1,Trawlers
2019-10-01,2019,10,34.9,-121,USA,fishing,0.9716,0,1,Fishing
2019-10-01,2019,10,35,-121.2,USA,trawlers,2.1177,2.1177,1,Trawlers
2019-10-01,2019,10,34,-120.8,USA,set_longlines,1.8333,0,1,Set Longlines
2019-10-01,2019,10,34.3,-120.8,USA,trollers,0.5519,0,1,Trollers
2019-10-01,2019,10,34.3,-120.4,USA,pole_and_line,0.35,0,1,Pole and Line
2019-10-01,2019,10,34.3,-120.4,USA,drifting_longlines,0.5936,0,1,Drifting Longlines
2019-10-01,2019,10,34.3,-120.7,USA,trollers,0.5336,0,1,Trollers
2019-10-01,2019,10,34.3,-120.6,USA,trawlers,0.2111,0,1,Trawlers
2019-10-01,2019,10,34.4,-120.6,USA,other_purse_seines,0.8052,0,1,Other Purse Seines
2019-10-01,2019,10,34.4,-120.5,USA,fishing,80.3883,0.6,2,Fishing
2019-10-01,2019,10,34.4,-120.5,USA,trawlers,0.5105,0,1,Trawlers
2019-10-01,2019,10,34.4,-120.4,USA,fishing,29.1383,0,2,Fishing
2019-10-01,2019,10,34.4,-120.3,USA,fishing,10.7502,0,2,Fishing
2019-10-01,2019,10,34.5,-120.7,USA,other_purse_seines,0.8775,0,1,Other Purse Seines
2019-10-01,2019,10,34.5,-120.9,USA,drifting_longlines,1.0958,0,2,Drifting Longlines
2019-10-01,2019,10,34.6,-120.9,USA,drifting_longlines,0.7752,0,1,Drifting Longlines
2019-10-01,2019,10,34.7,-121.2,USA,trollers,0.4391,0,1,Trollers
2019-10-01,2019,10,34.8,-121.2,USA,trollers,0.385,0,1,Trollers
2019-10-01,2019,10,34.8,-121.3,USA,trollers,0.3916,0,1,Trollers
2019-10-01,2019,10,34.8,-120.9,USA,fishing,0.6383,0,1,Fishing
2019-10-01,2019,10,34.9,-121.4,USA,trollers,0.3086,0,1,Trollers
2019-10-01,2019,10,34.9,-121.3,USA,trawlers,0.2527,0.2527,1,Trawlers
2019-10-01,2019,10,34.9,-121.2,USA,drifting_longlines,0.6086,0,2,Drifting Longlines
2019-10-01,2019,10,35,-121,USA,pole_and_line,0.575,0,1,Pole and Line
2019-10-01,2019,10,35,-121,USA,other_purse_seines,0.1694,0,1,Other Purse Seines
2019-10-01,2019,10,35,-121.3,USA,trawlers,1.5583,0.7805,1,Trawlers
2019-10-01,2019,10,35,-121,USA,trawlers,0.7722,0,1,Trawlers
2019-10-01,2019,10,35.1,-120.8,USA,trawlers,11.2094,0.7066,1,Trawlers
2019-11-01,2019,11,34.2,-120.6,USA,set_longlines,2.4019,0,1,Set Longlines
2019-11-01,2019,11,34.2,-120.9,USA,pole_and_line,0.7919,0,1,Pole and Line
2019-11-01,2019,11,34.2,-120.8,USA,pole_and_line,0.275,0,1,Pole and Line
2019-11-01,2019,11,34.3,-121,USA,pole_and_line,3.1588,0,1,Pole and Line
2019-11-01,2019,11,34.3,-120.6,USA,pole_and_line,0.2752,0,1,Pole and Line
2019-11-01,2019,11,34.3,-120.9,USA,pole_and_line,4.5502,0,1,Pole and Line
2019-11-01,2019,11,34.3,-120.4,USA,set_longlines,0.6663,0,1,Set Longlines
2019-11-01,2019,11,34.4,-120.4,USA,set_longlines,0.3163,0,1,Set Longlines
2019-11-01,2019,11,34.4,-120.5,USA,set_longlines,2.4252,0,1,Set Longlines
2019-11-01,2019,11,34.4,-120.3,USA,other_purse_seines,0.8166,0,1,Other Purse Seines
2019-11-01,2019,11,34.4,-120.5,USA,fishing,4.6497,0,1,Fishing
2019-11-01,2019,11,34.4,-120.3,USA,set_longlines,0.9161,0,1,Set Longlines
2019-11-01,2019,11,34.4,-120.5,USA,other_purse_seines,0.5747,0,1,Other Purse Seines
2019-11-01,2019,11,34.4,-120.4,USA,other_purse_seines,0.5583,0,1,Other Purse Seines
2019-11-01,2019,11,34.5,-120.8,USA,other_purse_seines,0.4144,0,1,Other Purse Seines
2019-11-01,2019,11,34.5,-121,USA,set_longlines,1.7416,0,1,Set Longlines
2019-11-01,2019,11,34.6,-120.8,USA,other_purse_seines,0.9555,0,1,Other Purse Seines
2019-11-01,2019,11,34.7,-120.9,USA,other_purse_seines,0.7386,0,1,Other Purse Seines
2019-11-01,2019,11,34.8,-120.9,USA,other_purse_seines,0.9494,0,1,Other Purse Seines
2019-11-01,2019,11,34.9,-121,USA,other_purse_seines,0.2925,0,1,Other Purse Seines
2019-11-01,2019,11,34.2,-120.7,USA,set_longlines,16.7458,5.6255,1,Set Longlines
2019-11-01,2019,11,34.2,-121,USA,pole_and_line,2.9163,0,1,Pole and Line
2019-11-01,2019,11,34.2,-120.6,USA,pole_and_line,0.2747,0,1,Pole and Line
2019-11-01,2019,11,34.3,-120.4,USA,pole_and_line,1.3519,0,1,Pole and Line
2019-11-01,2019,11,34.3,-120.8,USA,pole_and_line,1.4083,0,1,Pole and Line
2019-11-01,2019,11,34.3,-120.7,USA,pole_and_line,1.083,0,1,Pole and Line
2019-11-01,2019,11,34.3,-120.5,USA,set_longlines,0.4672,0,1,Set Longlines
2019-11-01,2019,11,34.3,-120.4,USA,drifting_longlines,0.598,0,1,Drifting Longlines
2019-11-01,2019,11,34.4,-120.6,USA,set_longlines,17.8405,0,1,Set Longlines
2019-11-01,2019,11,34.4,-120,USA,fishing,0.5583,0,1,Fishing
2019-11-01,2019,11,34.4,-120.6,USA,fishing,3.7394,0,1,Fishing
2019-11-01,2019,11,34.4,-120.8,USA,other_purse_seines,0.5994,0,1,Other Purse Seines
2019-11-01,2019,11,34.4,-120.7,USA,other_purse_seines,0.6,0,1,Other Purse Seines
2019-11-01,2019,11,34.4,-120.4,USA,fishing,0.8333,0,1,Fishing
2019-11-01,2019,11,34.4,-120,USA,other_purse_seines,0.2666,0,1,Other Purse Seines
2019-11-01,2019,11,34.4,-120.6,USA,other_purse_seines,0.5252,0,1,Other Purse Seines
2019-11-01,2019,11,34.4,-120.3,USA,fishing,1.7,0,1,Fishing
2019-11-01,2019,11,34.5,-120.9,USA,set_longlines,17.9961,0,1,Set Longlines
2019-11-01,2019,11,34.5,-120.8,USA,set_longlines,0.7002,0,1,Set Longlines
2019-11-01,2019,11,35,-121,USA,other_purse_seines,0.8661,0,1,Other Purse Seines
2019-12-01,2019,12,34.3,-120.6,USA,pole_and_line,1.6663,0,1,Pole and Line
2019-12-01,2019,12,34.3,-120.5,USA,pole_and_line,2.0058,0,1,Pole and Line
2019-12-01,2019,12,34.3,-120.4,USA,set_longlines,1.8083,0,1,Set Longlines
2019-12-01,2019,12,34.3,-120.7,USA,pole_and_line,0.8077,0,1,Pole and Line
2019-12-01,2019,12,34.4,-120.9,USA,pole_and_line,4.3216,0,1,Pole and Line
2019-12-01,2019,12,34.4,-120.5,USA,other_purse_seines,1.5583,0,2,Other Purse Seines
2019-12-01,2019,12,34.4,-120.4,USA,fishing,1.2908,0,1,Fishing
2019-12-01,2019,12,34.4,-120.3,USA,other_purse_seines,1.1997,0,2,Other Purse Seines
2019-12-01,2019,12,34.4,-120.6,USA,other_purse_seines,2.9563,0,3,Other Purse Seines
2019-12-01,2019,12,34.4,-120.7,USA,pole_and_line,5.7622,0.0327,1,Pole and Line
2019-12-01,2019,12,34.4,-120.5,USA,pole_and_line,4.8419,0.5558,1,Pole and Line
2019-12-01,2019,12,34.4,-120.8,USA,set_longlines,0.5044,0,1,Set Longlines
2019-12-01,2019,12,34.4,-120,USA,fishing,11.2466,0,1,Fishing
2019-12-01,2019,12,34.4,-120.3,USA,set_longlines,0.7247,0,1,Set Longlines
2019-12-01,2019,12,34.4,-120.6,USA,fishing,0.2561,0,1,Fishing
2019-12-01,2019,12,34.4,-120.6,USA,pole_and_line,4.8477,0,1,Pole and Line
2019-12-01,2019,12,34.4,-120,USA,set_longlines,0.9247,0,1,Set Longlines
2019-12-01,2019,12,34.5,-120.7,USA,other_purse_seines,1.2166,0,2,Other Purse Seines
2019-12-01,2019,12,34.5,-121.4,USA,set_longlines,12.2013,0,1,Set Longlines
2019-12-01,2019,12,34.5,-120.6,USA,other_purse_seines,0.475,0,1,Other Purse Seines
2019-12-01,2019,12,34.5,-121,USA,set_longlines,13.1333,0,1,Set Longlines
2019-12-01,2019,12,34.5,-120.9,USA,set_longlines,1.2586,0,1,Set Longlines
2019-12-01,2019,12,34.9,-120.9,USA,other_purse_seines,2.5902,0,2,Other Purse Seines
2019-12-01,2019,12,35,-121,USA,other_purse_seines,0.2588,0,1,Other Purse Seines
2019-12-01,2019,12,34.3,-121,USA,pole_and_line,2.3877,0.5024,1,Pole and Line
2019-12-01,2019,12,34.3,-120.4,USA,pole_and_line,3.093,0,1,Pole and Line
2019-12-01,2019,12,34.3,-120.9,USA,pole_and_line,0.2586,0,1,Pole and Line
2019-12-01,2019,12,34.3,-120.8,USA,pole_and_line,0.583,0,1,Pole and Line
2019-12-01,2019,12,34.4,-120.3,USA,fishing,14.0136,0,1,Fishing
2019-12-01,2019,12,34.4,-121,USA,pole_and_line,36.2663,20.0313,1,Pole and Line
2019-12-01,2019,12,34.4,-120.4,USA,pole_and_line,7.8927,2.1255,2,Pole and Line
2019-12-01,2019,12,34.4,-120.4,USA,set_longlines,0.9411,0,1,Set Longlines
2019-12-01,2019,12,34.4,-120.5,USA,fishing,2.0755,0,1,Fishing
2019-12-01,2019,12,34.4,-120.4,USA,other_purse_seines,1.1244,0,2,Other Purse Seines
2019-12-01,2019,12,34.4,-120.6,USA,set_longlines,0.61240000000000006,0,1,Set Longlines
2019-12-01,2019,12,34.4,-120.8,USA,pole_and_line,3.9827,0,1,Pole and Line
2019-12-01,2019,12,34.4,-120.7,USA,set_longlines,1.4,0,1,Set Longlines
2019-12-01,2019,12,34.4,-120.5,USA,set_longlines,0.5916,0,1,Set Longlines
2019-12-01,2019,12,34.4,-120,USA,other_purse_seines,0.258,0,1,Other Purse Seines
2019-12-01,2019,12,34.4,-120.3,USA,pole_and_line,4.5197,0,2,Pole and Line
2019-12-01,2019,12,34.4,-120,USA,pole_and_line,6.558,0,2,Pole and Line
2019-12-01,2019,12,34.5,-120.7,USA,fishing,2.1991,0,1,Fishing
2019-12-01,2019,12,34.5,-120.8,USA,other_purse_seines,0.7947,0,2,Other Purse Seines
2019-12-01,2019,12,34.6,-120.8,USA,other_purse_seines,1.5647,0,2,Other Purse Seines
2019-12-01,2019,12,34.6,-120.7,USA,other_purse_seines,0.975,0,1,Other Purse Seines
2019-12-01,2019,12,34.7,-120.8,USA,other_purse_seines,2.663,0,3,Other Purse Seines
2019-12-01,2019,12,34.8,-120.9,USA,other_purse_seines,1.6327,0,3,Other Purse Seines
2019-12-01,2019,12,34.8,-120.8,USA,other_purse_seines,0.8083,0,2,Other Purse Seines
2019-12-01,2019,12,34.9,-121,USA,other_purse_seines,0.7833,0,1,Other Purse Seines
2019-12-01,2019,12,35,-120.9,USA,other_purse_seines,0.3,0,1,Other Purse Seines
2020-01-01,2020,1,34.4,-120.3,USA,other_purse_seines,1.1833,0,1,Other Purse Seines
2020-01-01,2020,1,34.4,-120.4,USA,other_purse_seines,0.8666,0,1,Other Purse Seines
2020-01-01,2020,1,35,-121.2,USA,fishing,1.8913,1.8913,1,Fishing
2020-01-01,2020,1,34.4,-120,USA,other_purse_seines,0.35,0,1,Other Purse Seines
2020-01-01,2020,1,35,-121.4,USA,fishing,22.5222,0,1,Fishing
2020-02-01,2020,2,34.4,-120.5,USA,pole_and_line,5.2836,0,1,Pole and Line
2020-02-01,2020,2,34.4,-120,USA,pole_and_line,2.3916,0,1,Pole and Line
2020-02-01,2020,2,34.4,-120.3,USA,pole_and_line,3.9819,0,1,Pole and Line
2020-02-01,2020,2,34.4,-120.8,USA,pole_and_line,4.0811,0,1,Pole and Line
2020-02-01,2020,2,34.4,-120.4,USA,pole_and_line,4.2363,0,1,Pole and Line
2020-02-01,2020,2,34.5,-121,USA,pole_and_line,6.5177,3.2597,1,Pole and Line
2020-02-01,2020,2,34.9,-121.5,USA,fishing,7.2469,0,1,Fishing
2020-02-01,2020,2,35,-121.4,USA,fishing,8.5866,0,1,Fishing
2020-02-01,2020,2,34.3,-120.4,USA,pole_and_line,0.2833,0,1,Pole and Line
2020-02-01,2020,2,34.4,-120.7,USA,pole_and_line,3.9947,0,1,Pole and Line
2020-02-01,2020,2,34.4,-120.9,USA,pole_and_line,5.4427,0,1,Pole and Line
2020-02-01,2020,2,34.4,-121,USA,pole_and_line,44.7544,32.6038,1,Pole and Line
2020-02-01,2020,2,34.4,-120.6,USA,pole_and_line,4.0663,0,1,Pole and Line
2020-02-01,2020,2,34.5,-121.1,USA,pole_and_line,5.7675,5.7675,1,Pole and Line
2020-02-01,2020,2,34.9,-121.4,USA,fishing,2.3652,0,1,Fishing
2020-03-01,2020,3,34.1,-120.8,USA,fishing,0.2497,0,1,Fishing
2020-03-01,2020,3,34.2,-121,USA,fishing,0.1897,0,1,Fishing
2020-03-01,2020,3,34.3,-120.4,USA,other_purse_seines,0.7661,0,1,Other Purse Seines
2020-03-01,2020,3,34.3,-120.4,USA,pole_and_line,0.168,0,1,Pole and Line
2020-03-01,2020,3,34.4,-120.9,USA,pole_and_line,2.0672,0,1,Pole and Line
2020-03-01,2020,3,34.5,-120.8,USA,pole_and_line,0.1836,0,1,Pole and Line
2020-03-01,2020,3,34.5,-120.8,USA,drifting_longlines,2.5586,0,1,Drifting Longlines
2020-03-01,2020,3,34.7,-120.9,USA,drifting_longlines,2.0013,0,1,Drifting Longlines
2020-03-01,2020,3,34.7,-120.8,USA,drifting_longlines,0.833,0,1,Drifting Longlines
2020-03-01,2020,3,34.7,-120.7,USA,fishing,0.2666,0,1,Fishing
2020-03-01,2020,3,34.8,-120.9,USA,drifting_longlines,0.8252,0,1,Drifting Longlines
2020-03-01,2020,3,34.8,-120.8,USA,other_purse_seines,1.7297,0,2,Other Purse Seines
2020-03-01,2020,3,35,-120.9,USA,other_purse_seines,1.0988,0,1,Other Purse Seines
2020-03-01,2020,3,35,-121.5,USA,fishing,0.6697,0,2,Fishing
2020-03-01,2020,3,35,-121.1,USA,fishing,0.4925,0,1,Fishing
2020-03-01,2020,3,34.3,-120.5,USA,other_purse_seines,0.475,0,1,Other Purse Seines
2020-03-01,2020,3,34.3,-120.4,USA,fishing,0.8247,0,1,Fishing
2020-03-01,2020,3,34.3,-121,USA,fishing,0.5458,0,1,Fishing
2020-03-01,2020,3,34.4,-120.3,USA,pole_and_line,0.6058,0,1,Pole and Line
2020-03-01,2020,3,34.4,-120.5,USA,other_purse_seines,0.5908,0,1,Other Purse Seines
2020-03-01,2020,3,34.4,-120.6,USA,other_purse_seines,2.958,0,2,Other Purse Seines
2020-03-01,2020,3,34.4,-120,USA,fishing,1.4255,0,2,Fishing
2020-03-01,2020,3,34.4,-120.4,USA,fishing,1.525,0,1,Fishing
2020-03-01,2020,3,34.4,-120.5,USA,fishing,9.54,0,2,Fishing
2020-03-01,2020,3,34.5,-121,USA,pole_and_line,4.2833,3.0922,1,Pole and Line
2020-03-01,2020,3,34.5,-121.2,USA,fishing,0.7888,0,1,Fishing
2020-03-01,2020,3,34.6,-121.2,USA,fishing,0.5336,0,1,Fishing
2020-03-01,2020,3,34.7,-120.9,USA,pole_and_line,0.4811,0,1,Pole and Line
2020-03-01,2020,3,34.8,-120.8,USA,fishing,1.1002,0,1,Fishing
2020-03-01,2020,3,34.9,-121.4,USA,fishing,0.1422,0,1,Fishing
2020-03-01,2020,3,34,-120.8,USA,fishing,0.5638,0,1,Fishing
2020-03-01,2020,3,34.1,-120.9,USA,fishing,0.4225,0,1,Fishing
2020-03-01,2020,3,34.2,-120.9,USA,fishing,0.4252,0,1,Fishing
2020-03-01,2020,3,34.3,-120.5,USA,fishing,0.5666,0,1,Fishing
2020-03-01,2020,3,34.3,-120.6,USA,fishing,0,0,1,Fishing
2020-03-01,2020,3,34.4,-120.5,USA,pole_and_line,0.875,0,1,Pole and Line
2020-03-01,2020,3,34.4,-120.7,USA,pole_and_line,1.8097,0,2,Pole and Line
2020-03-01,2020,3,34.4,-120.4,USA,pole_and_line,0.9694,0,1,Pole and Line
2020-03-01,2020,3,34.4,-120,USA,pole_and_line,3.3861,0,1,Pole and Line
2020-03-01,2020,3,34.4,-121.1,USA,fishing,0.4766,0,1,Fishing
2020-03-01,2020,3,34.5,-120.7,USA,fishing,0.6086,0,1,Fishing
2020-03-01,2020,3,34.5,-120.7,USA,other_purse_seines,1.2913,0,2,Other Purse Seines
2020-03-01,2020,3,34.5,-120.6,USA,other_purse_seines,0.2827,0,1,Other Purse Seines
2020-03-01,2020,3,34.5,-120.6,USA,fishing,1.733,0,2,Fishing
2020-03-01,2020,3,34.6,-120.8,USA,pole_and_line,0.4497,0,1,Pole and Line
2020-03-01,2020,3,34.6,-120.8,USA,drifting_longlines,0.8677,0,1,Drifting Longlines
2020-03-01,2020,3,34.6,-120.7,USA,other_purse_seines,2.2141,0,2,Other Purse Seines
2020-03-01,2020,3,34.6,-120.8,USA,fishing,1.7833,0,1,Fishing
2020-03-01,2020,3,34.7,-120.9,USA,fishing,0.2913,0,1,Fishing
2020-03-01,2020,3,34.7,-121.4,USA,fishing,0.1241,0,1,Fishing
2020-03-01,2020,3,34.7,-121.3,USA,fishing,0.6202,0,1,Fishing
2020-03-01,2020,3,34.7,-120.8,USA,fishing,1.1419,0,2,Fishing
2020-03-01,2020,3,34.8,-120.9,USA,pole_and_line,0.6105,0,1,Pole and Line
2020-03-01,2020,3,34.9,-121,USA,fishing,1.2516,0,1,Fishing
2020-03-01,2020,3,34.9,-120.8,USA,fishing,0.5577,0,1,Fishing
2020-03-01,2020,3,34.9,-120.9,USA,drifting_longlines,2.6252,0,1,Drifting Longlines
2020-03-01,2020,3,34.9,-121.5,USA,fishing,15.9494,14.5083,2,Fishing
2020-03-01,2020,3,34.9,-120.9,USA,other_purse_seines,0.2911,0,1,Other Purse Seines
2020-03-01,2020,3,34.9,-120.8,USA,other_purse_seines,0.6799,0,2,Other Purse Seines
2020-03-01,2020,3,35,-120.8,USA,fishing,1.2333,0,1,Fishing
2020-03-01,2020,3,35.1,-120.8,USA,fishing,0.2547,0,1,Fishing
2020-03-01,2020,3,34.3,-120.6,USA,drifting_longlines,4.4886,0,1,Drifting Longlines
2020-03-01,2020,3,34.4,-121,USA,pole_and_line,7.4669,5.1191,1,Pole and Line
2020-03-01,2020,3,34.4,-120.6,USA,pole_and_line,2.2411,0,2,Pole and Line
2020-03-01,2020,3,34.4,-120.8,USA,pole_and_line,0.5497,0,1,Pole and Line
2020-03-01,2020,3,34.5,-120.7,USA,pole_and_line,0.6675,0,1,Pole and Line
2020-03-01,2020,3,34.6,-121.3,USA,fishing,0.2661,0,1,Fishing
2020-03-01,2020,3,34.6,-120.7,USA,fishing,1.1,0,1,Fishing
2020-03-01,2020,3,34.7,-120.7,USA,other_purse_seines,0.2005,0,1,Other Purse Seines
2020-03-01,2020,3,34.7,-120.8,USA,other_purse_seines,1.6138,0,2,Other Purse Seines
2020-03-01,2020,3,34.8,-121,USA,drifting_longlines,0.2638,0,1,Drifting Longlines
2020-03-01,2020,3,34.8,-120.9,USA,fishing,0.3902,0,1,Fishing
2020-03-01,2020,3,34.8,-121.4,USA,fishing,0.6391,0,1,Fishing
2020-03-01,2020,3,34.9,-121.1,USA,drifting_longlines,1.4502,0,1,Drifting Longlines
2020-03-01,2020,3,35,-121.1,USA,pole_and_line,1.725,0,1,Pole and Line
2020-03-01,2020,3,35,-121,USA,fishing,0.2666,0,1,Fishing
2020-03-01,2020,3,35,-121.1,USA,drifting_longlines,0.8358,0,1,Drifting Longlines
2020-04-01,2020,4,34.3,-120.6,USA,fishing,0.1411,0,1,Fishing
2020-04-01,2020,4,34.4,-120.5,USA,other_purse_seines,6.1486,0,2,Other Purse Seines
2020-04-01,2020,4,34.4,-120.4,USA,other_purse_seines,32.2905,0.1477,1,Other Purse Seines
2020-04-01,2020,4,34.4,-120,USA,fishing,1.6133,0,1,Fishing
2020-04-01,2020,4,34.4,-120.5,USA,fishing,2.2766,0,3,Fishing
2020-04-01,2020,4,34.4,-120.7,USA,fishing,0.6316,0,3,Fishing
2020-04-01,2020,4,34.5,-120.7,USA,other_purse_seines,1.2075,0,1,Other Purse Seines
2020-04-01,2020,4,34.6,-120.8,USA,trollers,6.9066,0,1,Trollers
2020-04-01,2020,4,34.6,-120.7,USA,other_purse_seines,1.2344,0,1,Other Purse Seines
2020-04-01,2020,4,34.6,-120.8,USA,pole_and_line,0.9622,0,1,Pole and Line
2020-04-01,2020,4,34.7,-120.9,USA,pole_and_line,0.3774,0,1,Pole and Line
2020-04-01,2020,4,34.7,-120.9,USA,fishing,0.3744,0,1,Fishing
2020-04-01,2020,4,34.7,-120.8,USA,fishing,5.3061,0,5,Fishing
2020-04-01,2020,4,34.7,-120.8,USA,trollers,1.1686,0,1,Trollers
2020-04-01,2020,4,34.8,-120.9,USA,fishing,1.5422,0,3,Fishing
2020-04-01,2020,4,34.9,-120.9,USA,fishing,1.6144,0,3,Fishing
2020-04-01,2020,4,34.9,-120.9,USA,pole_and_line,0.8691,0,1,Pole and Line
2020-04-01,2020,4,35,-121,USA,fishing,2.2925,0,2,Fishing
2020-04-01,2020,4,35,-121.5,USA,fishing,29.2502,3.753,1,Fishing
2020-04-01,2020,4,35.1,-120.8,USA,trollers,18.4244,0,1,Trollers
2020-04-01,2020,4,35.1,-120.8,USA,fishing,72.2291,0,2,Fishing
2020-04-01,2020,4,34.3,-120.5,USA,fishing,1.2905,0,2,Fishing
2020-04-01,2020,4,34.4,-120,USA,other_purse_seines,1.4191,0,1,Other Purse Seines
2020-04-01,2020,4,34.4,-120.4,USA,fishing,33.5655,4.5036,2,Fishing
2020-04-01,2020,4,34.5,-120.6,USA,fishing,2.5386,0,1,Fishing
2020-04-01,2020,4,34.6,-120.8,USA,other_purse_seines,1.8419,0,1,Other Purse Seines
2020-04-01,2020,4,34.7,-120.7,USA,other_purse_seines,1.23,0,1,Other Purse Seines
2020-04-01,2020,4,34.8,-120.8,USA,trollers,1.1419,0,1,Trollers
2020-04-01,2020,4,34.9,-120.7,USA,other_purse_seines,0.1808,0,1,Other Purse Seines
2020-04-01,2020,4,35,-120.9,USA,pole_and_line,0.1958,0,1,Pole and Line
2020-04-01,2020,4,35.1,-120.8,USA,other_purse_seines,14.3077,10.303,1,Other Purse Seines
2020-04-01,2020,4,34.3,-120.4,USA,fishing,2.4147,0,3,Fishing
2020-04-01,2020,4,34.4,-120.3,USA,other_purse_seines,4.7766,0,1,Other Purse Seines
2020-04-01,2020,4,34.4,-120.6,USA,fishing,20.3163,0,6,Fishing
2020-04-01,2020,4,34.4,-120.3,USA,fishing,1.945,0,1,Fishing
2020-04-01,2020,4,34.4,-120.6,USA,other_purse_seines,1.4408,0,2,Other Purse Seines
2020-04-01,2020,4,34.5,-120.7,USA,fishing,1.8991,0,3,Fishing
2020-04-01,2020,4,34.5,-120.6,USA,other_purse_seines,8.2649,0.3497,2,Other Purse Seines
2020-04-01,2020,4,34.5,-120.8,USA,fishing,1.0244,0,1,Fishing
2020-04-01,2020,4,34.6,-120.8,USA,fishing,2.0083,0,3,Fishing
2020-04-01,2020,4,34.9,-120.8,USA,fishing,2.0994,0,2,Fishing
2020-04-01,2020,4,35,-120.8,USA,trollers,0.8625,0,1,Trollers
2020-04-01,2020,4,35,-120.8,USA,fishing,0.5658,0,1,Fishing
2020-04-01,2020,4,34.5,-120.8,USA,pole_and_line,0.1094,0,1,Pole and Line
2020-04-01,2020,4,34.5,-120.7,USA,pole_and_line,0.0194,0,1,Pole and Line
2020-04-01,2020,4,34.6,-120.7,USA,fishing,0.7002,0,1,Fishing
2020-04-01,2020,4,34.7,-120.8,USA,other_purse_seines,0.8247,0,1,Other Purse Seines
2020-04-01,2020,4,34.7,-120.8,USA,pole_and_line,0.5338,0,1,Pole and Line
2020-04-01,2020,4,34.8,-120.7,USA,other_purse_seines,1.3055,0,1,Other Purse Seines
2020-04-01,2020,4,34.8,-120.8,USA,fishing,2.4599,0,3,Fishing
2020-04-01,2020,4,34.8,-120.9,USA,pole_and_line,0.845,0,1,Pole and Line
2020-04-01,2020,4,34.9,-121.5,USA,fishing,12.1638,0,1,Fishing
2020-04-01,2020,4,34.9,-120.8,USA,trollers,1.0083,0,1,Trollers
2020-04-01,2020,4,34.9,-120.8,USA,other_purse_seines,0.3427,0,1,Other Purse Seines
2020-04-01,2020,4,35,-120.9,USA,fishing,2.1327,0,3,Fishing
2020-04-01,2020,4,35,-121.1,USA,fishing,0.2916,0,1,Fishing
2020-04-01,2020,4,35,-120.7,USA,other_purse_seines,1.4561,0,1,Other Purse Seines
2020-04-01,2020,4,35,-121,USA,pole_and_line,0.5013,0,1,Pole and Line
2020-05-01,2020,5,34.4,-120.7,USA,other_purse_seines,2.2663,0,1,Other Purse Seines
2020-05-01,2020,5,34.4,-120.5,USA,fishing,7.3569,0,3,Fishing
2020-05-01,2020,5,34.4,-120.6,USA,pole_and_line,0.4086,0,1,Pole and Line
2020-05-01,2020,5,34.6,-120.7,USA,fishing,1.4788,0,2,Fishing
2020-05-01,2020,5,34.8,-120.9,USA,pole_and_line,0.6172,0,1,Pole and Line
2020-05-01,2020,5,34.9,-120.7,USA,fishing,2.1541,0.7613,1,Fishing
2020-05-01,2020,5,34.9,-121,USA,fishing,1.45,0,2,Fishing
2020-05-01,2020,5,34.9,-120.8,USA,other_purse_seines,0.5666,0,1,Other Purse Seines
2020-05-01,2020,5,35,-121.1,USA,fishing,0.875,0,1,Fishing
2020-05-01,2020,5,35,-120.8,USA,other_purse_seines,1.3061,0,1,Other Purse Seines
2020-05-01,2020,5,35,-121.1,USA,other_purse_seines,0.283,0,1,Other Purse Seines
2020-05-01,2020,5,35,-121,USA,pole_and_line,0.283,0,1,Pole and Line
2020-05-01,2020,5,35,-121,USA,fishing,0.9333,0,1,Fishing
2020-05-01,2020,5,35.1,-120.8,USA,other_purse_seines,3.1852,0,1,Other Purse Seines
2020-05-01,2020,5,35.1,-120.8,USA,fishing,33.8713,2.5233,2,Fishing
2020-05-01,2020,5,35.1,-120.8,USA,trollers,1.3855,0,1,Trollers
2020-05-01,2020,5,34.3,-121,USA,pole_and_line,4.8252,4.4758,1,Pole and Line
2020-05-01,2020,5,34.3,-120.5,USA,fishing,1.0388,0,1,Fishing
2020-05-01,2020,5,34.4,-120.6,USA,fishing,2.755,0,4,Fishing
2020-05-01,2020,5,34.4,-120,USA,other_purse_seines,0.5583,0,1,Other Purse Seines
2020-05-01,2020,5,34.5,-121,USA,pole_and_line,0.2736,0,1,Pole and Line
2020-05-01,2020,5,34.5,-120.7,USA,fishing,3.8069,0,4,Fishing
2020-05-01,2020,5,34.6,-120.7,USA,other_purse_seines,0.8252,0,1,Other Purse Seines
2020-05-01,2020,5,34.6,-120.8,USA,pole_and_line,0.3861,0,1,Pole and Line
2020-05-01,2020,5,34.7,-120.9,USA,pole_and_line,0.605,0,1,Pole and Line
2020-05-01,2020,5,34.9,-121.1,USA,other_purse_seines,0.6166,0,1,Other Purse Seines
2020-05-01,2020,5,35,-121.2,USA,other_purse_seines,0.275,0,1,Other Purse Seines
2020-05-01,2020,5,34.3,-120.4,USA,pole_and_line,0.2511,0,1,Pole and Line
2020-05-01,2020,5,34.4,-120.4,USA,fishing,16.1508,4.7608,3,Fishing
2020-05-01,2020,5,34.4,-120.3,USA,other_purse_seines,0.6336,0,1,Other Purse Seines
2020-05-01,2020,5,34.4,-120.5,USA,other_purse_seines,19.9152,0,1,Other Purse Seines
2020-05-01,2020,5,34.4,-121,USA,pole_and_line,11.2255,0,1,Pole and Line
2020-05-01,2020,5,34.4,-120.3,USA,fishing,1.5908,0,2,Fishing
2020-05-01,2020,5,34.4,-120.7,USA,pole_and_line,1.8411,0,2,Pole and Line
2020-05-01,2020,5,34.4,-120.4,USA,other_purse_seines,3.353,0,1,Other Purse Seines
2020-05-01,2020,5,34.5,-120.7,USA,other_purse_seines,0.9502,0,1,Other Purse Seines
2020-05-01,2020,5,34.5,-120.6,USA,other_purse_seines,0.2255,0,1,Other Purse Seines
2020-05-01,2020,5,34.6,-120.9,USA,other_purse_seines,0.5336,0,1,Other Purse Seines
2020-05-01,2020,5,34.7,-120.7,USA,other_purse_seines,0.8083,0,1,Other Purse Seines
2020-05-01,2020,5,34.7,-121,USA,other_purse_seines,0.7997,0,1,Other Purse Seines
2020-05-01,2020,5,34.7,-120.8,USA,fishing,2.2208,0,3,Fishing
2020-05-01,2020,5,34.8,-121.1,USA,other_purse_seines,0.5011,0,1,Other Purse Seines
2020-05-01,2020,5,34.8,-120.9,USA,fishing,0.9019,0,1,Fishing
2020-05-01,2020,5,34.8,-120.8,USA,fishing,3.8563,1.4172,3,Fishing
2020-05-01,2020,5,34.8,-120.7,USA,other_purse_seines,1.083,0,1,Other Purse Seines
2020-05-01,2020,5,34.8,-121,USA,other_purse_seines,0.4741,0,1,Other Purse Seines
2020-05-01,2020,5,34.9,-121,USA,pole_and_line,0.6752,0,1,Pole and Line
2020-05-01,2020,5,34.9,-120.8,USA,fishing,4.1286,0,2,Fishing
2020-05-01,2020,5,35,-120.8,USA,trollers,3.3919,3.3919,1,Trollers
2020-05-01,2020,5,35,-121.4,USA,fishing,5.4661,0,1,Fishing
2020-05-01,2020,5,34.3,-120.4,USA,fishing,0.7163,0,1,Fishing
2020-05-01,2020,5,34.3,-120.5,USA,pole_and_line,0.5736,0,1,Pole and Line
2020-05-01,2020,5,34.4,-120.5,USA,pole_and_line,1.4902,0,2,Pole and Line
2020-05-01,2020,5,34.4,-120.6,USA,other_purse_seines,1.1405,0,1,Other Purse Seines
2020-05-01,2020,5,34.4,-120.4,USA,pole_and_line,0.7413,0,1,Pole and Line
2020-05-01,2020,5,34.4,-120,USA,fishing,1.1669,0,2,Fishing
2020-05-01,2020,5,34.4,-120.9,USA,pole_and_line,2.6452,0,1,Pole and Line
2020-05-01,2020,5,34.4,-120.3,USA,pole_and_line,0.9091,0,1,Pole and Line
2020-05-01,2020,5,34.5,-120.6,USA,fishing,0.5669,0,1,Fishing
2020-05-01,2020,5,34.5,-120.8,USA,fishing,0.058,0,1,Fishing
2020-05-01,2020,5,34.5,-120.7,USA,pole_and_line,1.3827,0,1,Pole and Line
2020-05-01,2020,5,34.6,-120.8,USA,fishing,2.5869,0,3,Fishing
2020-05-01,2020,5,34.7,-120.7,USA,fishing,11.1755,8.2222,2,Fishing
2020-05-01,2020,5,34.7,-120.8,USA,pole_and_line,0.1663,0,1,Pole and Line
2020-05-01,2020,5,34.7,-120.9,USA,fishing,1.2644,0,2,Fishing
2020-05-01,2020,5,34.8,-121,USA,fishing,0.9166,0,1,Fishing
2020-05-01,2020,5,34.8,-120.7,USA,fishing,40.7941,34.5569,1,Fishing
2020-05-01,2020,5,34.9,-121.1,USA,fishing,0.275,0,1,Fishing
2020-05-01,2020,5,34.9,-120.9,USA,fishing,0.8505,0,2,Fishing
2020-05-01,2020,5,35,-120.8,USA,fishing,3.6161,0,3,Fishing
2020-05-01,2020,5,35,-121.1,USA,pole_and_line,0.275,0,1,Pole and Line
2020-05-01,2020,5,35,-120.9,USA,fishing,1.3425,0,2,Fishing
2020-06-01,2020,6,34.3,-120.8,USA,pole_and_line,0.3586,0.3586,1,Pole and Line
2020-06-01,2020,6,34.3,-120.7,USA,pole_and_line,0.7333,0.7333,1,Pole and Line
2020-06-01,2020,6,34.4,-120.9,USA,pole_and_line,2.0166,0.8911,1,Pole and Line
2020-06-01,2020,6,34.4,-120.8,USA,pole_and_line,0.3902,0,1,Pole and Line
2020-06-01,2020,6,34.4,-120.7,USA,pole_and_line,5.8575,0.3252,1,Pole and Line
2020-06-01,2020,6,34.5,-120.8,USA,fishing,0.893,0,1,Fishing
2020-06-01,2020,6,34.5,-120.8,USA,pole_and_line,0.3738,0,1,Pole and Line
2020-06-01,2020,6,34.5,-120.7,USA,fishing,1.2894,0,1,Fishing
2020-06-01,2020,6,34.7,-120.8,USA,fishing,0.5666,0,1,Fishing
2020-06-01,2020,6,34.8,-120.7,USA,fishing,43.4647,33.5008,1,Fishing
2020-06-01,2020,6,34.9,-121.1,USA,fishing,0.655,0,1,Fishing
2020-06-01,2020,6,35,-120.8,USA,fishing,2.6824,0,1,Fishing
2020-06-01,2020,6,35.1,-120.8,USA,fishing,44.4341,0,1,Fishing
2020-06-01,2020,6,34.3,-120.5,USA,fishing,1.7761,0,1,Fishing
2020-06-01,2020,6,34.4,-120.4,USA,fishing,1.0941,0,1,Fishing
2020-06-01,2020,6,34.4,-120,USA,pole_and_line,0.8911,0,1,Pole and Line
2020-06-01,2020,6,34.6,-120.7,USA,pole_and_line,0.5916,0,1,Pole and Line
2020-06-01,2020,6,34.7,-120.9,USA,fishing,1.6661,0,2,Fishing
2020-06-01,2020,6,34.7,-120.7,USA,fishing,14.8633,9.7888,1,Fishing
2020-06-01,2020,6,34.8,-120.7,USA,pole_and_line,0.3938,0,1,Pole and Line
2020-06-01,2020,6,35,-120.8,USA,pole_and_line,0.4191,0,1,Pole and Line
2020-06-01,2020,6,35,-121,USA,fishing,0.9883,0,2,Fishing
2020-06-01,2020,6,34.3,-120.6,USA,fishing,0.3636,0,1,Fishing
2020-06-01,2020,6,34.4,-120.3,USA,fishing,0.6625,0,1,Fishing
2020-06-01,2020,6,34.4,-120.7,USA,fishing,0.5563,0,1,Fishing
2020-06-01,2020,6,34.4,-120.6,USA,pole_and_line,7.4552,3.3155,2,Pole and Line
2020-06-01,2020,6,34.4,-120.3,USA,pole_and_line,3.3358,0,1,Pole and Line
2020-06-01,2020,6,34.5,-121.1,USA,pole_and_line,3.8586,3.8586,1,Pole and Line
2020-06-01,2020,6,34.7,-120.7,USA,pole_and_line,0.948,0,1,Pole and Line
2020-06-01,2020,6,34.8,-121,USA,fishing,0.6766,0,1,Fishing
2020-06-01,2020,6,34.8,-120.9,USA,fishing,1.783,0,2,Fishing
2020-06-01,2020,6,34.9,-120.8,USA,pole_and_line,0.8177,0,1,Pole and Line
2020-06-01,2020,6,34.9,-120.8,USA,fishing,3.77,0,1,Fishing
2020-06-01,2020,6,34.9,-121,USA,fishing,1.3738,0,2,Fishing
2020-06-01,2020,6,35,-121.2,USA,fishing,0.7827,0,1,Fishing
2020-06-01,2020,6,34.3,-120.6,USA,pole_and_line,2.7572,0,1,Pole and Line
2020-06-01,2020,6,34.3,-120.4,USA,fishing,0.6666,0,1,Fishing
2020-06-01,2020,6,34.3,-120.4,USA,pole_and_line,1.4591,0,1,Pole and Line
2020-06-01,2020,6,34.4,-120.5,USA,pole_and_line,0.608,0,1,Pole and Line
2020-06-01,2020,6,34.4,-120.5,USA,fishing,0.158,0,1,Fishing
2020-06-01,2020,6,34.4,-121,USA,pole_and_line,16.6983,3.5916,1,Pole and Line
2020-06-01,2020,6,34.4,-120.6,USA,fishing,2.1252,0,2,Fishing
2020-06-01,2020,6,34.5,-121,USA,pole_and_line,9.7966,5.7375,1,Pole and Line
2020-06-01,2020,6,34.5,-120.7,USA,pole_and_line,0.8913,0,1,Pole and Line
2020-06-01,2020,6,34.5,-120.6,USA,fishing,2.2836,0,1,Fishing
2020-06-01,2020,6,34.6,-120.8,USA,fishing,1.3358,0,1,Fishing
2020-06-01,2020,6,34.8,-120.8,USA,fishing,0.2672,0,1,Fishing
2020-06-01,2020,6,34.8,-120.8,USA,pole_and_line,0.4719,0,1,Pole and Line
2020-06-01,2020,6,34.9,-120.7,USA,fishing,1.7663,0.133,1,Fishing
2020-06-01,2020,6,35,-121.1,USA,fishing,1.6911,0,2,Fishing
2020-07-01,2020,7,34.3,-120.6,USA,pole_and_line,2.3752,0,1,Pole and Line
2020-07-01,2020,7,34.4,-120,USA,pole_and_line,2.0375,0,1,Pole and Line
2020-07-01,2020,7,34.4,-120.4,USA,fishing,3.1927,0,4,Fishing
2020-07-01,2020,7,34.4,-120.6,USA,fishing,3.2511,0,5,Fishing
2020-07-01,2020,7,34.4,-120.3,USA,fishing,2.1736,0,4,Fishing
2020-07-01,2020,7,34.4,-120.5,USA,fishing,7.7047,0.2977,5,Fishing
2020-07-01,2020,7,34.4,-120.7,USA,pole_and_line,8.0469,0,1,Pole and Line
2020-07-01,2020,7,34.5,-120.8,USA,drifting_longlines,0.8133,0,1,Drifting Longlines
2020-07-01,2020,7,34.6,-121.1,USA,drifting_longlines,2.0255,0,1,Drifting Longlines
2020-07-01,2020,7,34.8,-121,USA,drifting_longlines,1.0244,0,1,Drifting Longlines
2020-07-01,2020,7,34.8,-120.8,USA,fishing,1.6258,0,2,Fishing
2020-07-01,2020,7,34.9,-121,USA,fishing,2.2819,0,3,Fishing
2020-07-01,2020,7,35,-121,USA,fishing,1.6027,0,3,Fishing
2020-07-01,2020,7,35,-120.9,USA,fishing,1.2077,0,1,Fishing
2020-07-01,2020,7,34.3,-120.4,USA,fishing,0.7519,0,1,Fishing
2020-07-01,2020,7,34.4,-120.9,USA,pole_and_line,2.6566,0.358,1,Pole and Line
2020-07-01,2020,7,34.4,-120.7,USA,drifting_longlines,1.1677,0,2,Drifting Longlines
2020-07-01,2020,7,34.4,-120.6,USA,pole_and_line,3.2874,0,1,Pole and Line
2020-07-01,2020,7,34.4,-120.5,USA,drifting_longlines,0.0836,0,1,Drifting Longlines
2020-07-01,2020,7,34.4,-120.6,USA,drifting_longlines,1.1002,0,2,Drifting Longlines
2020-07-01,2020,7,34.5,-120.8,USA,fishing,0.5597,0,1,Fishing
2020-07-01,2020,7,34.6,-120.9,USA,drifting_longlines,0.578,0,1,Drifting Longlines
2020-07-01,2020,7,34.7,-120.9,USA,fishing,0.9736,0,2,Fishing
2020-07-01,2020,7,34.7,-121,USA,drifting_longlines,0.6333,0,1,Drifting Longlines
2020-07-01,2020,7,34.8,-121.4,USA,drifting_longlines,1.8969,0,1,Drifting Longlines
2020-07-01,2020,7,35,-121.2,USA,drifting_longlines,0.1311,0,1,Drifting Longlines
2020-07-01,2020,7,35.1,-120.7,USA,fishing,0.1177,0,1,Fishing
2020-07-01,2020,7,34.3,-120.6,USA,drifting_longlines,0.6147,0,1,Drifting Longlines
2020-07-01,2020,7,34.4,-120.8,USA,pole_and_line,2.47,0,1,Pole and Line
2020-07-01,2020,7,34.4,-120.8,USA,drifting_longlines,1.3005,0,1,Drifting Longlines
2020-07-01,2020,7,34.4,-121,USA,pole_and_line,46.5947,29.7613,1,Pole and Line
2020-07-01,2020,7,34.5,-120.6,USA,fishing,1.2638,0,2,Fishing
2020-07-01,2020,7,34.5,-121,USA,drifting_longlines,1.1494,0,1,Drifting Longlines
2020-07-01,2020,7,34.5,-121,USA,pole_and_line,3.7144,3.7144,1,Pole and Line
2020-07-01,2020,7,34.6,-120.8,USA,fishing,4.5763,0,5,Fishing
2020-07-01,2020,7,34.7,-120.8,USA,fishing,2.7361,0,5,Fishing
2020-07-01,2020,7,34.8,-120.9,USA,fishing,2.9341,0,3,Fishing
2020-07-01,2020,7,34.9,-121.6,USA,drifting_longlines,0.3441,0,1,Drifting Longlines
2020-07-01,2020,7,34.9,-120.8,USA,fishing,0.3327,0,1,Fishing
2020-07-01,2020,7,35,-121.1,USA,fishing,0.8005,0,2,Fishing
2020-07-01,2020,7,35,-121.1,USA,drifting_longlines,0.77,0,1,Drifting Longlines
2020-07-01,2020,7,35,-120.7,USA,fishing,11.1952,8.7094,1,Fishing
2020-07-01,2020,7,35.1,-120.8,USA,fishing,0.2411,0,1,Fishing
2020-07-01,2020,7,34.3,-120.8,USA,pole_and_line,1.0741,0,1,Pole and Line
2020-07-01,2020,7,34.3,-120.4,USA,drifting_longlines,1.3741,0,2,Drifting Longlines
2020-07-01,2020,7,34.3,-120.5,USA,drifting_longlines,1.7277,0,2,Drifting Longlines
2020-07-01,2020,7,34.4,-120.4,USA,pole_and_line,2.4852,0,1,Pole and Line
2020-07-01,2020,7,34.4,-120.3,USA,pole_and_line,4.6494,0,1,Pole and Line
2020-07-01,2020,7,34.4,-120.5,USA,pole_and_line,2.3469,0,1,Pole and Line
2020-07-01,2020,7,34.5,-120.7,USA,fishing,2.7383,0,5,Fishing
2020-07-01,2020,7,34.5,-120.7,USA,drifting_longlines,0.2791,0,1,Drifting Longlines
2020-07-01,2020,7,34.5,-120.9,USA,drifting_longlines,0.5416,0,1,Drifting Longlines
2020-07-01,2020,7,34.6,-120.8,USA,drifting_longlines,0.2752,0,1,Drifting Longlines
2020-07-01,2020,7,34.6,-120.7,USA,fishing,1.8066,0,2,Fishing
2020-07-01,2020,7,34.7,-120.9,USA,drifting_longlines,0.3277,0,1,Drifting Longlines
2020-07-01,2020,7,34.8,-121.3,USA,drifting_longlines,0.1363,0,1,Drifting Longlines
2020-07-01,2020,7,34.9,-120.9,USA,fishing,1.4172,0,3,Fishing
2020-07-01,2020,7,34.9,-121.1,USA,drifting_longlines,0.8411,0,1,Drifting Longlines
2020-08-01,2020,8,34.4,-120,USA,pole_and_line,0.6994,0,1,Pole and Line
2020-08-01,2020,8,34.4,-121.1,USA,pole_and_line,4.7102,4.7102,1,Pole and Line
2020-08-01,2020,8,34.4,-120.5,USA,fishing,1.7969,0,3,Fishing
2020-08-01,2020,8,34.4,-120.6,USA,fishing,1.4616,0,2,Fishing
2020-08-01,2020,8,34.5,-121,USA,pole_and_line,2.2836,0,1,Pole and Line
2020-08-01,2020,8,34.5,-120.6,USA,fishing,4.1397,0,1,Fishing
2020-08-01,2020,8,34.7,-120.8,USA,fishing,0.3002,0,1,Fishing
2020-08-01,2020,8,34.3,-120.8,USA,pole_and_line,0.8572,0,1,Pole and Line
2020-08-01,2020,8,34.4,-120.7,USA,pole_and_line,1.0375,0,1,Pole and Line
2020-08-01,2020,8,34.4,-120.3,USA,pole_and_line,0.5413,0,1,Pole and Line
2020-08-01,2020,8,34.4,-120.4,USA,pole_and_line,1.0866,0,1,Pole and Line
2020-08-01,2020,8,34.5,-120.7,USA,fishing,2.9613,0,2,Fishing
2020-08-01,2020,8,34.5,-121.1,USA,pole_and_line,6.6597,6.6597,1,Pole and Line
2020-08-01,2020,8,34.8,-121,USA,fishing,2.258,0,2,Fishing
2020-08-01,2020,8,34.9,-121.1,USA,fishing,0.1716,0,1,Fishing
2020-08-01,2020,8,35,-121.2,USA,fishing,1.6336,0,1,Fishing
2020-08-01,2020,8,34.3,-120.5,USA,fishing,0.0738,0,1,Fishing
2020-08-01,2020,8,34.3,-120.4,USA,fishing,1.5252,0,2,Fishing
2020-08-01,2020,8,34.4,-121,USA,pole_and_line,14.7341,12.3338,1,Pole and Line
2020-08-01,2020,8,34.4,-120.4,USA,fishing,0.8555,0,2,Fishing
2020-08-01,2020,8,34.4,-120.9,USA,pole_and_line,0.725,0,1,Pole and Line
2020-08-01,2020,8,34.4,-120.5,USA,pole_and_line,1.053,0,1,Pole and Line
2020-08-01,2020,8,34.4,-120.8,USA,pole_and_line,0.6736,0,1,Pole and Line
2020-08-01,2020,8,34.8,-120.9,USA,fishing,0.7336,0,1,Fishing
2020-08-01,2020,8,34.3,-120.9,USA,pole_and_line,1.0613,0,1,Pole and Line
2020-08-01,2020,8,34.4,-120.7,USA,fishing,0.483,0,1,Fishing
2020-08-01,2020,8,34.4,-120.3,USA,fishing,0.1772,0,1,Fishing
2020-08-01,2020,8,34.4,-120.6,USA,pole_and_line,1.1213,0,1,Pole and Line
2020-08-01,2020,8,34.6,-120.8,USA,fishing,0.608,0,1,Fishing
2020-08-01,2020,8,34.7,-120.9,USA,fishing,1.6219,0,2,Fishing
2020-08-01,2020,8,34.9,-121,USA,fishing,0.7058,0,1,Fishing
2020-08-01,2020,8,35,-121.1,USA,fishing,2.1922,0,2,Fishing
2020-08-01,2020,8,35.1,-120.8,USA,fishing,27.1808,0,1,Fishing
2020-09-01,2020,9,34.2,-120.6,USA,pole_and_line,1.1169,0,1,Pole and Line
2020-09-01,2020,9,34.3,-120.5,USA,pole_and_line,0.958,0,1,Pole and Line
2020-09-01,2020,9,34.3,-120.5,USA,drifting_longlines,2.4158,0,2,Drifting Longlines
2020-09-01,2020,9,34.4,-120.4,USA,fishing,1.0566,0,2,Fishing
2020-09-01,2020,9,34.4,-120.8,USA,pole_and_line,7.6702,2.6583,1,Pole and Line
2020-09-01,2020,9,34.4,-120.6,USA,drifting_longlines,0.2911,0,1,Drifting Longlines
2020-09-01,2020,9,34.4,-120.6,USA,pole_and_line,4.5025,0,1,Pole and Line
2020-09-01,2020,9,34.4,-120.6,USA,other_purse_seines,0.283,0,1,Other Purse Seines
2020-09-01,2020,9,34.4,-120.9,USA,pole_and_line,2.1702,1.25,1,Pole and Line
2020-09-01,2020,9,34.4,-120.7,USA,pole_and_line,4.2825,0,1,Pole and Line
2020-09-01,2020,9,34.4,-120.8,USA,drifting_longlines,2.2694,0,2,Drifting Longlines
2020-09-01,2020,9,34.5,-120.6,USA,fishing,0.2488,0,1,Fishing
2020-09-01,2020,9,34.5,-121.4,USA,drifting_longlines,0.9997,0,1,Drifting Longlines
2020-09-01,2020,9,34.5,-121.1,USA,drifting_longlines,1.1577,0,1,Drifting Longlines
2020-09-01,2020,9,34.5,-120.9,USA,drifting_longlines,0.4766,0,1,Drifting Longlines
2020-09-01,2020,9,34.5,-121,USA,drifting_longlines,1.1202,0,1,Drifting Longlines
2020-09-01,2020,9,34.5,-121.2,USA,drifting_longlines,2.0241,0,2,Drifting Longlines
2020-09-01,2020,9,34.6,-120.7,USA,other_purse_seines,0.3666,0,1,Other Purse Seines
2020-09-01,2020,9,34.7,-120.8,USA,other_purse_seines,0.8219,0,1,Other Purse Seines
2020-09-01,2020,9,34.8,-120.8,USA,other_purse_seines,0.2608,0,1,Other Purse Seines
2020-09-01,2020,9,35,-120.8,USA,fishing,2.9775,0,1,Fishing
2020-09-01,2020,9,35.1,-120.8,USA,fishing,305.523,0,1,Fishing
2020-09-01,2020,9,34.3,-120.9,USA,pole_and_line,9.8222,8.5663,1,Pole and Line
2020-09-01,2020,9,34.3,-120.4,USA,drifting_longlines,1.7269,0,2,Drifting Longlines
2020-09-01,2020,9,34.3,-121,USA,pole_and_line,5.7002,5.1,1,Pole and Line
2020-09-01,2020,9,34.4,-120.3,USA,other_purse_seines,0.6694,0,1,Other Purse Seines
2020-09-01,2020,9,34.4,-120,USA,pole_and_line,1.4916,0,1,Pole and Line
2020-09-01,2020,9,34.4,-120.9,USA,drifting_longlines,1.6033,0,2,Drifting Longlines
2020-09-01,2020,9,34.4,-121.1,USA,drifting_longlines,1.723,0,1,Drifting Longlines
2020-09-01,2020,9,34.5,-120.7,USA,fishing,1.4163,0,1,Fishing
2020-09-01,2020,9,34.5,-120.7,USA,other_purse_seines,0.5636,0,1,Other Purse Seines
2020-09-01,2020,9,34.6,-121.4,USA,drifting_longlines,1.0788,0,1,Drifting Longlines
2020-09-01,2020,9,34.6,-121.3,USA,drifting_longlines,0.8611,0,1,Drifting Longlines
2020-09-01,2020,9,34.7,-120.8,USA,fishing,0.2588,0,1,Fishing
2020-09-01,2020,9,34.9,-121,USA,other_purse_seines,0.3394,0,1,Other Purse Seines
2020-09-01,2020,9,34.9,-120.9,USA,other_purse_seines,0.7113,0,1,Other Purse Seines
2020-09-01,2020,9,34.3,-120.7,USA,pole_and_line,0.5663,0,1,Pole and Line
2020-09-01,2020,9,34.3,-120.4,USA,pole_and_line,0.758,0,1,Pole and Line
2020-09-01,2020,9,34.3,-120.8,USA,pole_and_line,0.8255,0,1,Pole and Line
2020-09-01,2020,9,34.4,-120.5,USA,fishing,0.5763,0,1,Fishing
2020-09-01,2020,9,34.4,-121,USA,drifting_longlines,0.9102,0,1,Drifting Longlines
2020-09-01,2020,9,34.4,-120.4,USA,other_purse_seines,0.5302,0,1,Other Purse Seines
2020-09-01,2020,9,34.4,-120.4,USA,pole_and_line,4.4263,0,1,Pole and Line
2020-09-01,2020,9,34.4,-120.7,USA,drifting_longlines,1.1811,0,2,Drifting Longlines
2020-09-01,2020,9,34.4,-120.3,USA,fishing,1.4711,0,2,Fishing
2020-09-01,2020,9,34.4,-120.6,USA,fishing,0.718,0,1,Fishing
2020-09-01,2020,9,34.4,-120.5,USA,pole_and_line,4.9222,0,1,Pole and Line
2020-09-01,2020,9,34.4,-120.5,USA,other_purse_seines,0.8477,0,1,Other Purse Seines
2020-09-01,2020,9,34.5,-120.9,USA,pole_and_line,1.6797,0.6497,1,Pole and Line
2020-09-01,2020,9,34.5,-121.5,USA,drifting_longlines,0.2833,0,1,Drifting Longlines
2020-09-01,2020,9,34.5,-121.1,USA,pole_and_line,10.9316,10.6233,1,Pole and Line
2020-09-01,2020,9,34.5,-120.6,USA,other_purse_seines,0.5444,0,1,Other Purse Seines
2020-09-01,2020,9,34.5,-121,USA,pole_and_line,26.6027,12.8966,1,Pole and Line
2020-09-01,2020,9,34.6,-120.7,USA,fishing,0.4,0,1,Fishing
2020-09-01,2020,9,34.6,-121.5,USA,drifting_longlines,1.1733,0,1,Drifting Longlines
2020-09-01,2020,9,34.8,-120.9,USA,other_purse_seines,0.3558,0,1,Other Purse Seines
2020-09-01,2020,9,35,-121,USA,other_purse_seines,2.1288,0,1,Other Purse Seines
2020-09-01,2020,9,35,-120.9,USA,other_purse_seines,0.7911,0,1,Other Purse Seines
2020-09-01,2020,9,34.3,-120.6,USA,drifting_longlines,1.8077,0,2,Drifting Longlines
2020-09-01,2020,9,34.3,-120.6,USA,pole_and_line,0.5838,0,1,Pole and Line
2020-09-01,2020,9,34.3,-120.7,USA,drifting_longlines,0.8163,0,1,Drifting Longlines
2020-09-01,2020,9,34.4,-121,USA,pole_and_line,16.9072,16.3991,1,Pole and Line
2020-09-01,2020,9,34.4,-121.2,USA,drifting_longlines,0.2558,0,1,Drifting Longlines
2020-09-01,2020,9,34.4,-120,USA,fishing,1.8811,0,2,Fishing
2020-09-01,2020,9,34.4,-120.3,USA,pole_and_line,3.3672,0,1,Pole and Line
2020-09-01,2020,9,34.4,-120,USA,other_purse_seines,0.5577,0,1,Other Purse Seines
2020-09-01,2020,9,34.5,-121.3,USA,drifting_longlines,1.4672,0,1,Drifting Longlines
2020-09-01,2020,9,34.6,-120.8,USA,other_purse_seines,0.545,0,1,Other Purse Seines
2020-09-01,2020,9,34.7,-120.7,USA,fishing,0.5413,0,1,Fishing
2020-09-01,2020,9,34.7,-121.6,USA,drifting_longlines,0.2505,0,1,Drifting Longlines
2020-09-01,2020,9,34.8,-120.8,USA,fishing,0.5905,0,1,Fishing
2020-09-01,2020,9,34.9,-120.8,USA,fishing,0.8566,0,1,Fishing
2020-10-01,2020,10,34,-121,USA,drifting_longlines,0.9494,0,1,Drifting Longlines
2020-10-01,2020,10,34.1,-121.1,USA,fishing,0.8138,0,1,Fishing
2020-10-01,2020,10,34.1,-121,USA,fishing,0.2058,0,1,Fishing
2020-10-01,2020,10,34.1,-121.2,USA,drifting_longlines,1.0666,0,1,Drifting Longlines
2020-10-01,2020,10,34.2,-121.1,USA,fishing,0.2722,0,1,Fishing
2020-10-01,2020,10,34.2,-120.8,USA,fishing,0.8833,0,1,Fishing
2020-10-01,2020,10,34.3,-120.6,USA,drifting_longlines,2.5091,0,2,Drifting Longlines
2020-10-01,2020,10,34.3,-120.8,USA,drifting_longlines,1.725,0,2,Drifting Longlines
2020-10-01,2020,10,34.3,-120.5,USA,pole_and_line,0.8075,0,1,Pole and Line
2020-10-01,2020,10,34.3,-120.8,USA,fishing,0.3333,0,1,Fishing
2020-10-01,2020,10,34.3,-121.3,USA,fishing,0.2663,0,1,Fishing
2020-10-01,2020,10,34.3,-120.8,USA,pole_and_line,1.608,0,1,Pole and Line
2020-10-01,2020,10,34.3,-120.6,USA,pole_and_line,0.5338,0,1,Pole and Line
2020-10-01,2020,10,34.4,-121,USA,fishing,1.4166,0,1,Fishing
2020-10-01,2020,10,34.4,-120.7,USA,fishing,0.6833,0,1,Fishing
2020-10-01,2020,10,34.4,-120.3,USA,pole_and_line,2.8575,0,1,Pole and Line
2020-10-01,2020,10,34.5,-120.9,USA,pole_and_line,0.1411,0,1,Pole and Line
2020-10-01,2020,10,34.5,-120.7,USA,fishing,3.3722,0,2,Fishing
2020-10-01,2020,10,34.5,-121.1,USA,fishing,0.4663,0,1,Fishing
2020-10-01,2020,10,34.5,-121.5,USA,drifting_longlines,1.4491,0,2,Drifting Longlines
2020-10-01,2020,10,34.6,-121.4,USA,drifting_longlines,0.5583,0,1,Drifting Longlines
2020-10-01,2020,10,34.6,-121.4,USA,fishing,0.4638,0,1,Fishing
2020-10-01,2020,10,34.6,-121.2,USA,fishing,0.9169,0,1,Fishing
2020-10-01,2020,10,34.8,-121.6,USA,fishing,0.6558,0,1,Fishing
2020-10-01,2020,10,34.9,-121,USA,fishing,2.4025,0,3,Fishing
2020-10-01,2020,10,34,-120.9,USA,drifting_longlines,0.8361,0,1,Drifting Longlines
2020-10-01,2020,10,34,-121,USA,fishing,0.7691,0,1,Fishing
2020-10-01,2020,10,34.1,-121.1,USA,drifting_longlines,0.7227,0,1,Drifting Longlines
2020-10-01,2020,10,34.2,-121.2,USA,fishing,0.5605,0,1,Fishing
2020-10-01,2020,10,34.2,-121.3,USA,drifting_longlines,0.8052,0,1,Drifting Longlines
2020-10-01,2020,10,34.3,-120.7,USA,drifting_longlines,1.7913,0,2,Drifting Longlines
2020-10-01,2020,10,34.3,-120.4,USA,pole_and_line,0.4,0,1,Pole and Line
2020-10-01,2020,10,34.4,-120.9,USA,drifting_longlines,1.6755,0,1,Drifting Longlines
2020-10-01,2020,10,34.4,-121,USA,drifting_longlines,1.5852,0,2,Drifting Longlines
2020-10-01,2020,10,34.4,-121.1,USA,drifting_longlines,1.5661,0,2,Drifting Longlines
2020-10-01,2020,10,34.4,-120.9,USA,fishing,0.3502,0,1,Fishing
2020-10-01,2020,10,34.4,-120,USA,pole_and_line,2.4363,0,1,Pole and Line
2020-10-01,2020,10,34.5,-121.1,USA,drifting_longlines,0.833,0,1,Drifting Longlines
2020-10-01,2020,10,34.5,-121,USA,drifting_longlines,0.8327,0,1,Drifting Longlines
2020-10-01,2020,10,34.7,-121.5,USA,fishing,0.4694,0,1,Fishing
2020-10-01,2020,10,34.8,-120.9,USA,fishing,0.8669,0,1,Fishing
2020-10-01,2020,10,34.8,-121.3,USA,fishing,0.0994,0,1,Fishing
2020-10-01,2020,10,35,-121,USA,fishing,0.6,0,1,Fishing
2020-10-01,2020,10,34,-120.9,USA,fishing,0.2791,0,1,Fishing
2020-10-01,2020,10,34.3,-120.7,USA,pole_and_line,2.9005,0,1,Pole and Line
2020-10-01,2020,10,34.3,-120.9,USA,fishing,0.6663,0,1,Fishing
2020-10-01,2020,10,34.3,-120.5,USA,fishing,1.3541,0,2,Fishing
2020-10-01,2020,10,34.3,-120.4,USA,fishing,1.1933,0,2,Fishing
2020-10-01,2020,10,34.3,-121,USA,pole_and_line,2.84,2.7563,1,Pole and Line
2020-10-01,2020,10,34.3,-121.2,USA,fishing,0.7588,0,1,Fishing
2020-10-01,2020,10,34.4,-120.9,USA,pole_and_line,3.0094,0.25,1,Pole and Line
2020-10-01,2020,10,34.4,-120.5,USA,pole_and_line,2.9261,0,1,Pole and Line
2020-10-01,2020,10,34.4,-121,USA,pole_and_line,26.9794,25.1797,1,Pole and Line
2020-10-01,2020,10,34.4,-120.8,USA,drifting_longlines,0.8252,0,1,Drifting Longlines
2020-10-01,2020,10,34.4,-120.7,USA,drifting_longlines,0.5744,0,1,Drifting Longlines
2020-10-01,2020,10,34.4,-120.7,USA,pole_and_line,2.6075,0,1,Pole and Line
2020-10-01,2020,10,34.4,-120.4,USA,fishing,0.3491,0,1,Fishing
2020-10-01,2020,10,34.5,-121.4,USA,drifting_longlines,1.5494,0,2,Drifting Longlines
2020-10-01,2020,10,34.5,-121.4,USA,fishing,0.8888,0,1,Fishing
2020-10-01,2020,10,34.5,-121.2,USA,drifting_longlines,0.9088,0,1,Drifting Longlines
2020-10-01,2020,10,34.5,-121.3,USA,drifting_longlines,1.6625,0,2,Drifting Longlines
2020-10-01,2020,10,34.6,-121.2,USA,drifting_longlines,0.3083,0,1,Drifting Longlines
2020-10-01,2020,10,34.6,-121.5,USA,fishing,0.5305,0,1,Fishing
2020-10-01,2020,10,34.7,-120.9,USA,fishing,1.9944,0,3,Fishing
2020-10-01,2020,10,34.7,-121.2,USA,fishing,0.3327,0,1,Fishing
2020-10-01,2020,10,34.7,-121.6,USA,drifting_longlines,0.7663,0,1,Drifting Longlines
2020-10-01,2020,10,34.7,-120.8,USA,fishing,0.5419,0,1,Fishing
2020-10-01,2020,10,34.7,-121.3,USA,fishing,0.7841,0,1,Fishing
2020-10-01,2020,10,34.7,-121.4,USA,drifting_longlines,0.2666,0,1,Drifting Longlines
2020-10-01,2020,10,34.8,-121,USA,fishing,1.6566,0,2,Fishing
2020-10-01,2020,10,34.9,-121.4,USA,fishing,0.9333,0,1,Fishing
2020-10-01,2020,10,34.9,-121.6,USA,fishing,0.318,0.318,1,Fishing
2020-10-01,2020,10,34.9,-120.9,USA,fishing,0.2741,0,1,Fishing
2020-10-01,2020,10,35,-121.1,USA,fishing,1.5288,0,2,Fishing
2020-10-01,2020,10,35,-121.5,USA,fishing,1.5263,0,2,Fishing
2020-10-01,2020,10,33.9,-120.9,USA,fishing,0.6569,0,1,Fishing
2020-10-01,2020,10,33.9,-120.9,USA,drifting_longlines,0.0558,0,1,Drifting Longlines
2020-10-01,2020,10,34.1,-120.7,USA,fishing,0.7833,0,1,Fishing
2020-10-01,2020,10,34.2,-121.4,USA,drifting_longlines,0.8055,0,1,Drifting Longlines
2020-10-01,2020,10,34.3,-120.5,USA,drifting_longlines,1.9919,0,2,Drifting Longlines
2020-10-01,2020,10,34.3,-120.9,USA,drifting_longlines,1.1569,0,2,Drifting Longlines
2020-10-01,2020,10,34.3,-120.9,USA,pole_and_line,13.4202,11.3952,1,Pole and Line
2020-10-01,2020,10,34.3,-120.4,USA,drifting_longlines,0.7583,0,1,Drifting Longlines
2020-10-01,2020,10,34.3,-121.5,USA,drifting_longlines,0.5138,0,1,Drifting Longlines
2020-10-01,2020,10,34.4,-120.6,USA,pole_and_line,2.8561,0,1,Pole and Line
2020-10-01,2020,10,34.4,-120.4,USA,pole_and_line,3.3941,0,1,Pole and Line
2020-10-01,2020,10,34.4,-121.2,USA,drifting_longlines,1.4375,0,2,Drifting Longlines
2020-10-01,2020,10,34.4,-120.6,USA,fishing,2.6499,0,3,Fishing
2020-10-01,2020,10,34.4,-121.3,USA,fishing,0.775,0,1,Fishing
2020-10-01,2020,10,34.4,-120.5,USA,fishing,1.0597,0,2,Fishing
2020-10-01,2020,10,34.4,-120.8,USA,pole_and_line,4.1497,0.5416,1,Pole and Line
2020-10-01,2020,10,34.5,-121,USA,pole_and_line,13.3513,13.1419,1,Pole and Line
2020-10-01,2020,10,34.5,-121.3,USA,fishing,0.05,0,1,Fishing
2020-10-01,2020,10,34.5,-120.6,USA,fishing,0.3413,0,1,Fishing
2020-10-01,2020,10,34.5,-120.8,USA,fishing,0.8647,0,1,Fishing
2020-10-01,2020,10,34.6,-121.3,USA,drifting_longlines,0.8002,0,1,Drifting Longlines
2020-10-01,2020,10,34.6,-120.8,USA,fishing,1.8513,0,2,Fishing
2020-10-01,2020,10,34.7,-121.5,USA,drifting_longlines,1.0166,0,1,Drifting Longlines
2020-10-01,2020,10,34.7,-121.6,USA,fishing,0.6308,0,1,Fishing
2020-10-01,2020,10,34.8,-121.4,USA,fishing,0.7836,0,1,Fishing
2020-11-01,2020,11,34,-120.8,USA,fishing,1.1002,0,1,Fishing
2020-11-01,2020,11,34.1,-120.9,USA,fishing,0.6494,0,1,Fishing
2020-11-01,2020,11,34.2,-120.6,USA,fishing,1.7113,0,2,Fishing
2020-11-01,2020,11,34.2,-121,USA,fishing,0.9436,0,1,Fishing
2020-11-01,2020,11,34.3,-120.6,USA,fishing,1.908,0,3,Fishing
2020-11-01,2020,11,34.3,-120.8,USA,drifting_longlines,0.6758,0,1,Drifting Longlines
2020-11-01,2020,11,34.3,-120.7,USA,fishing,1.5636,0,2,Fishing
2020-11-01,2020,11,34.3,-120.7,USA,drifting_longlines,0.6497,0,1,Drifting Longlines
2020-11-01,2020,11,34.3,-120.6,USA,drifting_longlines,0.6661,0,1,Drifting Longlines
2020-11-01,2020,11,34.4,-121.2,USA,drifting_longlines,0.4338,0,1,Drifting Longlines
2020-11-01,2020,11,34.4,-120.7,USA,fishing,0.855,0,3,Fishing
2020-11-01,2020,11,34.4,-121.1,USA,drifting_longlines,0.6911,0,1,Drifting Longlines
2020-11-01,2020,11,34.4,-121.2,USA,fishing,0.988,0,1,Fishing
2020-11-01,2020,11,34.4,-120.4,USA,other_purse_seines,0.6077,0,1,Other Purse Seines
2020-11-01,2020,11,34.4,-120.6,USA,fishing,2.5433,0,3,Fishing
2020-11-01,2020,11,34.5,-121.3,USA,drifting_longlines,0.59,0,1,Drifting Longlines
2020-11-01,2020,11,34.6,-121,USA,trollers,0.7588,0,1,Trollers
2020-11-01,2020,11,34.7,-120.8,USA,fishing,1.2552,0,3,Fishing
2020-11-01,2020,11,34.7,-121.1,USA,trollers,0.8752,0,1,Trollers
2020-11-01,2020,11,34.7,-120.9,USA,fishing,3.7972,0,6,Fishing
2020-11-01,2020,11,34.8,-121,USA,fishing,1.2044,0,4,Fishing
2020-11-01,2020,11,35,-121,USA,fishing,0.8755,0,1,Fishing
2020-11-01,2020,11,35,-121.2,USA,fishing,0.3413,0,1,Fishing
2020-11-01,2020,11,35,-121.2,USA,trollers,0.7833,0,1,Trollers
2020-11-01,2020,11,34.1,-121,USA,fishing,0.2666,0,1,Fishing
2020-11-01,2020,11,34.4,-120.9,USA,drifting_longlines,0.0333,0,1,Drifting Longlines
2020-11-01,2020,11,34.4,-120.6,USA,other_purse_seines,0.5577,0,1,Other Purse Seines
2020-11-01,2020,11,34.5,-121,USA,trollers,0.6883,0,1,Trollers
2020-11-01,2020,11,34.5,-121.3,USA,fishing,0.5497,0,1,Fishing
2020-11-01,2020,11,34.5,-120.6,USA,other_purse_seines,0.0933,0,1,Other Purse Seines
2020-11-01,2020,11,34.6,-120.7,USA,fishing,0.49,0,2,Fishing
2020-11-01,2020,11,34.6,-120.7,USA,other_purse_seines,0.3166,0,1,Other Purse Seines
2020-11-01,2020,11,34.8,-120.8,USA,other_purse_seines,0.8155,0,1,Other Purse Seines
2020-11-01,2020,11,34.8,-121.1,USA,trawlers,3.49,3.49,1,Trawlers
2020-11-01,2020,11,34.9,-121.1,USA,trawlers,5.7738,3.835,1,Trawlers
2020-11-01,2020,11,34.9,-121.6,USA,fishing,0.4908,0,1,Fishing
2020-11-01,2020,11,34.9,-120.9,USA,fishing,1.198,0,2,Fishing
2020-11-01,2020,11,35,-121.1,USA,fishing,2.7174,0,3,Fishing
2020-11-01,2020,11,35,-121.2,USA,trawlers,0.5152,0,1,Trawlers
2020-11-01,2020,11,35,-121.1,USA,trawlers,0.7694,0,1,Trawlers
2020-11-01,2020,11,34.2,-120.6,USA,trollers,0.0522,0,1,Trollers
2020-11-01,2020,11,34.3,-120.7,USA,trollers,0.5872,0,1,Trollers
2020-11-01,2020,11,34.3,-120.8,USA,trollers,0.6172,0,1,Trollers
2020-11-01,2020,11,34.3,-120.5,USA,drifting_longlines,0.3336,0,1,Drifting Longlines
2020-11-01,2020,11,34.4,-120.3,USA,other_purse_seines,0.2252,0,1,Other Purse Seines
2020-11-01,2020,11,34.4,-121,USA,drifting_longlines,0.7916,0,1,Drifting Longlines
2020-11-01,2020,11,34.4,-120.5,USA,other_purse_seines,0.7658,0,1,Other Purse Seines
2020-11-01,2020,11,34.4,-120.8,USA,fishing,1.4338,0,2,Fishing
2020-11-01,2020,11,34.4,-120.9,USA,trollers,0.803,0,1,Trollers
2020-11-01,2020,11,34.5,-120.8,USA,fishing,2.3736,0,4,Fishing
2020-11-01,2020,11,34.5,-120.9,USA,fishing,0.5583,0,1,Fishing
2020-11-01,2020,11,34.5,-120.7,USA,fishing,2.7352,0,4,Fishing
2020-11-01,2020,11,34.5,-121.2,USA,drifting_longlines,0.343,0,1,Drifting Longlines
2020-11-01,2020,11,34.6,-121.5,USA,drifting_longlines,0.1925,0,1,Drifting Longlines
2020-11-01,2020,11,34.6,-120.8,USA,other_purse_seines,0.2666,0,1,Other Purse Seines
2020-11-01,2020,11,34.7,-121.4,USA,fishing,0.8997,0,1,Fishing
2020-11-01,2020,11,34.8,-120.9,USA,fishing,2.9436,0,4,Fishing
2020-11-01,2020,11,34.8,-121.4,USA,fishing,0.8505,0,1,Fishing
2020-11-01,2020,11,34.8,-121.1,USA,trollers,1.0366,0,1,Trollers
2020-11-01,2020,11,34.9,-121.5,USA,fishing,0.8508,0,1,Fishing
2020-11-01,2020,11,34.9,-121.4,USA,fishing,0.1583,0,1,Fishing
2020-11-01,2020,11,34.9,-120.9,USA,other_purse_seines,0.5411,0,1,Other Purse Seines
2020-11-01,2020,11,34.9,-121.2,USA,trollers,0.3936,0,1,Trollers
2020-11-01,2020,11,35,-120.9,USA,fishing,0.8833,0,1,Fishing
2020-11-01,2020,11,34.3,-121.1,USA,fishing,0.793,0,1,Fishing
2020-11-01,2020,11,34.3,-120.4,USA,fishing,0.2244,0,1,Fishing
2020-11-01,2020,11,34.3,-120.6,USA,trollers,0.5152,0,1,Trollers
2020-11-01,2020,11,34.3,-120.9,USA,trollers,0.408,0,1,Trollers
2020-11-01,2020,11,34.3,-120.9,USA,drifting_longlines,0.608,0,1,Drifting Longlines
2020-11-01,2020,11,34.3,-120.8,USA,fishing,0.2194,0,1,Fishing
2020-11-01,2020,11,34.3,-120.5,USA,fishing,0.7002,0,1,Fishing
2020-11-01,2020,11,34.5,-120.7,USA,other_purse_seines,1.0055,0,1,Other Purse Seines
2020-11-01,2020,11,34.5,-121.4,USA,drifting_longlines,0.6838,0,1,Drifting Longlines
2020-11-01,2020,11,34.5,-121.2,USA,fishing,0.2669,0,1,Fishing
2020-11-01,2020,11,34.5,-121.5,USA,drifting_longlines,0.4997,0,1,Drifting Longlines
2020-11-01,2020,11,34.6,-120.9,USA,fishing,0.6886,0,2,Fishing
2020-11-01,2020,11,34.6,-121.3,USA,fishing,0.85,0,1,Fishing
2020-11-01,2020,11,34.6,-120.8,USA,fishing,2.4197,0,4,Fishing
2020-11-01,2020,11,34.7,-120.8,USA,other_purse_seines,0.8408,0,1,Other Purse Seines
2020-11-01,2020,11,34.7,-121,USA,fishing,0.7683,0,1,Fishing
2020-11-01,2020,11,34.9,-121.1,USA,fishing,1.233,0,2,Fishing
2020-11-01,2020,11,34.9,-121,USA,fishing,3.9069,0,4,Fishing
2020-11-01,2020,11,35,-120.9,USA,other_purse_seines,0.7244,0,1,Other Purse Seines
2020-12-01,2020,12,34.3,-120.5,USA,drifting_longlines,0.8169,0,1,Drifting Longlines
2020-12-01,2020,12,34.3,-120.5,USA,fishing,0.16,0,1,Fishing
2020-12-01,2020,12,34.4,-120.4,USA,other_purse_seines,0.6319,0,1,Other Purse Seines
2020-12-01,2020,12,34.4,-120.5,USA,fishing,1.0858,0,2,Fishing
2020-12-01,2020,12,34.4,-120.3,USA,other_purse_seines,0.6183,0,1,Other Purse Seines
2020-12-01,2020,12,34.4,-120.6,USA,other_purse_seines,0.5933,0,1,Other Purse Seines
2020-12-01,2020,12,34.4,-121.1,USA,drifting_longlines,0.8494,0,1,Drifting Longlines
2020-12-01,2020,12,34.5,-121.2,USA,drifting_longlines,1.2391,0,1,Drifting Longlines
2020-12-01,2020,12,34.5,-120.7,USA,fishing,0.7038,0,2,Fishing
2020-12-01,2020,12,34.5,-121.4,USA,drifting_longlines,0.9588,0,1,Drifting Longlines
2020-12-01,2020,12,34.5,-120.9,USA,fishing,0.3719,0,1,Fishing
2020-12-01,2020,12,34.5,-120.6,USA,other_purse_seines,0.1361,0,1,Other Purse Seines
2020-12-01,2020,12,34.6,-120.9,USA,fishing,1.1211,0,2,Fishing
2020-12-01,2020,12,34.6,-120.8,USA,other_purse_seines,0.67,0,1,Other Purse Seines
2020-12-01,2020,12,34.7,-120.9,USA,fishing,0.7241,0,1,Fishing
2020-12-01,2020,12,34.7,-120.9,USA,other_purse_seines,0.8086,0,1,Other Purse Seines
2020-12-01,2020,12,34.8,-120.9,USA,other_purse_seines,0.1458,0,1,Other Purse Seines
2020-12-01,2020,12,34.8,-121.1,USA,trawlers,10.4925,7.5908,1,Trawlers
2020-12-01,2020,12,34.8,-121,USA,other_purse_seines,0.6786,0,1,Other Purse Seines
2020-12-01,2020,12,34.9,-121.1,USA,other_purse_seines,0.1116,0,1,Other Purse Seines
2020-12-01,2020,12,34.9,-121,USA,other_purse_seines,0.6386,0,1,Other Purse Seines
2020-12-01,2020,12,35,-121.2,USA,fishing,1.9477,0,2,Fishing
2020-12-01,2020,12,34.3,-120.4,USA,drifting_longlines,0.7916,0,1,Drifting Longlines
2020-12-01,2020,12,34.3,-120.4,USA,fishing,1.2216,0,2,Fishing
2020-12-01,2020,12,34.3,-120.6,USA,drifting_longlines,0.7638,0,1,Drifting Longlines
2020-12-01,2020,12,34.3,-120.7,USA,drifting_longlines,0.6452,0,1,Drifting Longlines
2020-12-01,2020,12,34.4,-120.9,USA,drifting_longlines,0.6474,0,1,Drifting Longlines
2020-12-01,2020,12,34.4,-120.7,USA,fishing,1.0858,0,2,Fishing
2020-12-01,2020,12,34.4,-121,USA,drifting_longlines,0.5672,0,1,Drifting Longlines
2020-12-01,2020,12,34.4,-120.8,USA,drifting_longlines,1.0178,0,1,Drifting Longlines
2020-12-01,2020,12,34.4,-120.6,USA,fishing,1.2386,0,2,Fishing
2020-12-01,2020,12,34.4,-120.5,USA,other_purse_seines,0.5825,0,1,Other Purse Seines
2020-12-01,2020,12,34.4,-120,USA,other_purse_seines,0.4161,0,1,Other Purse Seines
2020-12-01,2020,12,34.5,-121.3,USA,drifting_longlines,0.0772,0,1,Drifting Longlines
2020-12-01,2020,12,34.5,-120.8,USA,fishing,1.3061,0,2,Fishing
2020-12-01,2020,12,34.5,-120.8,USA,other_purse_seines,0.2708,0,1,Other Purse Seines
2020-12-01,2020,12,34.5,-120.7,USA,other_purse_seines,0.7694,0,1,Other Purse Seines
2020-12-01,2020,12,34.6,-120.8,USA,fishing,0.4461,0,1,Fishing
2020-12-01,2020,12,34.6,-121,USA,fishing,0.13,0,1,Fishing
2020-12-01,2020,12,34.6,-120.9,USA,other_purse_seines,0.1758,0,1,Other Purse Seines
2020-12-01,2020,12,34.7,-121,USA,fishing,0.9005,0,2,Fishing
2020-12-01,2020,12,34.8,-121.1,USA,fishing,0.7877,0,2,Fishing
2020-12-01,2020,12,34.8,-121,USA,fishing,0.9444,0,2,Fishing
2020-12-01,2020,12,34.9,-121.1,USA,fishing,1.1338,0,2,Fishing
2020-12-01,2020,12,34.9,-121.1,USA,trawlers,6.1983,1.1238,1,Trawlers
2020-12-01,2020,12,34.9,-121.2,USA,fishing,0.5794,0,1,Fishing
2020-12-01,2020,12,35,-121.1,USA,trawlers,2.8836,0,1,Trawlers
2020-12-01,2020,12,35,-121.1,USA,other_purse_seines,0.9836,0,1,Other Purse Seines
2020-12-01,2020,12,35,-121.1,USA,fishing,0.3086,0,1,Fishing
2021-01-01,2021,1,34.9,-121.1,USA,trawlers,1.1552,0,1,Trawlers
2021-01-01,2021,1,35,-121,USA,trawlers,0.1891,0,1,Trawlers
2021-01-01,2021,1,35,-121.1,USA,trawlers,3.0002,0,1,Trawlers
2021-01-01,2021,1,34.8,-121.1,USA,trawlers,2.4219,0,1,Trawlers
2021-02-01,2021,2,34.9,-121.5,USA,fishing,0,0,1,Fishing
2021-02-01,2021,2,35,-121.5,USA,fishing,8.1002,8.1002,1,Fishing
2021-03-01,2021,3,35,-121.1,USA,trawlers,0.7833,0,1,Trawlers
2021-03-01,2021,3,34.3,-121,USA,pole_and_line,11.3002,11.3002,1,Pole and Line
2021-03-01,2021,3,35,-121,USA,fishing,0.3722,0,1,Fishing
2021-03-01,2021,3,34.3,-120.9,USA,pole_and_line,6.258,3.7597,1,Pole and Line
2021-03-01,2021,3,34.8,-120.9,USA,other_purse_seines,1.3388,0,2,Other Purse Seines
2021-03-01,2021,3,35.1,-120.8,USA,fishing,60.5049,0,1,Fishing
2021-03-01,2021,3,34.9,-120.8,USA,fishing,6.8111,0.2588,1,Fishing
2021-03-01,2021,3,34.6,-120.8,USA,other_purse_seines,1.8455,0,2,Other Purse Seines
2021-03-01,2021,3,34.7,-120.8,USA,fishing,15.7444,10.413,2,Fishing
2021-03-01,2021,3,34.3,-120.7,USA,pole_and_line,2.5005,0,1,Pole and Line
2021-03-01,2021,3,34.9,-120.7,USA,fishing,9.1969,5.2877,1,Fishing
2021-03-01,2021,3,34.7,-120.7,USA,fishing,5.5986,4.1416,1,Fishing
2021-03-01,2021,3,34.3,-120.6,USA,pole_and_line,2.7919,0,1,Pole and Line
2021-03-01,2021,3,34.5,-120.6,USA,other_purse_seines,0.5222,0,1,Other Purse Seines
2021-03-01,2021,3,34.3,-120.5,USA,pole_and_line,2.6005,0,1,Pole and Line
2021-03-01,2021,3,34.4,-120.4,USA,other_purse_seines,0.6661,0,1,Other Purse Seines
2021-03-01,2021,3,34.3,-120.4,USA,other_purse_seines,1.7536,0,3,Other Purse Seines
2021-03-01,2021,3,34.3,-120.4,USA,pole_and_line,2.7908,0,1,Pole and Line
2021-03-01,2021,3,34.3,-120.4,USA,fishing,0.8236,0,2,Fishing
2021-03-01,2021,3,35,-121.1,USA,fishing,1.8722,0,2,Fishing
2021-03-01,2021,3,34.4,-121,USA,pole_and_line,21.2497,20.5077,1,Pole and Line
2021-03-01,2021,3,34.9,-120.9,USA,other_purse_seines,1.0741,0,1,Other Purse Seines
2021-03-01,2021,3,34.5,-120.8,USA,fishing,1.0322,0,1,Fishing
2021-03-01,2021,3,34.7,-120.8,USA,other_purse_seines,1.383,0,2,Other Purse Seines
2021-03-01,2021,3,34.8,-120.8,USA,fishing,17.4916,8.8183,1,Fishing
2021-03-01,2021,3,34.5,-120.7,USA,other_purse_seines,2.5488,0,2,Other Purse Seines
2021-03-01,2021,3,34.4,-120.6,USA,fishing,1.2855,0,3,Fishing
2021-03-01,2021,3,34.5,-120.6,USA,fishing,1.3838,0,3,Fishing
2021-03-01,2021,3,34.4,-120.5,USA,other_purse_seines,1.2255,0,3,Other Purse Seines
2021-03-01,2021,3,34.4,-120.5,USA,fishing,1.843,0,3,Fishing
2021-03-01,2021,3,34.4,-120.3,USA,pole_and_line,0.0908,0,1,Pole and Line
2021-03-01,2021,3,35,-121.2,USA,trawlers,1.76,0,1,Trawlers
2021-03-01,2021,3,34.8,-121.1,USA,trawlers,3.558,3.558,1,Trawlers
2021-03-01,2021,3,34.9,-121.1,USA,trawlers,2.9727,0.558,1,Trawlers
2021-03-01,2021,3,34.9,-121,USA,fishing,4.9625,0,2,Fishing
2021-03-01,2021,3,35,-121,USA,other_purse_seines,13.5638,0,2,Other Purse Seines
2021-03-01,2021,3,34.9,-121,USA,other_purse_seines,0.8769,0,2,Other Purse Seines
2021-03-01,2021,3,34.8,-121,USA,other_purse_seines,0.3161,0,1,Other Purse Seines
2021-03-01,2021,3,34.4,-120.8,USA,pole_and_line,0.5661,0.283,1,Pole and Line
2021-03-01,2021,3,34.6,-120.8,USA,fishing,0.3916,0,1,Fishing
2021-03-01,2021,3,35,-120.8,USA,fishing,7.3455,0,1,Fishing
2021-03-01,2021,3,34.6,-120.7,USA,other_purse_seines,0.6658,0,1,Other Purse Seines
2021-03-01,2021,3,34.4,-120.7,USA,pole_and_line,0.5338,0,1,Pole and Line
2021-03-01,2021,3,34.4,-120.6,USA,other_purse_seines,1.7422,0,2,Other Purse Seines
2021-03-01,2021,3,34.3,-120.5,USA,other_purse_seines,1.3874,0,3,Other Purse Seines
2021-03-01,2021,3,34.3,-120.5,USA,fishing,0.5011,0,1,Fishing
2021-03-01,2021,3,34.4,-120.4,USA,fishing,0.6916,0,2,Fishing
2021-03-01,2021,3,34.4,-120.3,USA,other_purse_seines,0.5908,0,1,Other Purse Seines
2021-03-01,2021,3,34.4,-120.3,USA,fishing,0.5833,0,1,Fishing
2021-03-01,2021,3,35,-121.1,USA,other_purse_seines,0.4886,0,1,Other Purse Seines
2021-03-01,2021,3,34.7,-120.9,USA,fishing,0.3161,0,1,Fishing
2021-03-01,2021,3,35,-120.9,USA,other_purse_seines,0.8413,0,1,Other Purse Seines
2021-03-01,2021,3,34.7,-120.9,USA,other_purse_seines,0.4411,0,1,Other Purse Seines
2021-03-01,2021,3,34.8,-120.9,USA,fishing,0.683,0,1,Fishing
2021-03-01,2021,3,34.9,-120.8,USA,other_purse_seines,0.2666,0,1,Other Purse Seines
2021-03-01,2021,3,34.8,-120.8,USA,other_purse_seines,1.0905,0,1,Other Purse Seines
2021-03-01,2021,3,34.3,-120.8,USA,pole_and_line,3.7255,0.8713,1,Pole and Line
2021-03-01,2021,3,34.6,-120.7,USA,fishing,2.2761,0,2,Fishing
2021-03-01,2021,3,34.8,-120.7,USA,fishing,7.0072,1.8563,1,Fishing
2021-03-01,2021,3,34.5,-120.7,USA,fishing,0.253,0,2,Fishing
2021-03-01,2021,3,34.4,-120.6,USA,pole_and_line,0.2916,0,1,Pole and Line
2021-03-01,2021,3,34.4,-120,USA,other_purse_seines,0.1663,0,1,Other Purse Seines
2021-03-01,2021,3,34.4,-120,USA,fishing,0.7577,0,1,Fishing
2021-04-01,2021,4,34.3,-120.7,USA,fishing,0.2844,0,1,Fishing
2021-04-01,2021,4,34.4,-120.5,USA,pole_and_line,9.9644,2.2794,2,Pole and Line
2021-04-01,2021,4,34.4,-120.8,USA,fishing,2.5847,0,1,Fishing
2021-04-01,2021,4,34.4,-120,USA,fishing,1.7647,0,2,Fishing
2021-04-01,2021,4,34.7,-120.9,USA,fishing,1.8916,0,2,Fishing
2021-04-01,2021,4,34.8,-121,USA,fishing,2.69,0,1,Fishing
2021-04-01,2021,4,34.9,-120.9,USA,fishing,6.5869,0,4,Fishing
2021-04-01,2021,4,34.9,-121.1,USA,trawlers,9.5902,6.4902,1,Trawlers
2021-04-01,2021,4,35,-120.8,USA,fishing,12.6391,12.1883,2,Fishing
2021-04-01,2021,4,35,-120.9,USA,other_purse_seines,2.3924,0,3,Other Purse Seines
2021-04-01,2021,4,35,-121.1,USA,fishing,1.5997,0,2,Fishing
2021-04-01,2021,4,34.3,-120.8,USA,pole_and_line,1.5127,0,1,Pole and Line
2021-04-01,2021,4,34.3,-120.5,USA,pole_and_line,0.438,0,1,Pole and Line
2021-04-01,2021,4,34.3,-120.6,USA,pole_and_line,0.5519,0,1,Pole and Line
2021-04-01,2021,4,34.3,-120.5,USA,other_purse_seines,0.44,0,1,Other Purse Seines
2021-04-01,2021,4,34.3,-120.4,USA,fishing,3.8505,0,6,Fishing
2021-04-01,2021,4,34.3,-120.9,USA,pole_and_line,0.1169,0,1,Pole and Line
2021-04-01,2021,4,34.4,-120.4,USA,other_purse_seines,2.8344,0,3,Other Purse Seines
2021-04-01,2021,4,34.4,-120.3,USA,fishing,1.3016,0,2,Fishing
2021-04-01,2021,4,34.4,-120,USA,other_purse_seines,1.7347,0,2,Other Purse Seines
2021-04-01,2021,4,34.4,-120.9,USA,pole_and_line,1.918,0.2811,1,Pole and Line
2021-04-01,2021,4,34.4,-121,USA,pole_and_line,13.0836,12.8002,1,Pole and Line
2021-04-01,2021,4,34.5,-120.6,USA,other_purse_seines,0.6013,0,3,Other Purse Seines
2021-04-01,2021,4,34.5,-120.7,USA,other_purse_seines,4.2566,0,5,Other Purse Seines
2021-04-01,2021,4,34.6,-120.8,USA,other_purse_seines,2.0555,0,3,Other Purse Seines
2021-04-01,2021,4,34.6,-120.7,USA,fishing,2.1163,0,3,Fishing
2021-04-01,2021,4,34.6,-120.8,USA,fishing,4.1458,0,4,Fishing
2021-04-01,2021,4,34.7,-120.7,USA,fishing,3.233,2.0216,2,Fishing
2021-04-01,2021,4,34.8,-120.7,USA,fishing,2.7816,0,2,Fishing
2021-04-01,2021,4,34.8,-120.9,USA,other_purse_seines,1.7491,0,2,Other Purse Seines
2021-04-01,2021,4,34.9,-120.8,USA,other_purse_seines,4.6166,0,1,Other Purse Seines
2021-04-01,2021,4,34.9,-120.9,USA,other_purse_seines,2.3422,0,3,Other Purse Seines
2021-04-01,2021,4,35,-121,USA,fishing,1.7563,0,3,Fishing
2021-04-01,2021,4,35,-121,USA,other_purse_seines,2.08,0,3,Other Purse Seines
2021-04-01,2021,4,34.3,-120.4,USA,pole_and_line,0.9675,0,1,Pole and Line
2021-04-01,2021,4,34.3,-120.4,USA,other_purse_seines,2.2661,0,3,Other Purse Seines
2021-04-01,2021,4,34.3,-120.6,USA,fishing,1.0261,0,1,Fishing
2021-04-01,2021,4,34.4,-120.5,USA,other_purse_seines,2.6922,0,4,Other Purse Seines
2021-04-01,2021,4,34.4,-120.3,USA,other_purse_seines,10.0686,7.8997,3,Other Purse Seines
2021-04-01,2021,4,34.4,-120.4,USA,pole_and_line,2.8174,0.2983,2,Pole and Line
2021-04-01,2021,4,34.5,-120.6,USA,fishing,2.2816,0,3,Fishing
2021-04-01,2021,4,34.7,-120.8,USA,fishing,4.4097,0,4,Fishing
2021-04-01,2021,4,34.7,-120.7,USA,other_purse_seines,0.75,0,1,Other Purse Seines
2021-04-01,2021,4,34.7,-120.8,USA,other_purse_seines,2.2616,0,3,Other Purse Seines
2021-04-01,2021,4,34.8,-120.7,USA,other_purse_seines,0.9855,0,1,Other Purse Seines
2021-04-01,2021,4,34.8,-121.1,USA,trawlers,13.9597,11.3444,1,Trawlers
2021-04-01,2021,4,34.9,-121,USA,other_purse_seines,0.3433,0,1,Other Purse Seines
2021-04-01,2021,4,34.9,-120.8,USA,fishing,0.2547,0,2,Fishing
2021-04-01,2021,4,35,-120.7,USA,fishing,5.0441,0,2,Fishing
2021-04-01,2021,4,35.1,-120.8,USA,fishing,65.0116,27.9617,3,Fishing
2021-04-01,2021,4,34.3,-120.5,USA,fishing,3.1669,0,5,Fishing
2021-04-01,2021,4,34.3,-120.7,USA,pole_and_line,1.2202,0,1,Pole and Line
2021-04-01,2021,4,34.4,-120.6,USA,other_purse_seines,2.8094,0,5,Other Purse Seines
2021-04-01,2021,4,34.4,-120.4,USA,fishing,1.5688,0,2,Fishing
2021-04-01,2021,4,34.4,-120.3,USA,pole_and_line,0.6027,0,2,Pole and Line
2021-04-01,2021,4,34.4,-120.7,USA,fishing,1.603,0,1,Fishing
2021-04-01,2021,4,34.4,-120,USA,pole_and_line,0.2672,0,1,Pole and Line
2021-04-01,2021,4,34.4,-120.5,USA,fishing,12.3883,0,8,Fishing
2021-04-01,2021,4,34.4,-120.6,USA,fishing,4.9547,0,7,Fishing
2021-04-01,2021,4,34.4,-120.6,USA,pole_and_line,0.5997,0,1,Pole and Line
2021-04-01,2021,4,34.5,-120.7,USA,fishing,3.933,0,6,Fishing
2021-04-01,2021,4,34.6,-120.7,USA,other_purse_seines,1.188,0,2,Other Purse Seines
2021-04-01,2021,4,34.8,-120.8,USA,fishing,3.17,0,4,Fishing
2021-04-01,2021,4,34.8,-120.9,USA,fishing,5.4905,0,5,Fishing
2021-04-01,2021,4,34.8,-120.8,USA,other_purse_seines,1.06,0,1,Other Purse Seines
2021-04-01,2021,4,34.9,-121,USA,fishing,2.7005,0,2,Fishing
2021-04-01,2021,4,34.9,-120.7,USA,other_purse_seines,0.0716,0,1,Other Purse Seines
2021-04-01,2021,4,34.9,-120.7,USA,fishing,0.7061,0,1,Fishing
2021-04-01,2021,4,35,-121.2,USA,trawlers,1.5269,0,1,Trawlers
2021-04-01,2021,4,35,-120.9,USA,fishing,3.9352,1.4522,4,Fishing
2021-04-01,2021,4,35.1,-120.7,USA,fishing,0.4502,0,1,Fishing
2021-05-01,2021,5,34.1,-121,USA,trawlers,0.3402,0,1,Trawlers
2021-05-01,2021,5,34.3,-121.2,USA,trawlers,0.485,0,1,Trawlers
2021-05-01,2021,5,34.3,-120.4,USA,other_purse_seines,0.25,0,1,Other Purse Seines
2021-05-01,2021,5,34.3,-120.5,USA,fishing,1.0383,0,1,Fishing
2021-05-01,2021,5,34.4,-120.8,USA,fishing,0.8963,0,1,Fishing
2021-05-01,2021,5,34.4,-120.4,USA,other_purse_seines,0.5,0,1,Other Purse Seines
2021-05-01,2021,5,34.4,-120.3,USA,fishing,0.0133,0,1,Fishing
2021-05-01,2021,5,34.4,-120.5,USA,other_purse_seines,4.6666,0.95,1,Other Purse Seines
2021-05-01,2021,5,34.5,-121.3,USA,trawlers,0.0266,0,1,Trawlers
2021-05-01,2021,5,34.5,-120.6,USA,other_purse_seines,0.0833,0,1,Other Purse Seines
2021-05-01,2021,5,34.5,-120.9,USA,fishing,0.3049,0,1,Fishing
2021-05-01,2021,5,34.7,-120.8,USA,fishing,0.5488,0,1,Fishing
2021-05-01,2021,5,34.7,-121.5,USA,trawlers,0.138,0,1,Trawlers
2021-05-01,2021,5,34.7,-120.9,USA,fishing,1.9266,0,2,Fishing
2021-05-01,2021,5,34.8,-120.9,USA,other_purse_seines,0.7494,0,1,Other Purse Seines
2021-05-01,2021,5,34.9,-121,USA,other_purse_seines,0.8594,0,1,Other Purse Seines
2021-05-01,2021,5,34.9,-121.5,USA,fishing,8.4825,8.4825,1,Fishing
2021-05-01,2021,5,34,-121,USA,trawlers,0.3261,0,1,Trawlers
2021-05-01,2021,5,34,-120.9,USA,trawlers,0.2502,0,1,Trawlers
2021-05-01,2021,5,34.2,-121.1,USA,trawlers,0.3888,0,1,Trawlers
2021-05-01,2021,5,34.3,-120.5,USA,other_purse_seines,0.2894,0,1,Other Purse Seines
2021-05-01,2021,5,34.3,-120.6,USA,fishing,0.9994,0,1,Fishing
2021-05-01,2021,5,34.3,-121.3,USA,trawlers,0.0694,0,1,Trawlers
2021-05-01,2021,5,34.4,-120.6,USA,other_purse_seines,0.5913,0,1,Other Purse Seines
2021-05-01,2021,5,34.4,-120.5,USA,fishing,0.9563,0,1,Fishing
2021-05-01,2021,5,34.4,-120.3,USA,other_purse_seines,0.5672,0,1,Other Purse Seines
2021-05-01,2021,5,34.5,-120.8,USA,fishing,0.8786,0,1,Fishing
2021-05-01,2021,5,34.6,-121.4,USA,trawlers,0.1069,0,1,Trawlers
2021-05-01,2021,5,34.6,-120.9,USA,fishing,0.7533,0,1,Fishing
2021-05-01,2021,5,34.7,-120.9,USA,other_purse_seines,0.4666,0,1,Other Purse Seines
2021-05-01,2021,5,34.8,-120.9,USA,fishing,2.0183,0,2,Fishing
2021-05-01,2021,5,35,-120.9,USA,fishing,1.1747,0,2,Fishing
2021-05-01,2021,5,35,-121.1,USA,other_purse_seines,0.5683,0,1,Other Purse Seines
2021-05-01,2021,5,33.9,-120.9,USA,trawlers,0.4169,0,1,Trawlers
2021-05-01,2021,5,34.3,-120.4,USA,fishing,0.1033,0,1,Fishing
2021-05-01,2021,5,34.4,-120.7,USA,fishing,0.7702,0,1,Fishing
2021-05-01,2021,5,34.4,-121.3,USA,trawlers,0.5683,0,1,Trawlers
2021-05-01,2021,5,34.5,-121.4,USA,trawlers,0.5283,0,1,Trawlers
2021-05-01,2021,5,34.6,-121.5,USA,trawlers,0.4591,0,1,Trawlers
2021-05-01,2021,5,34.6,-120.8,USA,fishing,0.833,0,1,Fishing
2021-05-01,2021,5,34.7,-120.8,USA,other_purse_seines,0.4002,0,1,Other Purse Seines
2021-05-01,2021,5,34.8,-121.5,USA,fishing,0.9997,0.3497,1,Fishing
2021-05-01,2021,5,34.8,-121,USA,other_purse_seines,0.075,0,1,Other Purse Seines
2021-05-01,2021,5,34.9,-120.9,USA,fishing,1.6766,0,2,Fishing
2021-05-01,2021,5,35,-121,USA,other_purse_seines,0.2816,0,1,Other Purse Seines
2021-05-01,2021,5,34.1,-121.1,USA,trawlers,0.2727,0,1,Trawlers
2021-05-01,2021,5,34.2,-121.2,USA,trawlers,0.2055,0,1,Trawlers
2021-05-01,2021,5,34.3,-120.7,USA,fishing,0.2419,0,1,Fishing
2021-05-01,2021,5,34.4,-120.4,USA,fishing,0.8716,0,1,Fishing
2021-05-01,2021,5,34.4,-120.6,USA,fishing,0.5916,0,1,Fishing
2021-05-01,2021,5,34.5,-120.7,USA,other_purse_seines,0.9163,0,1,Other Purse Seines
2021-05-01,2021,5,34.5,-120.7,USA,fishing,1.6663,0,1,Fishing
2021-05-01,2021,5,34.6,-120.8,USA,other_purse_seines,0.9175,0,1,Other Purse Seines
2021-05-01,2021,5,34.7,-121.6,USA,trawlers,0.4358,0,1,Trawlers
2021-05-01,2021,5,34.8,-121.6,USA,trawlers,0.2169,0,1,Trawlers
2021-05-01,2021,5,35.1,-120.8,USA,fishing,26.953,7.8663,1,Fishing
2021-06-01,2021,6,34.3,-120.6,USA,fishing,0.2841,0,1,Fishing
2021-06-01,2021,6,34.3,-120.5,USA,fishing,0.9324,0,2,Fishing
2021-06-01,2021,6,34.4,-120.4,USA,fishing,2.4091,0,2,Fishing
2021-06-01,2021,6,34.4,-120,USA,fishing,0.6666,0,1,Fishing
2021-06-01,2021,6,34.4,-120.6,USA,fishing,2.4211,0,3,Fishing
2021-06-01,2021,6,34.4,-120.4,USA,other_purse_seines,1.0922,0,3,Other Purse Seines
2021-06-01,2021,6,34.4,-121,USA,fishing,0.3002,0,1,Fishing
2021-06-01,2021,6,34.5,-120.7,USA,fishing,2.1191,0,3,Fishing
2021-06-01,2021,6,34.5,-121.3,USA,fishing,1.0527,0,1,Fishing
2021-06-01,2021,6,34.5,-120.7,USA,other_purse_seines,1.9188,0,2,Other Purse Seines
2021-06-01,2021,6,34.7,-120.8,USA,other_purse_seines,0.7994,0,1,Other Purse Seines
2021-06-01,2021,6,34.7,-120.9,USA,other_purse_seines,0.8491,0,1,Other Purse Seines
2021-06-01,2021,6,34.7,-120.8,USA,fishing,1.3927,0,2,Fishing
2021-06-01,2021,6,34.8,-120.9,USA,fishing,0.5666,0,1,Fishing
2021-06-01,2021,6,34.8,-121.4,USA,trawlers,0.1133,0,1,Trawlers
2021-06-01,2021,6,34.8,-121.3,USA,trawlers,3.4036,2.2408,1,Trawlers
2021-06-01,2021,6,34.8,-121.6,USA,drifting_longlines,0.838,0,1,Drifting Longlines
2021-06-01,2021,6,34.9,-121.1,USA,fishing,1.5208,0,1,Fishing
2021-06-01,2021,6,34.9,-121,USA,other_purse_seines,0.9672,0,1,Other Purse Seines
2021-06-01,2021,6,34.9,-121.4,USA,trawlers,0.6544,0,1,Trawlers
2021-06-01,2021,6,35,-121.5,USA,trawlers,0.9791,0,1,Trawlers
2021-06-01,2021,6,34.3,-120.4,USA,fishing,0.7336,0,2,Fishing
2021-06-01,2021,6,34.4,-120.6,USA,other_purse_seines,1.1052,0,3,Other Purse Seines
2021-06-01,2021,6,34.4,-120.5,USA,fishing,0.8327,0,2,Fishing
2021-06-01,2021,6,34.4,-120.8,USA,fishing,0.8169,0,1,Fishing
2021-06-01,2021,6,34.4,-120.3,USA,fishing,1.9408,0,2,Fishing
2021-06-01,2021,6,34.5,-120.9,USA,drifting_longlines,0.5772,0,1,Drifting Longlines
2021-06-01,2021,6,34.5,-120.7,USA,drifting_longlines,0.3958,0,1,Drifting Longlines
2021-06-01,2021,6,34.5,-121.4,USA,fishing,1.0352,0,1,Fishing
2021-06-01,2021,6,34.5,-121.5,USA,fishing,0.4636,0,1,Fishing
2021-06-01,2021,6,34.5,-120.8,USA,fishing,0.9797,0,1,Fishing
2021-06-01,2021,6,34.5,-120.6,USA,other_purse_seines,0.5938,0,1,Other Purse Seines
2021-06-01,2021,6,34.6,-120.9,USA,fishing,1.928,0,1,Fishing
2021-06-01,2021,6,34.6,-120.7,USA,fishing,1.0158,0,1,Fishing
2021-06-01,2021,6,34.6,-121,USA,drifting_longlines,0.7408,0,1,Drifting Longlines
2021-06-01,2021,6,34.6,-121.1,USA,trawlers,1.1575,1.1575,1,Trawlers
2021-06-01,2021,6,34.7,-121.2,USA,trawlers,2.2902,0.9711,1,Trawlers
2021-06-01,2021,6,34.7,-121.3,USA,trawlers,0.0833,0,1,Trawlers
2021-06-01,2021,6,34.7,-121.3,USA,drifting_longlines,0.3186,0,1,Drifting Longlines
2021-06-01,2021,6,34.8,-121,USA,fishing,0.6102,0,1,Fishing
2021-06-01,2021,6,34.8,-120.9,USA,other_purse_seines,0.385,0,1,Other Purse Seines
2021-06-01,2021,6,34.8,-121.5,USA,drifting_longlines,0.8222,0,1,Drifting Longlines
2021-06-01,2021,6,34.9,-120.9,USA,other_purse_seines,0.2822,0,1,Other Purse Seines
2021-06-01,2021,6,35,-121.3,USA,trawlers,0.0358,0,1,Trawlers
2021-06-01,2021,6,35,-121,USA,fishing,0.1002,0,1,Fishing
2021-06-01,2021,6,34.3,-120.4,USA,other_purse_seines,1.3244,0,2,Other Purse Seines
2021-06-01,2021,6,34.4,-120.3,USA,other_purse_seines,1.083,0,2,Other Purse Seines
2021-06-01,2021,6,34.4,-120.9,USA,fishing,0.8074,0,1,Fishing
2021-06-01,2021,6,34.4,-120.7,USA,other_purse_seines,0.1333,0,1,Other Purse Seines
2021-06-01,2021,6,34.4,-120.5,USA,other_purse_seines,6.3205,0,3,Other Purse Seines
2021-06-01,2021,6,34.4,-120.7,USA,drifting_longlines,0.5461,0,1,Drifting Longlines
2021-06-01,2021,6,34.4,-120.7,USA,fishing,2.0619,0,3,Fishing
2021-06-01,2021,6,34.6,-121.1,USA,drifting_longlines,0.8352,0,1,Drifting Longlines
2021-06-01,2021,6,34.6,-121.2,USA,trawlers,1.4202,0.2805,1,Trawlers
2021-06-01,2021,6,34.6,-120.8,USA,other_purse_seines,1.2663,0,2,Other Purse Seines
2021-06-01,2021,6,34.6,-121.2,USA,drifting_longlines,0.2022,0,1,Drifting Longlines
2021-06-01,2021,6,34.6,-120.9,USA,drifting_longlines,0.1963,0,1,Drifting Longlines
2021-06-01,2021,6,34.7,-121.1,USA,trawlers,0.8213,0.8213,1,Trawlers
2021-06-01,2021,6,34.8,-120.8,USA,fishing,1.1166,0,2,Fishing
2021-06-01,2021,6,34.8,-121.2,USA,trawlers,2.5186,2.0058,1,Trawlers
2021-06-01,2021,6,34.8,-121.4,USA,drifting_longlines,0.2297,0,1,Drifting Longlines
2021-06-01,2021,6,34.9,-120.8,USA,other_purse_seines,0.5577,0,1,Other Purse Seines
2021-06-01,2021,6,34.9,-120.8,USA,fishing,0.5502,0,1,Fishing
2021-06-01,2021,6,34.9,-120.9,USA,fishing,2.4913,0,2,Fishing
2021-06-01,2021,6,35,-121.1,USA,other_purse_seines,0.5983,0,1,Other Purse Seines
2021-06-01,2021,6,35,-121.4,USA,trawlers,0.8802,0.4605,1,Trawlers
2021-06-01,2021,6,35,-121.1,USA,fishing,5.9255,0,1,Fishing
2021-06-01,2021,6,35,-120.8,USA,fishing,0.7083,0,1,Fishing
2021-06-01,2021,6,35,-120.9,USA,other_purse_seines,0.8244,0,1,Other Purse Seines
2021-06-01,2021,6,34.3,-120.5,USA,other_purse_seines,0.6752,0,1,Other Purse Seines
2021-06-01,2021,6,34.4,-120.6,USA,drifting_longlines,0.8836,0,1,Drifting Longlines
2021-06-01,2021,6,34.4,-120.5,USA,drifting_longlines,7.2997,0,1,Drifting Longlines
2021-06-01,2021,6,34.4,-120,USA,other_purse_seines,0.6666,0,1,Other Purse Seines
2021-06-01,2021,6,34.5,-120.8,USA,drifting_longlines,1.0397,0,1,Drifting Longlines
2021-06-01,2021,6,34.5,-121.2,USA,fishing,1.7563,0,1,Fishing
2021-06-01,2021,6,34.6,-120.8,USA,fishing,0.9247,0,1,Fishing
2021-06-01,2021,6,34.7,-121.2,USA,drifting_longlines,0.5461,0,1,Drifting Longlines
2021-06-01,2021,6,34.7,-121.4,USA,drifting_longlines,1.0247,0,1,Drifting Longlines
2021-06-01,2021,6,34.8,-120.8,USA,other_purse_seines,0.533,0,1,Other Purse Seines
2021-06-01,2021,6,34.8,-121,USA,other_purse_seines,0.2997,0,1,Other Purse Seines
2021-06-01,2021,6,34.9,-121.3,USA,trawlers,1.4583,1.2619,1,Trawlers
2021-06-01,2021,6,35,-121.2,USA,fishing,5.7252,2.5497,2,Fishing
2021-06-01,2021,6,35.1,-120.8,USA,fishing,75.4172,74.8438,1,Fishing
2021-07-01,2021,7,34.1,-121.1,USA,trawlers,0.7666,0.7213,1,Trawlers
2021-07-01,2021,7,34.2,-121,USA,trawlers,0.7527,0,1,Trawlers
2021-07-01,2021,7,34.3,-120.5,USA,trollers,0.2041,0,1,Trollers
2021-07-01,2021,7,34.4,-121.2,USA,trollers,0.2141,0,1,Trollers
2021-07-01,2021,7,34.4,-120.6,USA,fishing,1.3505,0,2,Fishing
2021-07-01,2021,7,34.4,-120.7,USA,pole_and_line,1.6791,0,1,Pole and Line
2021-07-01,2021,7,34.4,-120,USA,pole_and_line,0.4644,0,2,Pole and Line
2021-07-01,2021,7,34.4,-120.5,USA,other_purse_seines,0.9813,0,1,Other Purse Seines
2021-07-01,2021,7,34.4,-120.3,USA,trawlers,3.3608,1.0422,2,Trawlers
2021-07-01,2021,7,34.4,-120.5,USA,fishing,1.5472,0,2,Fishing
2021-07-01,2021,7,34.4,-121,USA,trollers,0.75,0,1,Trollers
2021-07-01,2021,7,34.4,-120.7,USA,fishing,0.3988,0,1,Fishing
2021-07-01,2021,7,34.5,-120.9,USA,trawlers,1.403,0.0391,1,Trawlers
2021-07-01,2021,7,34.5,-120.8,USA,pole_and_line,0.2988,0,1,Pole and Line
2021-07-01,2021,7,34.5,-120.7,USA,other_purse_seines,9.0158,0,1,Other Purse Seines
2021-07-01,2021,7,34.5,-120.6,USA,pole_and_line,0.1086,0,1,Pole and Line
2021-07-01,2021,7,34.5,-121.4,USA,trollers,0.6991,0,1,Trollers
2021-07-01,2021,7,34.6,-120.9,USA,fishing,0.8716,0,1,Fishing
2021-07-01,2021,7,34.6,-120.7,USA,trawlers,0.7336,0,1,Trawlers
2021-07-01,2021,7,34.6,-120.9,USA,trawlers,2.07,0.0941,2,Trawlers
2021-07-01,2021,7,34.7,-121,USA,fishing,0.9227,0,1,Fishing
2021-07-01,2021,7,34.8,-120.9,USA,trawlers,0.5655,0,1,Trawlers
2021-07-01,2021,7,34.8,-120.9,USA,fishing,0.8172,0,1,Fishing
2021-07-01,2021,7,34.9,-121.2,USA,trawlers,8.6516,8.6516,1,Trawlers
2021-07-01,2021,7,35,-120.8,USA,trawlers,7.6822,0,2,Trawlers
2021-07-01,2021,7,35,-121.4,USA,trawlers,2.0852,1.723,1,Trawlers
2021-07-01,2021,7,35.1,-120.7,USA,trawlers,10.8216,1.2752,2,Trawlers
2021-07-01,2021,7,34.2,-120.9,USA,trawlers,0.1958,0,1,Trawlers
2021-07-01,2021,7,34.3,-120.8,USA,trawlers,0.4238,0,1,Trawlers
2021-07-01,2021,7,34.3,-120.9,USA,trawlers,0.5911,0,1,Trawlers
2021-07-01,2021,7,34.3,-120.5,USA,trawlers,2.083,0.683,1,Trawlers
2021-07-01,2021,7,34.3,-120.6,USA,trollers,0.5611,0,1,Trollers
2021-07-01,2021,7,34.3,-120.8,USA,trollers,0.533,0,1,Trollers
2021-07-01,2021,7,34.3,-120.4,USA,other_purse_seines,0.9333,0,1,Other Purse Seines
2021-07-01,2021,7,34.3,-120.4,USA,fishing,0.6461,0,1,Fishing
2021-07-01,2021,7,34.4,-120.5,USA,pole_and_line,2.0008,0,2,Pole and Line
2021-07-01,2021,7,34.4,-120.9,USA,pole_and_line,1.7911,0,1,Pole and Line
2021-07-01,2021,7,34.4,-120.8,USA,pole_and_line,1.1222,0,1,Pole and Line
2021-07-01,2021,7,34.4,-120.4,USA,fishing,1.5422,0,1,Fishing
2021-07-01,2021,7,34.4,-120.9,USA,trollers,0.033,0,1,Trollers
2021-07-01,2021,7,34.5,-120.8,USA,fishing,0.7249,0,1,Fishing
2021-07-01,2021,7,34.5,-121.3,USA,trollers,0.7119,0,1,Trollers
2021-07-01,2021,7,34.5,-121.1,USA,pole_and_line,8.4422,8.4422,1,Pole and Line
2021-07-01,2021,7,34.5,-120.9,USA,pole_and_line,0.2591,0,1,Pole and Line
2021-07-01,2021,7,34.5,-120.7,USA,fishing,0.3341,0,1,Fishing
2021-07-01,2021,7,34.6,-120.8,USA,trawlers,4.1638,0.5241,2,Trawlers
2021-07-01,2021,7,34.7,-121.6,USA,trollers,0.753,0,1,Trollers
2021-07-01,2021,7,34.8,-120.8,USA,trawlers,1.8227,0,1,Trawlers
2021-07-01,2021,7,34.9,-121.2,USA,fishing,0.6105,0,1,Fishing
2021-07-01,2021,7,34.9,-121,USA,fishing,0.9419,0,1,Fishing
2021-07-01,2021,7,35,-121.5,USA,trawlers,0.5252,0.5252,1,Trawlers
2021-07-01,2021,7,35,-121.1,USA,trawlers,3.7863,3.7863,1,Trawlers
2021-07-01,2021,7,35,-121.2,USA,fishing,0.503,0,1,Fishing
2021-07-01,2021,7,35,-121.2,USA,trawlers,2.8583,2.8583,1,Trawlers
2021-07-01,2021,7,35,-120.9,USA,pole_and_line,0.9413,0,1,Pole and Line
2021-07-01,2021,7,35.1,-120.8,USA,trawlers,1.3091,0,1,Trawlers
2021-07-01,2021,7,34.2,-120.6,USA,trawlers,2.1166,2.1166,1,Trawlers
2021-07-01,2021,7,34.3,-120.4,USA,trawlers,2.0247,0,1,Trawlers
2021-07-01,2021,7,34.3,-120.7,USA,trollers,0.708,0,1,Trollers
2021-07-01,2021,7,34.3,-120.5,USA,fishing,0.1813,0,1,Fishing
2021-07-01,2021,7,34.4,-121.1,USA,trollers,0.4916,0,1,Trollers
2021-07-01,2021,7,34.4,-120.5,USA,trawlers,10.0058,3.8305,2,Trawlers
2021-07-01,2021,7,34.4,-120.8,USA,trawlers,1.4397,0.4108,1,Trawlers
2021-07-01,2021,7,34.4,-121,USA,pole_and_line,1.1836,0.9005,1,Pole and Line
2021-07-01,2021,7,34.4,-120.7,USA,trawlers,6.055,3.4325,2,Trawlers
2021-07-01,2021,7,34.4,-120.6,USA,pole_and_line,2.4411,0,2,Pole and Line
2021-07-01,2021,7,34.5,-121,USA,pole_and_line,5.7158,5.7158,1,Pole and Line
2021-07-01,2021,7,34.5,-120.6,USA,trawlers,0.213,0,1,Trawlers
2021-07-01,2021,7,34.6,-121.5,USA,trollers,0.6297,0,1,Trollers
2021-07-01,2021,7,34.7,-120.8,USA,pole_and_line,0.9911,0,1,Pole and Line
2021-07-01,2021,7,34.7,-120.9,USA,fishing,0.8852,0,1,Fishing
2021-07-01,2021,7,34.7,-120.7,USA,trawlers,0.4297,0,1,Trawlers
2021-07-01,2021,7,34.7,-120.8,USA,fishing,0.2061,0,1,Fishing
2021-07-01,2021,7,34.8,-121.1,USA,fishing,0.8191,0,1,Fishing
2021-07-01,2021,7,34.9,-120.8,USA,trawlers,1.7969,0,1,Trawlers
2021-07-01,2021,7,35,-121.3,USA,fishing,0.2652,0,1,Fishing
2021-07-01,2021,7,35,-121.1,USA,fishing,0.9494,0,1,Fishing
2021-07-01,2021,7,35,-120.8,USA,fishing,0.2508,0,1,Fishing
2021-07-01,2021,7,35,-121.3,USA,trawlers,2.2777,2.2777,1,Trawlers
2021-07-01,2021,7,35,-120.9,USA,trawlers,5.2211,3.9872,2,Trawlers
2021-07-01,2021,7,34.2,-121.1,USA,trawlers,1.7841,0.4941,1,Trawlers
2021-07-01,2021,7,34.3,-121,USA,trawlers,0.6961,0,1,Trawlers
2021-07-01,2021,7,34.3,-120.4,USA,pole_and_line,0.3438,0,1,Pole and Line
2021-07-01,2021,7,34.3,-120.9,USA,trollers,0.5416,0,1,Trollers
2021-07-01,2021,7,34.4,-120.4,USA,pole_and_line,5.0966,3.2919,3,Pole and Line
2021-07-01,2021,7,34.4,-120.6,USA,trawlers,3.3105,0.3952,2,Trawlers
2021-07-01,2021,7,34.4,-120.6,USA,other_purse_seines,0.7686,0,1,Other Purse Seines
2021-07-01,2021,7,34.4,-121,USA,trawlers,0.4888,0,1,Trawlers
2021-07-01,2021,7,34.4,-120.4,USA,trawlers,1.258,0,1,Trawlers
2021-07-01,2021,7,34.4,-120.3,USA,pole_and_line,3.6108,1.4663,2,Pole and Line
2021-07-01,2021,7,34.4,-120.9,USA,trawlers,0.5438,0,1,Trawlers
2021-07-01,2021,7,34.5,-120.9,USA,fishing,0.0252,0,1,Fishing
2021-07-01,2021,7,34.5,-120.8,USA,trawlers,0.9272,0.525,1,Trawlers
2021-07-01,2021,7,34.5,-121.2,USA,trollers,0.4333,0,1,Trollers
2021-07-01,2021,7,34.5,-120.6,USA,fishing,2.0677,0,1,Fishing
2021-07-01,2021,7,34.5,-120.7,USA,pole_and_line,1.0002,0,1,Pole and Line
2021-07-01,2021,7,34.5,-120.7,USA,trawlers,0.7308,0,1,Trawlers
2021-07-01,2021,7,34.6,-121,USA,fishing,0.1719,0,1,Fishing
2021-07-01,2021,7,34.6,-120.8,USA,fishing,0.2983,0,1,Fishing
2021-07-01,2021,7,34.6,-120.8,USA,pole_and_line,0.9766,0,1,Pole and Line
2021-07-01,2021,7,34.7,-120.8,USA,trawlers,3.1155,1.2386,2,Trawlers
2021-07-01,2021,7,34.7,-120.9,USA,trawlers,0.0972,0.0972,1,Trawlers
2021-07-01,2021,7,34.7,-121,USA,trawlers,0.7866,0,1,Trawlers
2021-07-01,2021,7,34.8,-120.8,USA,pole_and_line,0.5333,0,1,Pole and Line
2021-07-01,2021,7,34.8,-121.1,USA,trawlers,3.8627,0,1,Trawlers
2021-07-01,2021,7,34.9,-120.9,USA,pole_and_line,1.175,0,1,Pole and Line
2021-07-01,2021,7,34.9,-121.1,USA,fishing,0.1841,0,1,Fishing
2021-07-01,2021,7,35,-121,USA,trawlers,5.2497,3.8088,2,Trawlers
2021-07-01,2021,7,35,-120.7,USA,fishing,12.6244,12.3977,1,Fishing
2021-07-01,2021,7,35.1,-120.8,USA,fishing,16.1255,15.8755,1,Fishing
2021-08-01,2021,8,34.4,-120.3,USA,fishing,0.6833,0,1,Fishing
2021-08-01,2021,8,34.7,-120.8,USA,fishing,1.0002,0,1,Fishing
2021-08-01,2021,8,34.4,-120.5,USA,fishing,0.8258,0,1,Fishing
2021-08-01,2021,8,34.4,-120,USA,fishing,0.8322,0,1,Fishing
2021-08-01,2021,8,34.6,-120.8,USA,fishing,1.2322,0,1,Fishing
2021-08-01,2021,8,34.8,-120.8,USA,fishing,1.0413,0,1,Fishing
2021-08-01,2021,8,34.4,-120.4,USA,fishing,0.8661,0,1,Fishing
2021-08-01,2021,8,34.5,-120.7,USA,fishing,1.0094,0,1,Fishing
2021-08-01,2021,8,34.9,-120.9,USA,fishing,0.9586,0,1,Fishing
2021-08-01,2021,8,34.4,-120.6,USA,fishing,1.1658,0,1,Fishing
2021-08-01,2021,8,34.5,-120.6,USA,fishing,0.15,0,1,Fishing
2021-08-01,2021,8,35,-120.9,USA,fishing,1.1497,0,1,Fishing
2021-09-01,2021,9,34.4,-120.7,USA,drifting_longlines,0.6163,0,1,Drifting Longlines
2021-09-01,2021,9,34.4,-120.3,USA,pole_and_line,2.5841,0,1,Pole and Line
2021-09-01,2021,9,34.6,-121,USA,drifting_longlines,1.5994,0,1,Drifting Longlines
2021-09-01,2021,9,34.8,-121.3,USA,drifting_longlines,0.5255,0,1,Drifting Longlines
2021-09-01,2021,9,34.9,-121.4,USA,drifting_longlines,0.4994,0,1,Drifting Longlines
2021-09-01,2021,9,35,-121.4,USA,drifting_longlines,0.3169,0,1,Drifting Longlines
2021-09-01,2021,9,34.1,-120.8,USA,drifting_longlines,0.8236,0,1,Drifting Longlines
2021-09-01,2021,9,34.2,-120.9,USA,drifting_longlines,0.5169,0,1,Drifting Longlines
2021-09-01,2021,9,34.2,-121.3,USA,drifting_longlines,0.518,0,1,Drifting Longlines
2021-09-01,2021,9,34.3,-120.4,USA,drifting_longlines,0.5505,0,1,Drifting Longlines
2021-09-01,2021,9,34.4,-120.4,USA,pole_and_line,3.5441,0,1,Pole and Line
2021-09-01,2021,9,34.4,-120,USA,pole_and_line,0.4555,0,1,Pole and Line
2021-09-01,2021,9,34.9,-120.9,USA,fishing,0.7169,0,1,Fishing
2021-09-01,2021,9,35,-121,USA,fishing,0.9083,0,1,Fishing
2021-09-01,2021,9,35,-121.5,USA,drifting_longlines,0.6002,0,1,Drifting Longlines
2021-09-01,2021,9,34.1,-120.9,USA,drifting_longlines,0.3675,0,1,Drifting Longlines
2021-09-01,2021,9,34.3,-121.3,USA,drifting_longlines,0.1569,0,1,Drifting Longlines
2021-09-01,2021,9,34.3,-121.4,USA,drifting_longlines,7.4,0,1,Drifting Longlines
2021-09-01,2021,9,34.9,-121.3,USA,drifting_longlines,0.525,0,1,Drifting Longlines
2021-09-01,2021,9,34.9,-121,USA,fishing,0.3,0,1,Fishing
2021-09-01,2021,9,34.1,-120.7,USA,drifting_longlines,0.6258,0,1,Drifting Longlines
2021-09-01,2021,9,34.2,-121,USA,drifting_longlines,1.0247,0,1,Drifting Longlines
2021-09-01,2021,9,34.2,-121.2,USA,drifting_longlines,0.5425,0,1,Drifting Longlines
2021-09-01,2021,9,34.2,-121.1,USA,drifting_longlines,0.5494,0,1,Drifting Longlines
2021-09-01,2021,9,34.3,-120.6,USA,drifting_longlines,0.2663,0,1,Drifting Longlines
2021-09-01,2021,9,34.3,-120.5,USA,drifting_longlines,0.7838,0,1,Drifting Longlines
2021-09-01,2021,9,34.4,-120.8,USA,drifting_longlines,0.5908,0,1,Drifting Longlines
2021-09-01,2021,9,34.4,-120.6,USA,drifting_longlines,0.4827,0,1,Drifting Longlines
2021-09-01,2021,9,34.5,-120.8,USA,drifting_longlines,0.2186,0,1,Drifting Longlines
2021-09-01,2021,9,34.5,-120.9,USA,drifting_longlines,0.8661,0,1,Drifting Longlines
2021-09-01,2021,9,34.7,-121.2,USA,drifting_longlines,0.1922,0,1,Drifting Longlines
2021-09-01,2021,9,34.7,-121.1,USA,drifting_longlines,0.1669,0,1,Drifting Longlines
2021-09-01,2021,9,34.8,-121.2,USA,drifting_longlines,0.5411,0,1,Drifting Longlines
2021-10-01,2021,10,34.1,-120.7,USA,trawlers,2.0983,0.6105,1,Trawlers
2021-10-01,2021,10,34.3,-120.6,USA,trawlers,0.6191,0,1,Trawlers
2021-10-01,2021,10,34.3,-120.8,USA,drifting_longlines,0.5663,0,1,Drifting Longlines
2021-10-01,2021,10,34.3,-121.3,USA,drifting_longlines,0.7669,0,1,Drifting Longlines
2021-10-01,2021,10,34.3,-120.4,USA,fishing,1.5491,0,2,Fishing
2021-10-01,2021,10,34.3,-120.7,USA,drifting_longlines,0.8666,0,1,Drifting Longlines
2021-10-01,2021,10,34.3,-120.5,USA,set_gillnets,0.0277,0,1,Set Gillnets
2021-10-01,2021,10,34.3,-121.4,USA,drifting_longlines,0.3,0,1,Drifting Longlines
2021-10-01,2021,10,34.3,-120.5,USA,drifting_longlines,0.6997,0,1,Drifting Longlines
2021-10-01,2021,10,34.4,-120,USA,pole_and_line,0.8413,0,1,Pole and Line
2021-10-01,2021,10,34.4,-120.3,USA,set_gillnets,0.6847,0,1,Set Gillnets
2021-10-01,2021,10,34.4,-120.4,USA,set_gillnets,0.333,0,1,Set Gillnets
2021-10-01,2021,10,34.4,-120.6,USA,fishing,1.7377,0,2,Fishing
2021-10-01,2021,10,34.4,-120.8,USA,trawlers,0.5833,0,1,Trawlers
2021-10-01,2021,10,34.4,-120.5,USA,set_gillnets,1.3372,0,1,Set Gillnets
2021-10-01,2021,10,34.4,-120.5,USA,pole_and_line,1.3586,0,2,Pole and Line
2021-10-01,2021,10,34.4,-121.4,USA,drifting_longlines,0.5336,0,1,Drifting Longlines
2021-10-01,2021,10,34.4,-120.5,USA,fishing,1.4027,0,2,Fishing
2021-10-01,2021,10,34.4,-120.7,USA,pole_and_line,1.1933,0,2,Pole and Line
2021-10-01,2021,10,34.4,-121,USA,pole_and_line,6.4266,6.1258,1,Pole and Line
2021-10-01,2021,10,34.4,-120.6,USA,trawlers,9.7274,3.9372,2,Trawlers
2021-10-01,2021,10,34.4,-120.5,USA,trawlers,0.6188,0,1,Trawlers
2021-10-01,2021,10,34.4,-120.8,USA,drifting_longlines,0.2669,0,1,Drifting Longlines
2021-10-01,2021,10,34.5,-121,USA,trawlers,1.5519,0,2,Trawlers
2021-10-01,2021,10,34.5,-120.8,USA,trawlers,1.978,0.2783,2,Trawlers
2021-10-01,2021,10,34.6,-120.9,USA,set_gillnets,1.0836,0,1,Set Gillnets
2021-10-01,2021,10,34.6,-120.8,USA,set_gillnets,0.2494,0,1,Set Gillnets
2021-10-01,2021,10,34.6,-120.8,USA,trawlers,1.2349,0,2,Trawlers
2021-10-01,2021,10,34.6,-120.8,USA,pole_and_line,0.5419,0,1,Pole and Line
2021-10-01,2021,10,34.6,-121.4,USA,trawlers,2.1597,1.0311,1,Trawlers
2021-10-01,2021,10,34.6,-121.2,USA,trawlers,0.0644,0,1,Trawlers
2021-10-01,2021,10,34.7,-121,USA,trawlers,2.5791,1.7086,2,Trawlers
2021-10-01,2021,10,34.7,-121.1,USA,trawlers,5.8025,4.8658,2,Trawlers
2021-10-01,2021,10,34.7,-120.8,USA,pole_and_line,0.575,0,1,Pole and Line
2021-10-01,2021,10,34.8,-121,USA,trawlers,3.8069,2.6694,2,Trawlers
2021-10-01,2021,10,34.8,-120.8,USA,fishing,0.5008,0,1,Fishing
2021-10-01,2021,10,34.9,-121.1,USA,fishing,0.5083,0,1,Fishing
2021-10-01,2021,10,34.9,-121,USA,trawlers,4.285,2.6883,1,Trawlers
2021-10-01,2021,10,34.9,-120.8,USA,fishing,2.6833,0,1,Fishing
2021-10-01,2021,10,34.9,-120.9,USA,fishing,0.8836,0,1,Fishing
2021-10-01,2021,10,35,-121,USA,fishing,0.2297,0,1,Fishing
2021-10-01,2021,10,35,-121,USA,pole_and_line,0.8661,0,1,Pole and Line
2021-10-01,2021,10,34.3,-120.4,USA,pole_and_line,2.0088,0,2,Pole and Line
2021-10-01,2021,10,34.3,-121.1,USA,drifting_longlines,1.0166,0,1,Drifting Longlines
2021-10-01,2021,10,34.4,-121,USA,drifting_longlines,4.3833,0,1,Drifting Longlines
2021-10-01,2021,10,34.4,-120,USA,trawlers,0.0838,0,1,Trawlers
2021-10-01,2021,10,34.4,-120.4,USA,trawlers,0.0755,0,1,Trawlers
2021-10-01,2021,10,34.4,-121.5,USA,drifting_longlines,0.8241,0,1,Drifting Longlines
2021-10-01,2021,10,34.4,-120.9,USA,pole_and_line,0.8505,0,1,Pole and Line
2021-10-01,2021,10,34.5,-120.8,USA,set_gillnets,0.6752,0,1,Set Gillnets
2021-10-01,2021,10,34.5,-120.9,USA,trawlers,2.0244,0.7083,2,Trawlers
2021-10-01,2021,10,34.5,-120.6,USA,trawlers,11.1697,0.0388,1,Trawlers
2021-10-01,2021,10,34.6,-121.1,USA,trawlers,0.8666,0,1,Trawlers
2021-10-01,2021,10,34.6,-120.8,USA,fishing,1.1905,0,2,Fishing
2021-10-01,2021,10,34.6,-121.3,USA,trawlers,1.1136,0,1,Trawlers
2021-10-01,2021,10,34.7,-120.8,USA,fishing,1.6158,0,2,Fishing
2021-10-01,2021,10,34.7,-120.9,USA,set_gillnets,1.9169,0,1,Set Gillnets
2021-10-01,2021,10,34.8,-121,USA,fishing,0.2011,0,1,Fishing
2021-10-01,2021,10,34.8,-120.7,USA,fishing,1.9741,0,1,Fishing
2021-10-01,2021,10,34.8,-120.9,USA,trawlers,2.5924,1.0341,2,Trawlers
2021-10-01,2021,10,34.9,-120.7,USA,fishing,6.3108,0,1,Fishing
2021-10-01,2021,10,34.9,-121,USA,fishing,0.5333,0,1,Fishing
2021-10-01,2021,10,35,-121.4,USA,drifting_longlines,0.1902,0,1,Drifting Longlines
2021-10-01,2021,10,35,-120.8,USA,fishing,5.6169,0,1,Fishing
2021-10-01,2021,10,34.2,-120.7,USA,trawlers,0.5505,0,1,Trawlers
2021-10-01,2021,10,34.3,-120.5,USA,trawlers,2.4916,0.9286,1,Trawlers
2021-10-01,2021,10,34.3,-120.4,USA,drifting_longlines,0.8919,0,1,Drifting Longlines
2021-10-01,2021,10,34.3,-120.5,USA,fishing,0.4175,0,1,Fishing
2021-10-01,2021,10,34.4,-120.4,USA,fishing,0.2666,0,1,Fishing
2021-10-01,2021,10,34.4,-120.8,USA,pole_and_line,0.9155,0,1,Pole and Line
2021-10-01,2021,10,34.4,-120.7,USA,set_gillnets,1.2913,0,1,Set Gillnets
2021-10-01,2021,10,34.4,-120.6,USA,pole_and_line,1.6563,0,2,Pole and Line
2021-10-01,2021,10,34.5,-121.3,USA,trawlers,0.3086,0,1,Trawlers
2021-10-01,2021,10,34.5,-120.7,USA,fishing,2.9597,0,2,Fishing
2021-10-01,2021,10,34.5,-121.2,USA,trawlers,0.6536,0,1,Trawlers
2021-10-01,2021,10,34.6,-120.7,USA,trawlers,0.308,0,1,Trawlers
2021-10-01,2021,10,34.7,-120.8,USA,trawlers,2.7269,0.025,2,Trawlers
2021-10-01,2021,10,34.7,-120.9,USA,pole_and_line,0.0583,0,1,Pole and Line
2021-10-01,2021,10,34.7,-120.9,USA,trawlers,2.5977,2.5977,1,Trawlers
2021-10-01,2021,10,34.7,-121.2,USA,trawlers,0.5899,0,1,Trawlers
2021-10-01,2021,10,34.8,-120.9,USA,fishing,0.3497,0,1,Fishing
2021-10-01,2021,10,34.8,-120.9,USA,pole_and_line,1.2333,0,1,Pole and Line
2021-10-01,2021,10,34.8,-120.8,USA,trawlers,2.8858,0.9502,2,Trawlers
2021-10-01,2021,10,34.9,-121.1,USA,set_gillnets,0.4577,0,1,Set Gillnets
2021-10-01,2021,10,35,-120.8,USA,trawlers,5.3933,2.2708,2,Trawlers
2021-10-01,2021,10,35,-120.9,USA,fishing,0.7077,0,1,Fishing
2021-10-01,2021,10,35,-121.1,USA,fishing,0.7758,0,1,Fishing
2021-10-01,2021,10,35,-121.1,USA,set_gillnets,1.0672,0,1,Set Gillnets
2021-10-01,2021,10,35,-121,USA,trawlers,1.9391,1.9391,1,Trawlers
2021-10-01,2021,10,35.1,-120.8,USA,fishing,2.783,0,1,Fishing
2021-10-01,2021,10,34.3,-121.2,USA,drifting_longlines,0.8333,0,1,Drifting Longlines
2021-10-01,2021,10,34.3,-120.6,USA,drifting_longlines,0.6997,0,1,Drifting Longlines
2021-10-01,2021,10,34.3,-120.4,USA,trawlers,3.2547,1.6036,2,Trawlers
2021-10-01,2021,10,34.3,-120.7,USA,trawlers,1.0047,0,1,Trawlers
2021-10-01,2021,10,34.4,-120.7,USA,trawlers,2.7199,0.6138,2,Trawlers
2021-10-01,2021,10,34.4,-120.9,USA,drifting_longlines,0.583,0,1,Drifting Longlines
2021-10-01,2021,10,34.4,-120.6,USA,set_gillnets,0.6505,0,1,Set Gillnets
2021-10-01,2021,10,34.5,-120.7,USA,pole_and_line,1.6247,0,1,Pole and Line
2021-10-01,2021,10,34.5,-121,USA,pole_and_line,3.3236,1.9655,1,Pole and Line
2021-10-01,2021,10,34.5,-121.1,USA,trawlers,3.733,2.6005,2,Trawlers
2021-10-01,2021,10,34.5,-120.7,USA,trawlers,3.6019,1.1213,2,Trawlers
2021-10-01,2021,10,34.7,-120.9,USA,fishing,1.3486,0,1,Fishing
2021-10-01,2021,10,34.8,-121.1,USA,trawlers,2.4997,2.4997,1,Trawlers
2021-10-01,2021,10,34.9,-121.1,USA,trawlers,1.4569,1.4569,1,Trawlers
2021-10-01,2021,10,34.9,-120.9,USA,pole_and_line,0.1991,0,1,Pole and Line
2021-10-01,2021,10,34.9,-121,USA,pole_and_line,0.6591,0,1,Pole and Line
2021-10-01,2021,10,34.9,-120.8,USA,trawlers,0.3416,0,1,Trawlers
2021-10-01,2021,10,34.9,-121,USA,set_gillnets,0.6333,0,1,Set Gillnets
2021-10-01,2021,10,34.9,-120.9,USA,trawlers,1.9088,0,2,Trawlers
2021-10-01,2021,10,35,-120.9,USA,trawlers,3.098,1.0058,2,Trawlers
2021-10-01,2021,10,35,-121.1,USA,trawlers,0.7622,0.7622,1,Trawlers
2021-11-01,2021,11,34.2,-120.6,USA,fishing,0.0666,0,1,Fishing
2021-11-01,2021,11,34.2,-120.7,USA,pole_and_line,1.8579,1.0338,1,Pole and Line
2021-11-01,2021,11,34.2,-120.6,USA,trollers,0.0419,0,1,Trollers
2021-11-01,2021,11,34.3,-121.3,USA,drifting_longlines,0.975,0,1,Drifting Longlines
2021-11-01,2021,11,34.3,-120.5,USA,pole_and_line,0.6664,0.5721,1,Pole and Line
2021-11-01,2021,11,34.3,-121.2,USA,drifting_longlines,0.625,0,1,Drifting Longlines
2021-11-01,2021,11,34.3,-120.4,USA,pole_and_line,1.2911,0.2855,1,Pole and Line
2021-11-01,2021,11,34.4,-120.5,USA,other_purse_seines,3.2216,0,4,Other Purse Seines
2021-11-01,2021,11,34.4,-120.7,USA,other_purse_seines,0.3591,0,1,Other Purse Seines
2021-11-01,2021,11,34.4,-120.5,USA,fishing,2.5086,0,4,Fishing
2021-11-01,2021,11,34.4,-120.4,USA,other_purse_seines,2.4608,0,3,Other Purse Seines
2021-11-01,2021,11,34.4,-120.7,USA,fishing,1.1841,0,2,Fishing
2021-11-01,2021,11,34.4,-121,USA,trollers,0.7508,0,1,Trollers
2021-11-01,2021,11,34.5,-120.7,USA,fishing,3.4458,0,3,Fishing
2021-11-01,2021,11,34.7,-121.2,USA,trollers,0.8839,0,1,Trollers
2021-11-01,2021,11,34.7,-121.1,USA,fishing,0.033,0,1,Fishing
2021-11-01,2021,11,34.8,-121.1,USA,fishing,1.8338,0,2,Fishing
2021-11-01,2021,11,34.9,-121.1,USA,other_purse_seines,0.5583,0,1,Other Purse Seines
2021-11-01,2021,11,34.9,-121,USA,other_purse_seines,1.0997,0,2,Other Purse Seines
2021-11-01,2021,11,34.9,-121.4,USA,fishing,14.9766,0,1,Fishing
2021-11-01,2021,11,34.9,-121.1,USA,fishing,0.3563,0,1,Fishing
2021-11-01,2021,11,34.9,-120.8,USA,other_purse_seines,0.25,0,1,Other Purse Seines
2021-11-01,2021,11,35,-121,USA,fishing,3.2122,0,4,Fishing
2021-11-01,2021,11,35,-121.3,USA,other_purse_seines,0.6916,0,1,Other Purse Seines
2021-11-01,2021,11,35,-121,USA,other_purse_seines,0.8083,0,1,Other Purse Seines
2021-11-01,2021,11,35,-121.2,USA,fishing,3.4269,0,2,Fishing
2021-11-01,2021,11,35,-121.1,USA,other_purse_seines,0.5833,0,1,Other Purse Seines
2021-11-01,2021,11,34,-120.8,USA,drifting_longlines,0.9577,0,1,Drifting Longlines
2021-11-01,2021,11,34.1,-120.8,USA,pole_and_line,1.3502,0,1,Pole and Line
2021-11-01,2021,11,34.1,-120.9,USA,pole_and_line,19.2011,15.533,1,Pole and Line
2021-11-01,2021,11,34.1,-120.7,USA,pole_and_line,0.8411,0,1,Pole and Line
2021-11-01,2021,11,34.2,-121.1,USA,drifting_longlines,1.3747,0,1,Drifting Longlines
2021-11-01,2021,11,34.3,-120.6,USA,trollers,0.6042,0,1,Trollers
2021-11-01,2021,11,34.3,-120.8,USA,trollers,0.616,0,1,Trollers
2021-11-01,2021,11,34.3,-120.5,USA,other_purse_seines,0.4158,0,1,Other Purse Seines
2021-11-01,2021,11,34.3,-120.6,USA,fishing,0.8925,0,2,Fishing
2021-11-01,2021,11,34.3,-120.5,USA,fishing,1.128,0,2,Fishing
2021-11-01,2021,11,34.3,-120.6,USA,drifting_longlines,0.5836,0,1,Drifting Longlines
2021-11-01,2021,11,34.3,-120.4,USA,drifting_longlines,1.8333,0,1,Drifting Longlines
2021-11-01,2021,11,34.4,-121.5,USA,drifting_longlines,0.9413,0,1,Drifting Longlines
2021-11-01,2021,11,34.4,-120.3,USA,other_purse_seines,1.8316,0,3,Other Purse Seines
2021-11-01,2021,11,34.4,-120,USA,other_purse_seines,1.2505,0,2,Other Purse Seines
2021-11-01,2021,11,34.5,-120.7,USA,other_purse_seines,4.7336,0,5,Other Purse Seines
2021-11-01,2021,11,34.5,-120.8,USA,fishing,2.3852,0,3,Fishing
2021-11-01,2021,11,34.5,-121.1,USA,trollers,0.5275,0,1,Trollers
2021-11-01,2021,11,34.5,-120.9,USA,other_purse_seines,0.1231,0,1,Other Purse Seines
2021-11-01,2021,11,34.5,-120.8,USA,other_purse_seines,0.7958,0,1,Other Purse Seines
2021-11-01,2021,11,34.6,-121.1,USA,trollers,0.4715,0,1,Trollers
2021-11-01,2021,11,34.6,-120.9,USA,fishing,1.7494,0,2,Fishing
2021-11-01,2021,11,34.7,-120.9,USA,other_purse_seines,1.125,0,2,Other Purse Seines
2021-11-01,2021,11,34.7,-121,USA,other_purse_seines,0.4702,0,1,Other Purse Seines
2021-11-01,2021,11,34.9,-121.2,USA,other_purse_seines,0.79,0,1,Other Purse Seines
2021-11-01,2021,11,34.9,-120.9,USA,other_purse_seines,1.9002,0,3,Other Purse Seines
2021-11-01,2021,11,34.9,-121.3,USA,fishing,19.3827,0,1,Fishing
2021-11-01,2021,11,35,-121.5,USA,trollers,0.4161,0,1,Trollers
2021-11-01,2021,11,35,-121.1,USA,fishing,0.5838,0,1,Fishing
2021-11-01,2021,11,34.1,-120.9,USA,drifting_longlines,0.8422,0,1,Drifting Longlines
2021-11-01,2021,11,34.2,-120.6,USA,pole_and_line,2.3831,1.1075,1,Pole and Line
2021-11-01,2021,11,34.2,-120.8,USA,pole_and_line,0.2911,0,1,Pole and Line
2021-11-01,2021,11,34.3,-120.4,USA,fishing,1.9402,0,3,Fishing
2021-11-01,2021,11,34.3,-120.7,USA,drifting_longlines,0.5502,0,1,Drifting Longlines
2021-11-01,2021,11,34.3,-120.7,USA,fishing,0.5497,0,1,Fishing
2021-11-01,2021,11,34.3,-120.7,USA,trollers,0.563,0,1,Trollers
2021-11-01,2021,11,34.3,-120.4,USA,other_purse_seines,0.6755,0,1,Other Purse Seines
2021-11-01,2021,11,34.3,-120.6,USA,pole_and_line,0.1394,0,1,Pole and Line
2021-11-01,2021,11,34.3,-120.5,USA,drifting_longlines,0.8663,0,1,Drifting Longlines
2021-11-01,2021,11,34.4,-120.6,USA,fishing,3.4125,0,5,Fishing
2021-11-01,2021,11,34.4,-120.9,USA,trollers,0.0533,0,1,Trollers
2021-11-01,2021,11,34.4,-120.4,USA,fishing,1.3494,0,3,Fishing
2021-11-01,2021,11,34.4,-120.3,USA,fishing,1.1208,0,2,Fishing
2021-11-01,2021,11,34.5,-120.6,USA,fishing,1.8319,0,2,Fishing
2021-11-01,2021,11,34.5,-120.6,USA,other_purse_seines,2.6002,0,3,Other Purse Seines
2021-11-01,2021,11,34.6,-120.8,USA,fishing,2.6458,0,4,Fishing
2021-11-01,2021,11,34.6,-120.8,USA,other_purse_seines,3.4747,0,4,Other Purse Seines
2021-11-01,2021,11,34.7,-121,USA,fishing,1.6261,0,2,Fishing
2021-11-01,2021,11,34.7,-121.1,USA,other_purse_seines,0.2386,0,1,Other Purse Seines
2021-11-01,2021,11,34.8,-120.8,USA,other_purse_seines,1.5158,0,3,Other Purse Seines
2021-11-01,2021,11,34.8,-121.1,USA,other_purse_seines,0.7266,0,1,Other Purse Seines
2021-11-01,2021,11,34.8,-121.2,USA,other_purse_seines,0.0186,0,1,Other Purse Seines
2021-11-01,2021,11,34.8,-120.9,USA,other_purse_seines,2.0494,0,3,Other Purse Seines
2021-11-01,2021,11,34.8,-121,USA,fishing,1.1108,0,2,Fishing
2021-11-01,2021,11,34.9,-120.9,USA,fishing,1.1822,0,2,Fishing
2021-11-01,2021,11,34.9,-121.2,USA,fishing,1.0866,0,2,Fishing
2021-11-01,2021,11,35,-121.4,USA,trollers,0.4422,0,1,Trollers
2021-11-01,2021,11,35,-120.9,USA,other_purse_seines,2.1705,0,3,Other Purse Seines
2021-11-01,2021,11,34.1,-121,USA,drifting_longlines,0.333,0,1,Drifting Longlines
2021-11-01,2021,11,34.2,-121,USA,drifting_longlines,0.5502,0,1,Drifting Longlines
2021-11-01,2021,11,34.3,-120.9,USA,trollers,0.6166,0,1,Trollers
2021-11-01,2021,11,34.4,-120.8,USA,fishing,1.2994,0,2,Fishing
2021-11-01,2021,11,34.4,-120,USA,fishing,0.6994,0,1,Fishing
2021-11-01,2021,11,34.4,-120.6,USA,other_purse_seines,2.4622,0,4,Other Purse Seines
2021-11-01,2021,11,34.4,-121.4,USA,drifting_longlines,0.4586,0,1,Drifting Longlines
2021-11-01,2021,11,34.4,-120,USA,pole_and_line,0.2241,0,1,Pole and Line
2021-11-01,2021,11,34.5,-121,USA,trollers,0.2711,0,1,Trollers
2021-11-01,2021,11,34.6,-120.9,USA,other_purse_seines,0.5357,0,1,Other Purse Seines
2021-11-01,2021,11,34.6,-121.2,USA,trollers,0.2761,0,1,Trollers
2021-11-01,2021,11,34.6,-121,USA,other_purse_seines,0.4411,0,1,Other Purse Seines
2021-11-01,2021,11,34.6,-120.7,USA,fishing,0.1313,0,1,Fishing
2021-11-01,2021,11,34.6,-121,USA,fishing,0.5913,0,1,Fishing
2021-11-01,2021,11,34.7,-120.9,USA,fishing,2.5722,0,4,Fishing
2021-11-01,2021,11,34.7,-120.8,USA,other_purse_seines,2.3661,0,4,Other Purse Seines
2021-11-01,2021,11,34.7,-120.8,USA,fishing,0.7411,0,1,Fishing
2021-11-01,2021,11,34.8,-120.9,USA,fishing,2.3555,0,4,Fishing
2021-11-01,2021,11,34.8,-121.3,USA,trollers,0.8427,0,1,Trollers
2021-11-01,2021,11,34.9,-121.3,USA,trollers,0.148,0,1,Trollers
2021-11-01,2021,11,34.9,-121.4,USA,trollers,0.7111,0,1,Trollers
2021-11-01,2021,11,34.9,-121,USA,fishing,1.9558,0,4,Fishing
2021-11-01,2021,11,35,-121.2,USA,other_purse_seines,0.0833,0,1,Other Purse Seines
2021-12-01,2021,12,34.3,-120.4,USA,other_purse_seines,0.8169,0,2,Other Purse Seines
2021-12-01,2021,12,34.4,-120.5,USA,fishing,0.2496,0,1,Fishing
2021-12-01,2021,12,34.4,-120.5,USA,other_purse_seines,1.85,0,3,Other Purse Seines
2021-12-01,2021,12,34.6,-120.7,USA,other_purse_seines,1.2913,0,2,Other Purse Seines
2021-12-01,2021,12,34.7,-120.9,USA,fishing,3.6413,0,1,Fishing
2021-12-01,2021,12,34.7,-120.9,USA,other_purse_seines,0.7408,0,1,Other Purse Seines
2021-12-01,2021,12,34.8,-120.9,USA,other_purse_seines,0.8986,0,1,Other Purse Seines
2021-12-01,2021,12,34.9,-121,USA,other_purse_seines,1.3433,0,1,Other Purse Seines
2021-12-01,2021,12,35,-120.8,USA,other_purse_seines,0.8156,0,2,Other Purse Seines
2021-12-01,2021,12,34.2,-120.6,USA,drifting_longlines,0.8236,0,1,Drifting Longlines
2021-12-01,2021,12,34.3,-120.4,USA,fishing,0.4916,0,1,Fishing
2021-12-01,2021,12,34.4,-120.4,USA,other_purse_seines,0.2583,0,1,Other Purse Seines
2021-12-01,2021,12,34.5,-120.7,USA,other_purse_seines,2.8578,0,3,Other Purse Seines
2021-12-01,2021,12,34.7,-120.8,USA,other_purse_seines,0.5163,0,1,Other Purse Seines
2021-12-01,2021,12,34.8,-120.8,USA,other_purse_seines,0.8006,0,1,Other Purse Seines
2021-12-01,2021,12,34.8,-120.7,USA,other_purse_seines,0.5333,0,1,Other Purse Seines
2021-12-01,2021,12,34.4,-120.6,USA,fishing,1.6914,0,1,Fishing
2021-12-01,2021,12,34.7,-120.7,USA,other_purse_seines,0.6498,0,1,Other Purse Seines
2021-12-01,2021,12,34.9,-121.4,USA,fishing,2.5091,0,1,Fishing
2021-12-01,2021,12,34.3,-120.5,USA,fishing,0.5505,0,1,Fishing
2021-12-01,2021,12,34.4,-120.7,USA,other_purse_seines,0.3838,0,1,Other Purse Seines
2021-12-01,2021,12,34.4,-120.6,USA,other_purse_seines,1.7326,0,3,Other Purse Seines
2021-12-01,2021,12,34.5,-120.8,USA,other_purse_seines,1.0844,0,1,Other Purse Seines
2021-12-01,2021,12,34.6,-120.7,USA,fishing,1.5425,0,1,Fishing
2021-12-01,2021,12,34.9,-120.8,USA,other_purse_seines,1.6585,0,2,Other Purse Seines
2021-12-01,2021,12,34.9,-121.3,USA,fishing,6.558,0,1,Fishing
2021-12-01,2021,12,35,-120.9,USA,other_purse_seines,0.5172,0,1,Other Purse Seines
2021-12-01,2021,12,35,-121,USA,other_purse_seines,0.5505,0,1,Other Purse Seines
2021-12-01,2021,12,35.1,-120.8,USA,other_purse_seines,0.2582,0,1,Other Purse Seines
2022-01-01,2022,1,34.4,-120.3,USA,pole_and_line,0.8327,0,1,Pole and Line
2022-01-01,2022,1,34.5,-121,USA,pole_and_line,0.608,0,1,Pole and Line
2022-01-01,2022,1,34.6,-120.8,USA,other_purse_seines,0.6163,0,1,Other Purse Seines
2022-01-01,2022,1,34.7,-120.8,USA,other_purse_seines,0.8411,0,1,Other Purse Seines
2022-01-01,2022,1,34.8,-120.9,USA,other_purse_seines,0.2658,0,1,Other Purse Seines
2022-01-01,2022,1,34.4,-120.8,USA,pole_and_line,1.3663,0,1,Pole and Line
2022-01-01,2022,1,34.4,-120,USA,pole_and_line,0.6016,0,1,Pole and Line
2022-01-01,2022,1,34.4,-120.5,USA,other_purse_seines,0.5419,0,1,Other Purse Seines
2022-01-01,2022,1,34.4,-120.7,USA,pole_and_line,1.7413,0,1,Pole and Line
2022-01-01,2022,1,34.4,-121.1,USA,pole_and_line,3.8811,3.558,1,Pole and Line
2022-01-01,2022,1,34.4,-120.9,USA,pole_and_line,1.4255,0,1,Pole and Line
2022-01-01,2022,1,34.4,-120.5,USA,pole_and_line,1.3588,0,1,Pole and Line
2022-01-01,2022,1,34.4,-121,USA,pole_and_line,6.4175,5.0583,1,Pole and Line
2022-01-01,2022,1,34.5,-120.7,USA,other_purse_seines,0.8983,0,1,Other Purse Seines
2022-01-01,2022,1,34.9,-120.9,USA,other_purse_seines,0.558,0,1,Other Purse Seines
2022-01-01,2022,1,35,-120.9,USA,other_purse_seines,0.25,0,1,Other Purse Seines
2022-01-01,2022,1,35,-121,USA,other_purse_seines,0.5661,0,1,Other Purse Seines
2022-01-01,2022,1,34.3,-120.4,USA,pole_and_line,0.2666,0,1,Pole and Line
2022-01-01,2022,1,34.3,-120.4,USA,other_purse_seines,0.2669,0,1,Other Purse Seines
2022-01-01,2022,1,34.4,-120.6,USA,pole_and_line,1.3752,0,1,Pole and Line
2022-01-01,2022,1,34.4,-120.4,USA,pole_and_line,1.0752,0,1,Pole and Line
2022-01-01,2022,1,34.4,-120.4,USA,other_purse_seines,0.2405,0,1,Other Purse Seines
2022-01-01,2022,1,34.4,-120.6,USA,other_purse_seines,0.6416,0,1,Other Purse Seines
2022-01-01,2022,1,34.5,-121.1,USA,pole_and_line,11.4944,7.2255,1,Pole and Line
2022-01-01,2022,1,34.8,-120.8,USA,other_purse_seines,0.5908,0,1,Other Purse Seines
2022-02-01,2022,2,34.4,-121.1,USA,pole_and_line,2.9099,1.6,1,Pole and Line
2022-02-01,2022,2,34.9,-121,USA,fishing,0.1819,0,1,Fishing
2022-02-01,2022,2,35,-121,USA,fishing,0.9952,0,1,Fishing
2022-02-01,2022,2,34.9,-121,USA,other_purse_seines,1.7891,0,3,Other Purse Seines
2022-02-01,2022,2,34.9,-120.9,USA,other_purse_seines,0.9733,0,2,Other Purse Seines
2022-02-01,2022,2,34.8,-120.9,USA,other_purse_seines,1.897,0,3,Other Purse Seines
2022-02-01,2022,2,34.6,-120.8,USA,fishing,0.8639,0,1,Fishing
2022-02-01,2022,2,34.6,-120.8,USA,other_purse_seines,1.9357,0,3,Other Purse Seines
2022-02-01,2022,2,34.4,-120.8,USA,pole_and_line,2.0025,0,1,Pole and Line
2022-02-01,2022,2,34.8,-120.8,USA,fishing,0.1283,0,1,Fishing
2022-02-01,2022,2,34.7,-120.8,USA,other_purse_seines,1.708,0,3,Other Purse Seines
2022-02-01,2022,2,34.5,-120.7,USA,other_purse_seines,2.2219,0,3,Other Purse Seines
2022-02-01,2022,2,34.6,-120.7,USA,other_purse_seines,0.6683,0,3,Other Purse Seines
2022-02-01,2022,2,34.4,-120.7,USA,pole_and_line,2.4586,0,1,Pole and Line
2022-02-01,2022,2,34.5,-120.7,USA,fishing,1.0747,0,1,Fishing
2022-02-01,2022,2,34.5,-120.6,USA,other_purse_seines,0.5122,0,2,Other Purse Seines
2022-02-01,2022,2,34.3,-120.5,USA,pole_and_line,1.3922,0,1,Pole and Line
2022-02-01,2022,2,34.4,-120.5,USA,other_purse_seines,1.6138,0,3,Other Purse Seines
2022-02-01,2022,2,34.3,-120.5,USA,other_purse_seines,0.0433,0,1,Other Purse Seines
2022-02-01,2022,2,34.3,-120.4,USA,fishing,0.0327,0,1,Fishing
2022-02-01,2022,2,34.3,-120.4,USA,other_purse_seines,0.7572,0,1,Other Purse Seines
2022-02-01,2022,2,34.4,-120.4,USA,pole_and_line,0.2747,0,1,Pole and Line
2022-02-01,2022,2,34.4,-120.3,USA,other_purse_seines,0.7847,0,2,Other Purse Seines
2022-02-01,2022,2,34.4,-120.3,USA,pole_and_line,0.6588,0,1,Pole and Line
2022-02-01,2022,2,34.4,-120,USA,pole_and_line,0.625,0,1,Pole and Line
2022-02-01,2022,2,34.3,-120.4,USA,pole_and_line,1.7582,0,1,Pole and Line
2022-02-01,2022,2,34.4,-120.9,USA,pole_and_line,1.5172,0,1,Pole and Line
2022-02-01,2022,2,34.4,-120.5,USA,fishing,0.7037,0,1,Fishing
2022-02-01,2022,2,34.4,-120.4,USA,fishing,0.6633,0,1,Fishing
2022-02-01,2022,2,34.4,-120.6,USA,fishing,0.7948,0,1,Fishing
2022-02-01,2022,2,34.4,-121,USA,pole_and_line,28.1288,0,1,Pole and Line
2022-02-01,2022,2,34.4,-120.6,USA,pole_and_line,1.6994,0,1,Pole and Line
2022-02-01,2022,2,34.4,-120.5,USA,pole_and_line,1.0833,0,1,Pole and Line
2022-02-01,2022,2,34.4,-120.6,USA,other_purse_seines,2.0297,0,3,Other Purse Seines
2022-02-01,2022,2,34.4,-120.4,USA,other_purse_seines,1.1755,0,2,Other Purse Seines
2022-02-01,2022,2,34.7,-120.9,USA,other_purse_seines,0.8461,0,3,Other Purse Seines
2022-02-01,2022,2,34.7,-120.8,USA,fishing,0.879,0,1,Fishing
2022-02-01,2022,2,34.8,-121,USA,other_purse_seines,0.2822,0,1,Other Purse Seines
2022-02-01,2022,2,34.8,-120.9,USA,fishing,0.8038,0,1,Fishing
2022-02-01,2022,2,34.9,-120.9,USA,fishing,0.9233,0,1,Fishing
2022-02-01,2022,2,35,-121,USA,other_purse_seines,1.3187,0,2,Other Purse Seines
2022-02-01,2022,2,35,-121.1,USA,other_purse_seines,1.0998000000000001,0,2,Other Purse Seines
2022-03-01,2022,3,34.4,-121.1,USA,pole_and_line,1.9921,0.0246,1,Pole and Line
2022-03-01,2022,3,34.8,-121.1,USA,fishing,0.8589,0,1,Fishing
2022-03-01,2022,3,34.7,-121,USA,fishing,0.6582,0,1,Fishing
2022-03-01,2022,3,35,-121,USA,other_purse_seines,0.7836,0,1,Other Purse Seines
2022-03-01,2022,3,34.9,-121,USA,fishing,0.5991,0,1,Fishing
2022-03-01,2022,3,34.4,-121,USA,pole_and_line,2.1168,0.1082,1,Pole and Line
2022-03-01,2022,3,34.8,-121,USA,fishing,0.3834,0,1,Fishing
2022-03-01,2022,3,34.8,-120.8,USA,fishing,0.5669,0,1,Fishing
2022-03-01,2022,3,35,-120.8,USA,fishing,0.3166,0,1,Fishing
2022-03-01,2022,3,34.7,-120.8,USA,other_purse_seines,0.5336,0,1,Other Purse Seines
2022-03-01,2022,3,34.6,-120.7,USA,other_purse_seines,0.8411,0,1,Other Purse Seines
2022-03-01,2022,3,34.3,-120.7,USA,fishing,0.2924,0,1,Fishing
2022-03-01,2022,3,34.4,-120.7,USA,fishing,0.758,0,2,Fishing
2022-03-01,2022,3,34.4,-120.6,USA,other_purse_seines,0.5836,0,1,Other Purse Seines
2022-03-01,2022,3,34.3,-120.5,USA,fishing,0.0666,0,1,Fishing
2022-03-01,2022,3,34.4,-120.5,USA,fishing,2.0572,0,3,Fishing
2022-03-01,2022,3,34.4,-120.5,USA,pole_and_line,1.3163,0,1,Pole and Line
2022-03-01,2022,3,34.4,-120,USA,pole_and_line,0.8002,0,1,Pole and Line
2022-03-01,2022,3,34.7,-121.1,USA,fishing,0.5083,0,1,Fishing
2022-03-01,2022,3,34.7,-120.9,USA,fishing,0.7592,0,1,Fishing
2022-03-01,2022,3,35,-120.9,USA,fishing,0.5497,0,1,Fishing
2022-03-01,2022,3,34.6,-120.8,USA,fishing,3.317,0,2,Fishing
2022-03-01,2022,3,34.4,-120.7,USA,pole_and_line,1.6663,0,1,Pole and Line
2022-03-01,2022,3,34.4,-120.6,USA,fishing,0.9586,0,2,Fishing
2022-03-01,2022,3,34.3,-120.6,USA,fishing,0.8829,0,1,Fishing
2022-03-01,2022,3,34.4,-120.5,USA,other_purse_seines,0.808,0,1,Other Purse Seines
2022-03-01,2022,3,34.4,-120.4,USA,pole_and_line,1.65,0,1,Pole and Line
2022-03-01,2022,3,34.3,-120.4,USA,other_purse_seines,0.4161,0,1,Other Purse Seines
2022-03-01,2022,3,34.4,-120.3,USA,fishing,1.1083,0,2,Fishing
2022-03-01,2022,3,34.9,-121.2,USA,fishing,1.1497,0,1,Fishing
2022-03-01,2022,3,34.9,-121.1,USA,fishing,0.2594,0,1,Fishing
2022-03-01,2022,3,35,-121.1,USA,fishing,7.3411,0,2,Fishing
2022-03-01,2022,3,34.6,-121,USA,fishing,0.7416,0,1,Fishing
2022-03-01,2022,3,35,-120.9,USA,other_purse_seines,0.0563,0,1,Other Purse Seines
2022-03-01,2022,3,34.6,-120.9,USA,fishing,0.4329,0,1,Fishing
2022-03-01,2022,3,34.9,-120.9,USA,other_purse_seines,0.8099,0,1,Other Purse Seines
2022-03-01,2022,3,34.4,-120.9,USA,pole_and_line,1.6915,0,1,Pole and Line
2022-03-01,2022,3,34.5,-120.9,USA,fishing,0.817,0,1,Fishing
2022-03-01,2022,3,34.4,-120.8,USA,pole_and_line,1.368,0,1,Pole and Line
2022-03-01,2022,3,34.5,-120.8,USA,fishing,0.2583,0,1,Fishing
2022-03-01,2022,3,34.7,-120.8,USA,fishing,0.8326,0,2,Fishing
2022-03-01,2022,3,34.5,-120.7,USA,other_purse_seines,0.9669,0,1,Other Purse Seines
2022-03-01,2022,3,34.5,-120.6,USA,fishing,0.4083,0,1,Fishing
2022-03-01,2022,3,34.4,-120.3,USA,pole_and_line,1.2244,0,1,Pole and Line
2022-03-01,2022,3,35,-121.3,USA,fishing,0.883,0,1,Fishing
2022-03-01,2022,3,35,-121.2,USA,fishing,0.2666,0,1,Fishing
2022-03-01,2022,3,34.5,-121.1,USA,pole_and_line,14.7511,13.7764,1,Pole and Line
2022-03-01,2022,3,34.5,-121,USA,pole_and_line,0.1412,0,1,Pole and Line
2022-03-01,2022,3,34.8,-120.9,USA,fishing,0.2658,0,1,Fishing
2022-03-01,2022,3,34.4,-120.8,USA,fishing,0.8411,0,1,Fishing
2022-03-01,2022,3,34.8,-120.8,USA,other_purse_seines,1.1083,0,1,Other Purse Seines
2022-03-01,2022,3,34.9,-120.8,USA,fishing,0.6336,0,1,Fishing
2022-03-01,2022,3,34.4,-120.6,USA,pole_and_line,1.3669,0,1,Pole and Line
2022-03-01,2022,3,34.4,-120.4,USA,fishing,13.3936,0,3,Fishing
2022-04-01,2022,4,35,-121.1,USA,fishing,1.4586,0,3,Fishing
2022-04-01,2022,4,35,-121.1,USA,other_purse_seines,0.5422,0,1,Other Purse Seines
2022-04-01,2022,4,35,-121,USA,fishing,1.0913,0,2,Fishing
2022-04-01,2022,4,34.9,-120.8,USA,fishing,1.4088,0,1,Fishing
2022-04-01,2022,4,34.7,-120.8,USA,fishing,3.7505,0,3,Fishing
2022-04-01,2022,4,34.5,-120.7,USA,fishing,2.0747,0,2,Fishing
2022-04-01,2022,4,34.4,-120.5,USA,other_purse_seines,0.7002,0,1,Other Purse Seines
2022-04-01,2022,4,34.4,-120.3,USA,fishing,1.3583,0,2,Fishing
2022-04-01,2022,4,34.4,-120,USA,fishing,1.5663,0,2,Fishing
2022-04-01,2022,4,34.9,-121,USA,fishing,2.6336,0,3,Fishing
2022-04-01,2022,4,35,-120.9,USA,fishing,0.3913,0,1,Fishing
2022-04-01,2022,4,34.7,-120.9,USA,other_purse_seines,0.5419,0,1,Other Purse Seines
2022-04-01,2022,4,34.8,-120.8,USA,fishing,1.408,0,1,Fishing
2022-04-01,2022,4,34.6,-120.7,USA,fishing,0.5911,0,1,Fishing
2022-04-01,2022,4,34.5,-120.6,USA,fishing,0.8413,0,2,Fishing
2022-04-01,2022,4,34.9,-121.1,USA,fishing,0.6663,0,1,Fishing
2022-04-01,2022,4,34.8,-120.9,USA,other_purse_seines,0.608,0,1,Other Purse Seines
2022-04-01,2022,4,34.9,-120.9,USA,fishing,0.6747,0,1,Fishing
2022-04-01,2022,4,34.6,-120.8,USA,other_purse_seines,0.9402,0,1,Other Purse Seines
2022-04-01,2022,4,34.7,-120.8,USA,other_purse_seines,0.2505,0,1,Other Purse Seines
2022-04-01,2022,4,34.6,-120.8,USA,fishing,1.8672,0,3,Fishing
2022-04-01,2022,4,34.5,-120.7,USA,other_purse_seines,0.5669,0,1,Other Purse Seines
2022-04-01,2022,4,34.4,-120.6,USA,fishing,1.9763,0,4,Fishing
2022-04-01,2022,4,34.4,-120.4,USA,fishing,1.0838,0,2,Fishing
2022-04-01,2022,4,34.3,-120.4,USA,fishing,1.3913,0,2,Fishing
2022-04-01,2022,4,34.4,-120.4,USA,other_purse_seines,0.5419,0,1,Other Purse Seines
2022-04-01,2022,4,34.4,-120.3,USA,other_purse_seines,0.5247,0,1,Other Purse Seines
2022-04-01,2022,4,35,-121,USA,other_purse_seines,0.283,0,1,Other Purse Seines
2022-04-01,2022,4,34.9,-121,USA,other_purse_seines,0.8169,0,1,Other Purse Seines
2022-04-01,2022,4,34.8,-120.9,USA,fishing,1.3502,0,2,Fishing
2022-04-01,2022,4,34.7,-120.9,USA,fishing,1.3166,0,3,Fishing
2022-04-01,2022,4,35,-120.8,USA,fishing,0.9247,0,1,Fishing
2022-04-01,2022,4,34.5,-120.8,USA,fishing,0.8666,0,1,Fishing
2022-04-01,2022,4,34.4,-120.7,USA,fishing,0.4333,0,1,Fishing
2022-04-01,2022,4,34.7,-120.7,USA,fishing,0.2747,0,1,Fishing
2022-04-01,2022,4,34.4,-120.6,USA,other_purse_seines,0.4166,0,1,Other Purse Seines
2022-04-01,2022,4,34.5,-120.6,USA,other_purse_seines,0.2833,0,1,Other Purse Seines
2022-04-01,2022,4,34.4,-120.5,USA,fishing,2.6491,0,4,Fishing
2022-05-01,2022,5,34.1,-120.8,USA,drifting_longlines,0.9327,0,1,Drifting Longlines
2022-05-01,2022,5,34.3,-120.4,USA,fishing,0.283,0,1,Fishing
2022-05-01,2022,5,34.4,-120.8,USA,pole_and_line,2.2661,0.033,1,Pole and Line
2022-05-01,2022,5,34.4,-120.5,USA,other_purse_seines,0.3002,0,1,Other Purse Seines
2022-05-01,2022,5,34.4,-120.4,USA,fishing,1.8752,0,2,Fishing
2022-05-01,2022,5,34.4,-121,USA,pole_and_line,2.0408,0.275,1,Pole and Line
2022-05-01,2022,5,34.5,-120.8,USA,pole_and_line,0.6996,0,1,Pole and Line
2022-05-01,2022,5,34.5,-120.9,USA,pole_and_line,1.6164,0,1,Pole and Line
2022-05-01,2022,5,34.7,-120.7,USA,fishing,0.8252,0,1,Fishing
2022-05-01,2022,5,34.8,-120.7,USA,fishing,0.8333,0,1,Fishing
2022-05-01,2022,5,34.8,-120.9,USA,fishing,0.6005,0,1,Fishing
2022-05-01,2022,5,34.8,-120.8,USA,other_purse_seines,0.8333,0,1,Other Purse Seines
2022-05-01,2022,5,34.9,-120.8,USA,fishing,1.8844,0,1,Fishing
2022-05-01,2022,5,34.9,-121.1,USA,fishing,4.3661,0,1,Fishing
2022-05-01,2022,5,35,-120.9,USA,other_purse_seines,2.0916,0,1,Other Purse Seines
2022-05-01,2022,5,34.1,-120.9,USA,drifting_longlines,1.5672,0,1,Drifting Longlines
2022-05-01,2022,5,34.3,-120.6,USA,pole_and_line,0.7919,0,1,Pole and Line
2022-05-01,2022,5,34.3,-120.5,USA,fishing,0.8258,0,1,Fishing
2022-05-01,2022,5,34.4,-120.5,USA,fishing,3.9244,0,3,Fishing
2022-05-01,2022,5,34.4,-120.3,USA,pole_and_line,3.2844,0,1,Pole and Line
2022-05-01,2022,5,34.4,-120.3,USA,fishing,1.35,0,2,Fishing
2022-05-01,2022,5,34.4,-121.1,USA,pole_and_line,18.7311,17.4317,1,Pole and Line
2022-05-01,2022,5,34.4,-120.5,USA,pole_and_line,3.1499,0,1,Pole and Line
2022-05-01,2022,5,34.5,-121,USA,pole_and_line,1.5426,0,1,Pole and Line
2022-05-01,2022,5,34.6,-120.8,USA,fishing,3.9844,0,2,Fishing
2022-05-01,2022,5,34.7,-120.8,USA,other_purse_seines,0.8663,0,1,Other Purse Seines
2022-05-01,2022,5,34.8,-120.8,USA,fishing,0.9994,0,1,Fishing
2022-05-01,2022,5,34.9,-121.3,USA,drifting_longlines,1.9588,0,1,Drifting Longlines
2022-05-01,2022,5,35.1,-120.8,USA,fishing,33.4341,0,2,Fishing
2022-05-01,2022,5,34.3,-120.7,USA,pole_and_line,1.8167,1.1998,1,Pole and Line
2022-05-01,2022,5,34.3,-120.4,USA,pole_and_line,0.8086,0,1,Pole and Line
2022-05-01,2022,5,34.4,-120.4,USA,other_purse_seines,0.683,0,1,Other Purse Seines
2022-05-01,2022,5,34.4,-120.6,USA,pole_and_line,3.3655,0,1,Pole and Line
2022-05-01,2022,5,34.4,-120.6,USA,fishing,1.683,0,2,Fishing
2022-05-01,2022,5,34.4,-120.3,USA,other_purse_seines,0.7005,0,1,Other Purse Seines
2022-05-01,2022,5,34.4,-120.7,USA,pole_and_line,3.093,0,1,Pole and Line
2022-05-01,2022,5,34.4,-120,USA,pole_and_line,3.1086,0,1,Pole and Line
2022-05-01,2022,5,34.4,-120.4,USA,pole_and_line,10.965,0,1,Pole and Line
2022-05-01,2022,5,34.5,-121.1,USA,pole_and_line,10.8974,10.2804,1,Pole and Line
2022-05-01,2022,5,34.6,-120.7,USA,other_purse_seines,2.2666,0,1,Other Purse Seines
2022-05-01,2022,5,34.2,-121.1,USA,drifting_longlines,9.1147,0,1,Drifting Longlines
2022-05-01,2022,5,34.2,-121,USA,drifting_longlines,0.6336,0,1,Drifting Longlines
2022-05-01,2022,5,34.3,-120.8,USA,pole_and_line,1.0752,0.1583,1,Pole and Line
2022-05-01,2022,5,34.3,-120.5,USA,pole_and_line,0.8661,0,1,Pole and Line
2022-05-01,2022,5,34.4,-120.6,USA,other_purse_seines,0.6416,0,1,Other Purse Seines
2022-05-01,2022,5,34.4,-120,USA,other_purse_seines,0.5663,0,1,Other Purse Seines
2022-05-01,2022,5,34.4,-120.9,USA,pole_and_line,3.1754,0.6169,1,Pole and Line
2022-05-01,2022,5,34.5,-120.6,USA,fishing,0.4574,0,1,Fishing
2022-05-01,2022,5,34.5,-120.7,USA,fishing,2.8421,0,2,Fishing
2022-05-01,2022,5,34.7,-120.8,USA,pole_and_line,0.2858,0,1,Pole and Line
2022-05-01,2022,5,34.7,-120.8,USA,fishing,0.2252,0,1,Fishing
2022-05-01,2022,5,34.8,-120.8,USA,pole_and_line,0.9055,0,1,Pole and Line
2022-05-01,2022,5,34.9,-120.8,USA,pole_and_line,0.6974,0,1,Pole and Line
2022-05-01,2022,5,34.9,-121,USA,fishing,0.9833,0,1,Fishing
2022-05-01,2022,5,34.9,-120.7,USA,fishing,3.8163,0,1,Fishing
2022-05-01,2022,5,35,-120.8,USA,pole_and_line,0.5336,0,1,Pole and Line
2022-05-01,2022,5,35.1,-120.8,USA,pole_and_line,16.7133,0,1,Pole and Line
2022-06-01,2022,6,34.3,-120.4,USA,other_purse_seines,0.8005,0,1,Other Purse Seines
2022-06-01,2022,6,34.3,-121.3,USA,fishing,0.6252,0,1,Fishing
2022-06-01,2022,6,34.3,-120.8,USA,fishing,0.0408,0,1,Fishing
2022-06-01,2022,6,34.3,-120.9,USA,drifting_longlines,0.6262,0,1,Drifting Longlines
2022-06-01,2022,6,34.3,-121,USA,pole_and_line,1.0997,0.8166,1,Pole and Line
2022-06-01,2022,6,34.3,-120.5,USA,drifting_longlines,0.7749,0,1,Drifting Longlines
2022-06-01,2022,6,34.3,-120.6,USA,drifting_longlines,0.8332,0,1,Drifting Longlines
2022-06-01,2022,6,34.4,-120.7,USA,fishing,1.0077,0,1,Fishing
2022-06-01,2022,6,34.4,-121.4,USA,drifting_longlines,0.6752,0,1,Drifting Longlines
2022-06-01,2022,6,34.4,-120.4,USA,other_purse_seines,1.5372,0,1,Other Purse Seines
2022-06-01,2022,6,34.6,-120.9,USA,other_purse_seines,0.5058,0,1,Other Purse Seines
2022-06-01,2022,6,34.8,-120.8,USA,fishing,1.1583,0,1,Fishing
2022-06-01,2022,6,34.3,-120.5,USA,other_purse_seines,0.2813,0,1,Other Purse Seines
2022-06-01,2022,6,34.3,-121.1,USA,fishing,0.6252,0,1,Fishing
2022-06-01,2022,6,34.3,-120.4,USA,fishing,1.8909,0,2,Fishing
2022-06-01,2022,6,34.3,-120.6,USA,pole_and_line,0.8238,0,1,Pole and Line
2022-06-01,2022,6,34.4,-120.5,USA,other_purse_seines,7.4066,0,1,Other Purse Seines
2022-06-01,2022,6,34.4,-120.3,USA,pole_and_line,0.6077,0,1,Pole and Line
2022-06-01,2022,6,34.5,-120.7,USA,other_purse_seines,0.6091,0,1,Other Purse Seines
2022-06-01,2022,6,34.5,-121,USA,trawlers,10.9544,10.9544,1,Trawlers
2022-06-01,2022,6,34.6,-120.8,USA,fishing,2.2344,0,1,Fishing
2022-06-01,2022,6,34.7,-120.9,USA,other_purse_seines,0.1958,0,1,Other Purse Seines
2022-06-01,2022,6,34.9,-121.2,USA,trawlers,0.8502,0.1502,1,Trawlers
2022-06-01,2022,6,35,-121.2,USA,trawlers,3.9163,0.825,2,Trawlers
2022-06-01,2022,6,34.2,-120.7,USA,pole_and_line,0.275,0,1,Pole and Line
2022-06-01,2022,6,34.3,-120.8,USA,pole_and_line,1.3755,0.8413,1,Pole and Line
2022-06-01,2022,6,34.3,-120.7,USA,drifting_longlines,0.684,0,1,Drifting Longlines
2022-06-01,2022,6,34.3,-120.9,USA,fishing,0.7091,0,1,Fishing
2022-06-01,2022,6,34.3,-121,USA,drifting_longlines,0.5573,0,1,Drifting Longlines
2022-06-01,2022,6,34.3,-121.5,USA,fishing,0.791,0,1,Fishing
2022-06-01,2022,6,34.3,-120.8,USA,drifting_longlines,0.7659,0,1,Drifting Longlines
2022-06-01,2022,6,34.3,-120.7,USA,pole_and_line,1.6752,0.2736,1,Pole and Line
2022-06-01,2022,6,34.3,-120.9,USA,pole_and_line,2.3341,1.4588,1,Pole and Line
2022-06-01,2022,6,34.3,-121.2,USA,drifting_longlines,0.8247,0,1,Drifting Longlines
2022-06-01,2022,6,34.3,-121.3,USA,drifting_longlines,0.7502,0,1,Drifting Longlines
2022-06-01,2022,6,34.4,-120.4,USA,fishing,9.3424,1.0584,2,Fishing
2022-06-01,2022,6,34.4,-120.6,USA,other_purse_seines,0.7322,0,1,Other Purse Seines
2022-06-01,2022,6,34.4,-120,USA,fishing,1.0827,0,2,Fishing
2022-06-01,2022,6,34.4,-120.6,USA,fishing,2.1109,0,2,Fishing
2022-06-01,2022,6,34.4,-121.5,USA,drifting_longlines,0.5916,0,1,Drifting Longlines
2022-06-01,2022,6,34.4,-120.8,USA,fishing,0.8333,0,1,Fishing
2022-06-01,2022,6,34.5,-120.7,USA,fishing,0.4912,0,1,Fishing
2022-06-01,2022,6,34.5,-120.8,USA,other_purse_seines,0.6153,0,1,Other Purse Seines
2022-06-01,2022,6,34.7,-120.8,USA,fishing,0.9491,0,1,Fishing
2022-06-01,2022,6,34.2,-120.6,USA,pole_and_line,1.0816,0.823,1,Pole and Line
2022-06-01,2022,6,34.3,-121.2,USA,fishing,0.9747,0,1,Fishing
2022-06-01,2022,6,34.3,-120.5,USA,pole_and_line,0.8088,0.1674,1,Pole and Line
2022-06-01,2022,6,34.3,-120.4,USA,drifting_longlines,0.7161,0,1,Drifting Longlines
2022-06-01,2022,6,34.3,-121.1,USA,drifting_longlines,0.5167,0,1,Drifting Longlines
2022-06-01,2022,6,34.3,-120.4,USA,pole_and_line,0.875,0,1,Pole and Line
2022-06-01,2022,6,34.3,-121,USA,fishing,0.8166,0,1,Fishing
2022-06-01,2022,6,34.3,-121.4,USA,fishing,0.867,0,1,Fishing
2022-06-01,2022,6,34.4,-120.3,USA,other_purse_seines,0.5583,0,1,Other Purse Seines
2022-06-01,2022,6,34.4,-120,USA,other_purse_seines,0.6997,0,1,Other Purse Seines
2022-06-01,2022,6,34.4,-120.5,USA,fishing,1.1238,0,2,Fishing
2022-06-01,2022,6,34.4,-120.3,USA,fishing,1.1249,0,2,Fishing
2022-06-01,2022,6,34.4,-120,USA,pole_and_line,1.4,0,1,Pole and Line
2022-06-01,2022,6,34.6,-120.8,USA,other_purse_seines,0.3093,0,1,Other Purse Seines
2022-06-01,2022,6,34.8,-121.1,USA,trawlers,5.4291,5.4291,1,Trawlers
2022-06-01,2022,6,35,-121,USA,trawlers,1.345,1.1208,1,Trawlers
2022-06-01,2022,6,35,-120.8,USA,fishing,1.058,0,1,Fishing
2022-06-01,2022,6,35,-121.1,USA,trawlers,2.3094,1.7413,1,Trawlers
2022-07-01,2022,7,34.2,-120.8,USA,fishing,0.5819,0,1,Fishing
2022-07-01,2022,7,34.3,-120.4,USA,fishing,2.1666,0,3,Fishing
2022-07-01,2022,7,34.3,-120.9,USA,trawlers,0.2802,0,1,Trawlers
2022-07-01,2022,7,34.3,-120.8,USA,pole_and_line,1.6663,1.6663,1,Pole and Line
2022-07-01,2022,7,34.3,-120.4,USA,trawlers,2.5775,0.583,2,Trawlers
2022-07-01,2022,7,34.3,-120.6,USA,pole_and_line,1.6419,1.3916,1,Pole and Line
2022-07-01,2022,7,34.3,-120.4,USA,pots_and_traps,0.4899,0,1,Pots and Traps
2022-07-01,2022,7,34.3,-120.5,USA,pots_and_traps,0.513,0,1,Pots and Traps
2022-07-01,2022,7,34.3,-120.8,USA,trawlers,0.7525,0,1,Trawlers
2022-07-01,2022,7,34.4,-120.9,USA,trawlers,2.4721,1.4168,2,Trawlers
2022-07-01,2022,7,34.4,-121,USA,trawlers,0.5913,0,1,Trawlers
2022-07-01,2022,7,34.4,-120.3,USA,trawlers,3.7988,1.6983,2,Trawlers
2022-07-01,2022,7,34.4,-120,USA,pole_and_line,0.6913,0,1,Pole and Line
2022-07-01,2022,7,34.4,-120.4,USA,fishing,0.5413,0,1,Fishing
2022-07-01,2022,7,34.4,-120,USA,fishing,0.4586,0,1,Fishing
2022-07-01,2022,7,34.5,-120.6,USA,trawlers,6.0341,0,1,Trawlers
2022-07-01,2022,7,34.5,-121,USA,drifting_longlines,0.75,0,1,Drifting Longlines
2022-07-01,2022,7,34.5,-120.7,USA,fishing,1.4076,0,2,Fishing
2022-07-01,2022,7,34.5,-120.9,USA,trawlers,2.5978,2.0003,2,Trawlers
2022-07-01,2022,7,34.6,-121.1,USA,drifting_longlines,1.758,0,1,Drifting Longlines
2022-07-01,2022,7,34.6,-120.8,USA,fishing,1.7835,0,2,Fishing
2022-07-01,2022,7,34.7,-120.8,USA,fishing,1.8334,0,2,Fishing
2022-07-01,2022,7,34.8,-121.4,USA,trawlers,2.3861,1.6694,1,Trawlers
2022-07-01,2022,7,34.8,-120.9,USA,fishing,0.5155,0,1,Fishing
2022-07-01,2022,7,34.9,-120.8,USA,fishing,0.8422,0,1,Fishing
2022-07-01,2022,7,35,-121.3,USA,trawlers,0.4694,0.2633,1,Trawlers
2022-07-01,2022,7,34.1,-120.7,USA,drifting_longlines,0.8347,0,1,Drifting Longlines
2022-07-01,2022,7,34.2,-120.7,USA,fishing,0.5508,0,1,Fishing
2022-07-01,2022,7,34.3,-120.6,USA,pots_and_traps,0.0472,0,1,Pots and Traps
2022-07-01,2022,7,34.3,-120.6,USA,fishing,0.5602,0,1,Fishing
2022-07-01,2022,7,34.3,-120.5,USA,pole_and_line,0.2827,0,1,Pole and Line
2022-07-01,2022,7,34.3,-120.7,USA,trawlers,1.8001,0.9308,1,Trawlers
2022-07-01,2022,7,34.3,-120.7,USA,pole_and_line,1.1419,1.1419,1,Pole and Line
2022-07-01,2022,7,34.4,-120.6,USA,fishing,2.4827,0,3,Fishing
2022-07-01,2022,7,34.4,-120.9,USA,drifting_longlines,1.1169,0,1,Drifting Longlines
2022-07-01,2022,7,34.4,-120.5,USA,pole_and_line,1.6505,0.8172,1,Pole and Line
2022-07-01,2022,7,34.4,-120.6,USA,trawlers,4.1241,0,2,Trawlers
2022-07-01,2022,7,34.5,-120.7,USA,trawlers,3.4723,0,2,Trawlers
2022-07-01,2022,7,34.5,-120.6,USA,fishing,0.2819,0,1,Fishing
2022-07-01,2022,7,34.6,-121,USA,trawlers,1.4247,0.235,1,Trawlers
2022-07-01,2022,7,34.6,-120.7,USA,fishing,0.858,0,1,Fishing
2022-07-01,2022,7,34.6,-120.7,USA,trawlers,0.3237,0,1,Trawlers
2022-07-01,2022,7,34.7,-120.9,USA,trawlers,0.2658,0,1,Trawlers
2022-07-01,2022,7,34.7,-120.8,USA,trawlers,3.3411,0.2583,2,Trawlers
2022-07-01,2022,7,34.8,-121,USA,trawlers,9.3658,9.3658,1,Trawlers
2022-07-01,2022,7,34.8,-120.9,USA,trawlers,0.9086,0,1,Trawlers
2022-07-01,2022,7,34.9,-120.8,USA,trawlers,4.9075,1.4137,2,Trawlers
2022-07-01,2022,7,35,-121.4,USA,trawlers,0.3827,0,1,Trawlers
2022-07-01,2022,7,34.1,-120.7,USA,trawlers,0.0753,0,1,Trawlers
2022-07-01,2022,7,34.2,-120.7,USA,trawlers,0.675,0,1,Trawlers
2022-07-01,2022,7,34.2,-120.8,USA,drifting_longlines,0.8502,0,1,Drifting Longlines
2022-07-01,2022,7,34.2,-120.6,USA,fishing,0.5777,0,1,Fishing
2022-07-01,2022,7,34.2,-121,USA,fishing,5.3991,4.0336,1,Fishing
2022-07-01,2022,7,34.3,-120.5,USA,trawlers,1.8716,1.1225,1,Trawlers
2022-07-01,2022,7,34.3,-120.9,USA,drifting_longlines,0.3,0,1,Drifting Longlines
2022-07-01,2022,7,34.3,-120.8,USA,drifting_longlines,0.533,0,1,Drifting Longlines
2022-07-01,2022,7,34.4,-120.3,USA,fishing,0.7347,0,2,Fishing
2022-07-01,2022,7,34.4,-120.9,USA,pole_and_line,1.1919,1.1919,1,Pole and Line
2022-07-01,2022,7,34.4,-121,USA,pole_and_line,3.2825,3.2825,1,Pole and Line
2022-07-01,2022,7,34.4,-120.6,USA,pole_and_line,1.5247,1.2325,1,Pole and Line
2022-07-01,2022,7,34.4,-120.5,USA,fishing,5.4485,0,3,Fishing
2022-07-01,2022,7,34.4,-121.1,USA,trawlers,1.8894,1.0919,1,Trawlers
2022-07-01,2022,7,34.4,-120.5,USA,trawlers,7.9077,3.2002,2,Trawlers
2022-07-01,2022,7,34.4,-120.8,USA,pole_and_line,1.0588,1.0588,1,Pole and Line
2022-07-01,2022,7,34.7,-121.4,USA,trawlers,0.9438,0.9438,1,Trawlers
2022-07-01,2022,7,34.7,-121.1,USA,trawlers,1.0047,0,1,Trawlers
2022-07-01,2022,7,34.8,-121.3,USA,trawlers,0.5016,0,1,Trawlers
2022-07-01,2022,7,34.8,-120.8,USA,fishing,1.3512,0,2,Fishing
2022-07-01,2022,7,34.8,-121.2,USA,drifting_longlines,1.8997,0,1,Drifting Longlines
2022-07-01,2022,7,34.9,-120.9,USA,fishing,0.875,0,1,Fishing
2022-07-01,2022,7,35,-121,USA,trawlers,1.6307,0,2,Trawlers
2022-07-01,2022,7,35.1,-120.8,USA,trawlers,8.3291,0,1,Trawlers
2022-07-01,2022,7,34.1,-120.9,USA,fishing,2.2252,1.9225,1,Fishing
2022-07-01,2022,7,34.2,-120.9,USA,fishing,2.1344,1.5508,1,Fishing
2022-07-01,2022,7,34.3,-120.5,USA,fishing,1.443,0,3,Fishing
2022-07-01,2022,7,34.3,-120.9,USA,pole_and_line,1.4922,1.4922,1,Pole and Line
2022-07-01,2022,7,34.3,-121,USA,pole_and_line,6.0002,6.0002,1,Pole and Line
2022-07-01,2022,7,34.4,-120.8,USA,trawlers,0.2555,0,1,Trawlers
2022-07-01,2022,7,34.4,-120.7,USA,fishing,1.5766,0,2,Fishing
2022-07-01,2022,7,34.4,-120.3,USA,pole_and_line,1.0833,0,1,Pole and Line
2022-07-01,2022,7,34.4,-120.4,USA,trawlers,1.8257,0.0225,2,Trawlers
2022-07-01,2022,7,34.4,-120.4,USA,pole_and_line,5.1916,3.3997,1,Pole and Line
2022-07-01,2022,7,34.4,-120.7,USA,pole_and_line,1.3163,1.3163,1,Pole and Line
2022-07-01,2022,7,34.5,-120.8,USA,trawlers,1.3461,0,1,Trawlers
2022-07-01,2022,7,34.5,-121,USA,trawlers,0.2211,0,1,Trawlers
2022-07-01,2022,7,34.5,-121.1,USA,trawlers,0.5697,0,1,Trawlers
2022-07-01,2022,7,34.6,-121,USA,drifting_longlines,0.9083,0,1,Drifting Longlines
2022-07-01,2022,7,34.6,-120.8,USA,trawlers,2.4514,0.6163,2,Trawlers
2022-07-01,2022,7,34.7,-121,USA,trawlers,2.3433,0.6969,1,Trawlers
2022-07-01,2022,7,34.7,-121.2,USA,trawlers,0.3888,0,1,Trawlers
2022-07-01,2022,7,34.8,-120.8,USA,trawlers,3.1041,0.5561,2,Trawlers
2022-07-01,2022,7,34.8,-121.2,USA,trawlers,0.21,0,1,Trawlers
2022-07-01,2022,7,34.9,-121,USA,trawlers,0.7491,0,1,Trawlers
2022-07-01,2022,7,34.9,-121.4,USA,trawlers,0.9388,0,1,Trawlers
2022-07-01,2022,7,34.9,-120.9,USA,trawlers,2.7047,1.1344,2,Trawlers
2022-07-01,2022,7,35,-120.8,USA,trawlers,2.663,0.8172,1,Trawlers
2022-07-01,2022,7,35,-120.9,USA,trawlers,2.6878,1.9158,2,Trawlers
2022-07-01,2022,7,35,-120.9,USA,fishing,2.5569,0,2,Fishing
2022-08-01,2022,8,34,-121.3,USA,drifting_longlines,0.6916,0,1,Drifting Longlines
2022-08-01,2022,8,34.1,-120.8,USA,drifting_longlines,0.3334,0,1,Drifting Longlines
2022-08-01,2022,8,34.2,-120.7,USA,drifting_longlines,0.9332,0,1,Drifting Longlines
2022-08-01,2022,8,34.2,-120.6,USA,drifting_longlines,0.8248,0,1,Drifting Longlines
2022-08-01,2022,8,34.3,-120.5,USA,fishing,2.2013,0,1,Fishing
2022-08-01,2022,8,34.3,-120.7,USA,pots_and_traps,0.7305,0,1,Pots and Traps
2022-08-01,2022,8,34.3,-120.4,USA,fishing,1.3661,0,1,Fishing
2022-08-01,2022,8,34.4,-120.8,USA,pots_and_traps,0.4419,0,1,Pots and Traps
2022-08-01,2022,8,34.4,-120.3,USA,pole_and_line,1.5252,1.5252,1,Pole and Line
2022-08-01,2022,8,34.4,-120.9,USA,fishing,3.6533,0,1,Fishing
2022-08-01,2022,8,34.4,-120.4,USA,other_purse_seines,1.2833,0,1,Other Purse Seines
2022-08-01,2022,8,34.4,-120.5,USA,other_purse_seines,0.4164,0,1,Other Purse Seines
2022-08-01,2022,8,34.4,-121,USA,pots_and_traps,0.3557,0,1,Pots and Traps
2022-08-01,2022,8,34.5,-121,USA,fishing,3.5838,3.5838,1,Fishing
2022-08-01,2022,8,34.5,-121.1,USA,pots_and_traps,0.1133,0,1,Pots and Traps
2022-08-01,2022,8,34.5,-120.7,USA,fishing,2.0558,0,2,Fishing
2022-08-01,2022,8,34.6,-120.8,USA,fishing,1.523,0,2,Fishing
2022-08-01,2022,8,34.7,-120.9,USA,fishing,0.2916,0,1,Fishing
2022-08-01,2022,8,34.7,-121.2,USA,pots_and_traps,0.7911,0,1,Pots and Traps
2022-08-01,2022,8,34.8,-121.3,USA,pots_and_traps,0.5331,0,1,Pots and Traps
2022-08-01,2022,8,34.9,-121.3,USA,pots_and_traps,1.0419,0,1,Pots and Traps
2022-08-01,2022,8,34.9,-120.8,USA,fishing,0.1009,0,1,Fishing
2022-08-01,2022,8,35,-120.9,USA,fishing,1.0836,0,1,Fishing
2022-08-01,2022,8,35,-121,USA,fishing,0.7833,0,1,Fishing
2022-08-01,2022,8,35,-121.5,USA,pots_and_traps,0.0611,0,1,Pots and Traps
2022-08-01,2022,8,34,-121.4,USA,drifting_longlines,1.0252,0,1,Drifting Longlines
2022-08-01,2022,8,34.1,-121.2,USA,drifting_longlines,0.7742,0,1,Drifting Longlines
2022-08-01,2022,8,34.1,-121,USA,drifting_longlines,0.858,0,1,Drifting Longlines
2022-08-01,2022,8,34.1,-121.1,USA,drifting_longlines,1.0916,0,1,Drifting Longlines
2022-08-01,2022,8,34.3,-120.5,USA,pots_and_traps,0.1908,0,1,Pots and Traps
2022-08-01,2022,8,34.3,-120.8,USA,pots_and_traps,0.4827,0,1,Pots and Traps
2022-08-01,2022,8,34.3,-120.6,USA,fishing,1.3329,0,1,Fishing
2022-08-01,2022,8,34.4,-120.4,USA,pole_and_line,0.3836,0.3836,1,Pole and Line
2022-08-01,2022,8,34.4,-121.1,USA,fishing,11.5414,5.9912,1,Fishing
2022-08-01,2022,8,34.4,-120.8,USA,fishing,1.9802,0,1,Fishing
2022-08-01,2022,8,34.4,-121,USA,fishing,0.9658,0.3244,1,Fishing
2022-08-01,2022,8,34.4,-120,USA,fishing,0.7252,0,1,Fishing
2022-08-01,2022,8,34.4,-120,USA,pole_and_line,1.2988,0,1,Pole and Line
2022-08-01,2022,8,34.5,-121.1,USA,fishing,13.131,12.1487,1,Fishing
2022-08-01,2022,8,34.7,-120.8,USA,fishing,1.4108,0,2,Fishing
2022-08-01,2022,8,34.7,-121.1,USA,pots_and_traps,0.4727,0,1,Pots and Traps
2022-08-01,2022,8,34.8,-120.8,USA,fishing,0.8324,0,1,Fishing
2022-08-01,2022,8,34.8,-120.9,USA,fishing,0.8336,0,1,Fishing
2022-08-01,2022,8,34.8,-121.2,USA,pots_and_traps,0.8754,0,1,Pots and Traps
2022-08-01,2022,8,34.9,-121,USA,fishing,0.5258,0,1,Fishing
2022-08-01,2022,8,34.9,-120.9,USA,fishing,1.2243,0,2,Fishing
2022-08-01,2022,8,34.9,-121.4,USA,pots_and_traps,0.1772,0,1,Pots and Traps
2022-08-01,2022,8,35,-121.4,USA,pots_and_traps,1.1058,0,1,Pots and Traps
2022-08-01,2022,8,35,-121.3,USA,pots_and_traps,0.0916,0,1,Pots and Traps
2022-08-01,2022,8,35,-121.1,USA,fishing,0.0158,0,1,Fishing
2022-08-01,2022,8,34.2,-120.8,USA,drifting_longlines,0.5752,0,1,Drifting Longlines
2022-08-01,2022,8,34.3,-120.9,USA,pots_and_traps,0.3262,0,1,Pots and Traps
2022-08-01,2022,8,34.4,-120.5,USA,fishing,0.835,0,1,Fishing
2022-08-01,2022,8,34.4,-120.4,USA,fishing,0.8077,0,2,Fishing
2022-08-01,2022,8,34.5,-121.2,USA,fishing,0.2016,0.2016,1,Fishing
2022-08-01,2022,8,34.6,-121.1,USA,pots_and_traps,1.1197,0,1,Pots and Traps
2022-08-01,2022,8,34.6,-121,USA,pots_and_traps,0.1494,0,1,Pots and Traps
2022-08-01,2022,8,34.1,-120.9,USA,drifting_longlines,0.9745,0,1,Drifting Longlines
2022-08-01,2022,8,34.1,-121.3,USA,drifting_longlines,0.0921,0,1,Drifting Longlines
2022-08-01,2022,8,34.3,-120.6,USA,pots_and_traps,0.8644,0,1,Pots and Traps
2022-08-01,2022,8,34.4,-120.3,USA,other_purse_seines,0.3011,0,1,Other Purse Seines
2022-08-01,2022,8,34.4,-120.9,USA,pots_and_traps,0.8824,0,1,Pots and Traps
2022-08-01,2022,8,34.4,-120.3,USA,fishing,1.8416,0,2,Fishing
2022-08-01,2022,8,34.4,-120.6,USA,fishing,1.0332,0,2,Fishing
2022-08-01,2022,8,34.4,-120.7,USA,pots_and_traps,0.1972,0,1,Pots and Traps
2022-08-01,2022,8,34.4,-120.7,USA,fishing,1.834,0,2,Fishing
2022-08-01,2022,8,34.5,-120.9,USA,fishing,0.3486,0,1,Fishing
2022-08-01,2022,8,34.5,-121,USA,pots_and_traps,1.1811,0,1,Pots and Traps
2022-08-01,2022,8,34.6,-120.7,USA,fishing,0.2269,0,1,Fishing
2022-09-01,2022,9,34,-120.8,USA,drifting_longlines,1.05,1.05,1,Drifting Longlines
2022-09-01,2022,9,34.2,-121.2,USA,drifting_longlines,1.5331,0,1,Drifting Longlines
2022-09-01,2022,9,34.3,-121.1,USA,drifting_longlines,1.2996,1.2996,1,Drifting Longlines
2022-09-01,2022,9,34.3,-120.5,USA,fishing,0.7413,0,1,Fishing
2022-09-01,2022,9,34.3,-121.4,USA,drifting_longlines,0.5249,0,1,Drifting Longlines
2022-09-01,2022,9,34.4,-120.6,USA,fishing,1.1663,0,1,Fishing
2022-09-01,2022,9,34.4,-120.9,USA,fishing,0.5572,0,1,Fishing
2022-09-01,2022,9,34.4,-121.4,USA,drifting_longlines,2.4248,0,1,Drifting Longlines
2022-09-01,2022,9,34.4,-120.8,USA,fishing,0.6172,0,1,Fishing
2022-09-01,2022,9,34.6,-121.3,USA,drifting_longlines,0.9584,0.9584,1,Drifting Longlines
2022-09-01,2022,9,34.7,-121.4,USA,drifting_longlines,0.8413,0.8413,1,Drifting Longlines
2022-09-01,2022,9,34.8,-121.5,USA,drifting_longlines,0.8166,0.8166,1,Drifting Longlines
2022-09-01,2022,9,34,-121.1,USA,drifting_longlines,0.583,0,1,Drifting Longlines
2022-09-01,2022,9,34.2,-121.1,USA,drifting_longlines,0.5836,0.5836,1,Drifting Longlines
2022-09-01,2022,9,34.2,-121,USA,drifting_longlines,0.5827,0.5827,1,Drifting Longlines
2022-09-01,2022,9,34.3,-120.6,USA,fishing,0.4078,0,1,Fishing
2022-09-01,2022,9,34.5,-121.2,USA,drifting_longlines,13.8998,13.8998,1,Drifting Longlines
2022-09-01,2022,9,34.7,-121.5,USA,drifting_longlines,0.525,0.525,1,Drifting Longlines
2022-09-01,2022,9,34.9,-121.6,USA,drifting_longlines,0.834,0.5419,1,Drifting Longlines
2022-09-01,2022,9,34.9,-121.5,USA,drifting_longlines,2.0993,0.9915,1,Drifting Longlines
2022-09-01,2022,9,34,-120.9,USA,drifting_longlines,0.8836,0.8836,1,Drifting Longlines
2022-09-01,2022,9,34.1,-121.2,USA,drifting_longlines,1.0675,0,1,Drifting Longlines
2022-09-01,2022,9,34.1,-121,USA,drifting_longlines,0.8002,0.8002,1,Drifting Longlines
2022-09-01,2022,9,34.4,-120.4,USA,fishing,7.0557,0,1,Fishing
2022-09-01,2022,9,34.5,-121.2,USA,fishing,3.408,0,1,Fishing
2022-09-01,2022,9,34.5,-121,USA,fishing,1.0833,0,1,Fishing
2022-09-01,2022,9,35,-121.4,USA,drifting_longlines,0.5083,0,1,Drifting Longlines
2022-09-01,2022,9,35,-121.3,USA,drifting_longlines,1.0995,0,1,Drifting Longlines
2022-09-01,2022,9,35,-121.5,USA,drifting_longlines,0.4173,0.4173,1,Drifting Longlines
2022-09-01,2022,9,34.1,-120.9,USA,drifting_longlines,0.6,0.6,1,Drifting Longlines
2022-09-01,2022,9,34.2,-120.6,USA,fishing,0.2508,0,1,Fishing
2022-09-01,2022,9,34.4,-121,USA,fishing,9.8766,0,1,Fishing
2022-09-01,2022,9,34.4,-120.5,USA,fishing,5.5591,0,1,Fishing
2022-09-01,2022,9,34.4,-120.7,USA,fishing,0.8994,0,1,Fishing
2022-09-01,2022,9,34.4,-121.2,USA,drifting_longlines,1.7744,1.7744,1,Drifting Longlines
2022-09-01,2022,9,34.4,-120.3,USA,fishing,1.2349,0,1,Fishing
2022-09-01,2022,9,34.4,-120,USA,fishing,0.9847,0,1,Fishing
2022-09-01,2022,9,34.4,-121.1,USA,drifting_longlines,0.2673,0.2673,1,Drifting Longlines
2022-09-01,2022,9,34.6,-121.4,USA,drifting_longlines,0.4502,0.4502,1,Drifting Longlines
2022-09-01,2022,9,34.8,-121.6,USA,drifting_longlines,5.7841,5.7841,1,Drifting Longlines
2022-10-01,2022,10,34.2,-120.6,USA,trawlers,11.4837,11.3227,1,Trawlers
2022-10-01,2022,10,34.3,-120.6,USA,drifting_longlines,0.5161,0,1,Drifting Longlines
2022-10-01,2022,10,34.3,-121.5,USA,drifting_longlines,5.9663,5.9663,1,Drifting Longlines
2022-10-01,2022,10,34.3,-120.9,USA,trawlers,1.1519,0.913,1,Trawlers
2022-10-01,2022,10,34.3,-120.5,USA,drifting_longlines,0.9085,0,1,Drifting Longlines
2022-10-01,2022,10,34.4,-121.4,USA,drifting_longlines,2.0163,2.0163,1,Drifting Longlines
2022-10-01,2022,10,34.4,-120.4,USA,drifting_longlines,0.8338,0,1,Drifting Longlines
2022-10-01,2022,10,34.4,-120.5,USA,trawlers,10.7661,0.0666,2,Trawlers
2022-10-01,2022,10,34.4,-120.3,USA,other_purse_seines,0.9447,0,2,Other Purse Seines
2022-10-01,2022,10,34.4,-120.6,USA,other_purse_seines,0.4911,0,1,Other Purse Seines
2022-10-01,2022,10,34.4,-120.5,USA,fishing,12.233,0,4,Fishing
2022-10-01,2022,10,34.5,-120.9,USA,trawlers,2.1227,0.8488,2,Trawlers
2022-10-01,2022,10,34.5,-120.8,USA,fishing,0.8506,0,2,Fishing
2022-10-01,2022,10,34.5,-120.7,USA,fishing,2.0824,0,3,Fishing
2022-10-01,2022,10,34.5,-120.6,USA,other_purse_seines,7.7255,0,2,Other Purse Seines
2022-10-01,2022,10,34.5,-120.9,USA,drifting_longlines,1.0574,0,1,Drifting Longlines
2022-10-01,2022,10,34.5,-120.7,USA,trawlers,1.8049,0,2,Trawlers
2022-10-01,2022,10,34.5,-121,USA,drifting_longlines,0.2172,0,1,Drifting Longlines
2022-10-01,2022,10,34.6,-121.2,USA,trawlers,1.1539,0.1472,2,Trawlers
2022-10-01,2022,10,34.6,-120.7,USA,trawlers,0.3758,0,1,Trawlers
2022-10-01,2022,10,34.6,-121.4,USA,drifting_longlines,4.2011,3.9263,1,Drifting Longlines
2022-10-01,2022,10,34.6,-121.3,USA,drifting_longlines,15.2408,14.4655,1,Drifting Longlines
2022-10-01,2022,10,34.6,-121.4,USA,trawlers,0.485,0,1,Trawlers
2022-10-01,2022,10,34.6,-121.1,USA,drifting_longlines,0.5163,0,1,Drifting Longlines
2022-10-01,2022,10,34.6,-120.8,USA,other_purse_seines,0.7751,0,1,Other Purse Seines
2022-10-01,2022,10,34.6,-121.3,USA,trawlers,14.1444,12.2431,2,Trawlers
2022-10-01,2022,10,34.6,-120.9,USA,trawlers,1.1338,0.9541,1,Trawlers
2022-10-01,2022,10,34.7,-120.9,USA,fishing,1.7258,0,3,Fishing
2022-10-01,2022,10,34.7,-121,USA,trawlers,2.5255,1.8582,1,Trawlers
2022-10-01,2022,10,34.7,-120.8,USA,trawlers,1.7613,0,2,Trawlers
2022-10-01,2022,10,34.7,-120.9,USA,trawlers,2.3038,1.3505,1,Trawlers
2022-10-01,2022,10,34.8,-121.2,USA,drifting_longlines,7.2583,1.533,2,Drifting Longlines
2022-10-01,2022,10,34.9,-120.8,USA,trawlers,2.3569,0.2808,2,Trawlers
2022-10-01,2022,10,34.9,-121.3,USA,trawlers,1.9488,1.3347,1,Trawlers
2022-10-01,2022,10,34.9,-121.2,USA,drifting_longlines,10.2234,8.0583,1,Drifting Longlines
2022-10-01,2022,10,34.9,-120.9,USA,fishing,0.3166,0,1,Fishing
2022-10-01,2022,10,35,-120.9,USA,trawlers,1.6999,0,2,Trawlers
2022-10-01,2022,10,35,-121.4,USA,drifting_longlines,0.2336,0,1,Drifting Longlines
2022-10-01,2022,10,35,-121,USA,trawlers,1.9527,1.2544,1,Trawlers
2022-10-01,2022,10,35,-121.2,USA,trawlers,0.9327,0.4158,1,Trawlers
2022-10-01,2022,10,35,-120.8,USA,trawlers,1.6313,0.6719,2,Trawlers
2022-10-01,2022,10,35.1,-120.8,USA,fishing,0.4413,0,1,Fishing
2022-10-01,2022,10,34.2,-120.8,USA,trawlers,0.3186,0,1,Trawlers
2022-10-01,2022,10,34.3,-120.5,USA,fishing,1.6257,0,3,Fishing
2022-10-01,2022,10,34.3,-120.8,USA,trawlers,0.6199,0,1,Trawlers
2022-10-01,2022,10,34.4,-120.9,USA,fishing,1.5591,0,1,Fishing
2022-10-01,2022,10,34.4,-120.7,USA,drifting_longlines,1.45,0,2,Drifting Longlines
2022-10-01,2022,10,34.4,-120.5,USA,drifting_longlines,1.125,0,1,Drifting Longlines
2022-10-01,2022,10,34.4,-120.6,USA,fishing,5.8353,0,4,Fishing
2022-10-01,2022,10,34.4,-120.8,USA,trawlers,0.9333,0,1,Trawlers
2022-10-01,2022,10,34.4,-120.3,USA,drifting_longlines,0.8244,0,1,Drifting Longlines
2022-10-01,2022,10,34.6,-121.1,USA,trawlers,1.0291,0,2,Trawlers
2022-10-01,2022,10,34.6,-120.8,USA,trawlers,0.8627,0,2,Trawlers
2022-10-01,2022,10,34.6,-121.2,USA,drifting_longlines,0.9927,0.9927,1,Drifting Longlines
2022-10-01,2022,10,34.7,-120.8,USA,other_purse_seines,0.5001,0,1,Other Purse Seines
2022-10-01,2022,10,34.7,-121.2,USA,drifting_longlines,1.5247,1.008,2,Drifting Longlines
2022-10-01,2022,10,34.7,-121.1,USA,drifting_longlines,1.8425,1.3336,2,Drifting Longlines
2022-10-01,2022,10,34.7,-120.8,USA,fishing,0.373,0,1,Fishing
2022-10-01,2022,10,34.7,-121.5,USA,trawlers,0.9147,0.7516,1,Trawlers
2022-10-01,2022,10,34.8,-121.1,USA,trawlers,0.1477,0,1,Trawlers
2022-10-01,2022,10,34.8,-121.2,USA,trawlers,3.9248,2.726,2,Trawlers
2022-10-01,2022,10,34.8,-121.3,USA,drifting_longlines,0.3583,0,1,Drifting Longlines
2022-10-01,2022,10,34.8,-121,USA,fishing,0.5186,0,2,Fishing
2022-10-01,2022,10,34.9,-120.9,USA,other_purse_seines,0.7086,0,1,Other Purse Seines
2022-10-01,2022,10,34.9,-121.4,USA,drifting_longlines,0.3994,0,1,Drifting Longlines
2022-10-01,2022,10,34.9,-121.5,USA,trawlers,0.4752,0.1474,1,Trawlers
2022-10-01,2022,10,35,-121.3,USA,trawlers,2.5763,1.7135,2,Trawlers
2022-10-01,2022,10,35,-121.1,USA,trawlers,1.6899,0.5786,1,Trawlers
2022-10-01,2022,10,34.3,-120.6,USA,fishing,0.3583,0,1,Fishing
2022-10-01,2022,10,34.3,-120.4,USA,trawlers,2.3788,0.6002,2,Trawlers
2022-10-01,2022,10,34.4,-120.9,USA,trawlers,1.1511,0.4581,1,Trawlers
2022-10-01,2022,10,34.4,-120.3,USA,fishing,21.4175,0,3,Fishing
2022-10-01,2022,10,34.4,-120.4,USA,other_purse_seines,1.0135,0,2,Other Purse Seines
2022-10-01,2022,10,34.4,-120.8,USA,fishing,1.5113,0,1,Fishing
2022-10-01,2022,10,34.4,-120.5,USA,other_purse_seines,0.5416,0,1,Other Purse Seines
2022-10-01,2022,10,34.4,-120.8,USA,drifting_longlines,0.8991,0,1,Drifting Longlines
2022-10-01,2022,10,34.4,-120.7,USA,trawlers,1.8052,0.7244,2,Trawlers
2022-10-01,2022,10,34.4,-121,USA,trawlers,0.053,0,1,Trawlers
2022-10-01,2022,10,34.4,-121.1,USA,fishing,5.491,0,1,Fishing
2022-10-01,2022,10,34.4,-120.7,USA,fishing,2.2037,0,3,Fishing
2022-10-01,2022,10,34.4,-120.4,USA,fishing,1.7641,0,4,Fishing
2022-10-01,2022,10,34.5,-121,USA,trawlers,1.5191,0.8838,1,Trawlers
2022-10-01,2022,10,34.5,-121.1,USA,fishing,20.9838,12.1763,1,Fishing
2022-10-01,2022,10,34.5,-121.4,USA,drifting_longlines,4.0172,4.0172,1,Drifting Longlines
2022-10-01,2022,10,34.5,-121.2,USA,trawlers,1.4883,1.0852,1,Trawlers
2022-10-01,2022,10,34.5,-120.8,USA,drifting_longlines,0.6841,0,2,Drifting Longlines
2022-10-01,2022,10,34.5,-121.1,USA,trawlers,0.1008,0,1,Trawlers
2022-10-01,2022,10,34.6,-121,USA,trawlers,0.7699,0,2,Trawlers
2022-10-01,2022,10,34.8,-120.9,USA,other_purse_seines,0.666,0,1,Other Purse Seines
2022-10-01,2022,10,34.9,-121,USA,trawlers,4.4997,3.5424,1,Trawlers
2022-10-01,2022,10,34.9,-121.2,USA,trawlers,2.3761,1.42,2,Trawlers
2022-10-01,2022,10,34.9,-121,USA,fishing,2.2069,0,3,Fishing
2022-10-01,2022,10,34.9,-121.4,USA,trawlers,0.7527,0,1,Trawlers
2022-10-01,2022,10,34.9,-121.3,USA,drifting_longlines,0.775,0,1,Drifting Longlines
2022-10-01,2022,10,35,-121.2,USA,drifting_longlines,5.0002,1.3502,1,Drifting Longlines
2022-10-01,2022,10,35,-121.5,USA,trawlers,0.9692,0.1559,1,Trawlers
2022-10-01,2022,10,35,-121,USA,other_purse_seines,2.5263,0,2,Other Purse Seines
2022-10-01,2022,10,34.2,-120.7,USA,trawlers,1.8777,1.7986,1,Trawlers
2022-10-01,2022,10,34.3,-120.5,USA,trawlers,1.1123,0.1833,2,Trawlers
2022-10-01,2022,10,34.3,-120.4,USA,drifting_longlines,0.7914,0,1,Drifting Longlines
2022-10-01,2022,10,34.3,-120.4,USA,fishing,3.6828,0.9583,4,Fishing
2022-10-01,2022,10,34.4,-120,USA,fishing,0.193,0,1,Fishing
2022-10-01,2022,10,34.4,-120.6,USA,trawlers,3.4203,0.9283,2,Trawlers
2022-10-01,2022,10,34.4,-121.5,USA,drifting_longlines,16.1161,16.1161,1,Drifting Longlines
2022-10-01,2022,10,34.4,-120,USA,drifting_longlines,0.8736,0,1,Drifting Longlines
2022-10-01,2022,10,34.4,-121,USA,fishing,1.4083,0,1,Fishing
2022-10-01,2022,10,34.4,-120.6,USA,drifting_longlines,1.2419,0,2,Drifting Longlines
2022-10-01,2022,10,34.5,-120.9,USA,fishing,0.2669,0,1,Fishing
2022-10-01,2022,10,34.5,-120.7,USA,other_purse_seines,1.0246,0,1,Other Purse Seines
2022-10-01,2022,10,34.5,-121,USA,fishing,0.4244,0,1,Fishing
2022-10-01,2022,10,34.5,-120.8,USA,trawlers,1.4016,0,2,Trawlers
2022-10-01,2022,10,34.6,-121,USA,drifting_longlines,3.5247,0,2,Drifting Longlines
2022-10-01,2022,10,34.6,-120.8,USA,fishing,3.2413,0,3,Fishing
2022-10-01,2022,10,34.7,-121.1,USA,trawlers,2.2563,1.4363,1,Trawlers
2022-10-01,2022,10,34.7,-121.4,USA,trawlers,1.7658,0.3527,1,Trawlers
2022-10-01,2022,10,34.7,-121.3,USA,trawlers,1.0852,0,2,Trawlers
2022-10-01,2022,10,34.8,-121.3,USA,trawlers,1.973,0.5025,2,Trawlers
2022-10-01,2022,10,34.8,-121.4,USA,trawlers,0.6525,0.5003,1,Trawlers
2022-10-01,2022,10,34.8,-120.8,USA,trawlers,2.1661,0,2,Trawlers
2022-10-01,2022,10,34.8,-120.9,USA,fishing,1.7494,0,3,Fishing
2022-10-01,2022,10,34.9,-120.9,USA,trawlers,3.2277,1.7111,1,Trawlers
2022-10-01,2022,10,34.9,-121.1,USA,trawlers,6.7858,3.9473,2,Trawlers
2022-10-01,2022,10,35,-121.1,USA,fishing,0.9852,0,1,Fishing
2022-10-01,2022,10,35,-121.4,USA,trawlers,2.0324,0.8511,1,Trawlers
2022-10-01,2022,10,35,-121.5,USA,drifting_longlines,0.8663,0,1,Drifting Longlines
2022-10-01,2022,10,35,-121,USA,fishing,1.5658,0,2,Fishing
2022-10-01,2022,10,35.1,-120.8,USA,trawlers,9.5616,0,1,Trawlers
2022-11-01,2022,11,34.2,-121,USA,fishing,23.5494,22.0713,1,Fishing
2022-11-01,2022,11,34.9,-120.9,USA,other_purse_seines,0.8663,0,1,Other Purse Seines
2022-11-01,2022,11,34.2,-120.8,USA,fishing,1.5402,0,1,Fishing
2022-11-01,2022,11,34.8,-120.8,USA,other_purse_seines,0.5658,0,1,Other Purse Seines
2022-11-01,2022,11,34.2,-120.7,USA,fishing,1.333,0,1,Fishing
2022-11-01,2022,11,34.4,-120.4,USA,other_purse_seines,51.188,30.4427,3,Other Purse Seines
2022-11-01,2022,11,34.4,-120.3,USA,other_purse_seines,7.5938,0,2,Other Purse Seines
2022-11-01,2022,11,34.9,-121.4,USA,drifting_longlines,5.2561,5.2561,1,Drifting Longlines
2022-11-01,2022,11,35,-120.9,USA,other_purse_seines,0.7327,0,1,Other Purse Seines
2022-11-01,2022,11,34.7,-120.8,USA,other_purse_seines,0.8155,0,1,Other Purse Seines
2022-11-01,2022,11,34.5,-120.6,USA,fishing,8.1113,1.3975,1,Fishing
2022-11-01,2022,11,34.2,-120.6,USA,fishing,1.6425,0,1,Fishing
2022-11-01,2022,11,34.5,-120.6,USA,other_purse_seines,1.0486,0,2,Other Purse Seines
2022-11-01,2022,11,34.4,-120.5,USA,other_purse_seines,2.773,0,3,Other Purse Seines
2022-11-01,2022,11,34.4,-120.4,USA,fishing,15.6227,11.1752,1,Fishing
2022-11-01,2022,11,35,-121.4,USA,drifting_longlines,22.3927,17.3436,1,Drifting Longlines
2022-11-01,2022,11,34.1,-121,USA,fishing,2.825,2.258,1,Fishing
2022-11-01,2022,11,34.8,-120.9,USA,other_purse_seines,4.4586,0,1,Other Purse Seines
2022-11-01,2022,11,34.1,-120.9,USA,fishing,0.518,0,1,Fishing
2022-11-01,2022,11,34.6,-120.8,USA,other_purse_seines,0.2736,0,1,Other Purse Seines
2022-11-01,2022,11,34.4,-120.5,USA,fishing,4.6655,0.8502,1,Fishing
2022-11-01,2022,11,34.8,-121.4,USA,drifting_longlines,15.66,7.21,1,Drifting Longlines
2022-11-01,2022,11,35,-121.3,USA,drifting_longlines,7.6425,7.2422,1,Drifting Longlines
2022-11-01,2022,11,34.2,-120.9,USA,fishing,0.7238,0,1,Fishing
2022-11-01,2022,11,34.5,-120.7,USA,other_purse_seines,4.1663,0,2,Other Purse Seines
2022-11-01,2022,11,34.4,-120.6,USA,fishing,0.9261,0,1,Fishing
2022-11-01,2022,11,34.4,-120.6,USA,other_purse_seines,1.9091,0,3,Other Purse Seines
2022-11-01,2022,11,34.3,-120.4,USA,fishing,0.2833,0,1,Fishing
2022-11-01,2022,11,34.4,-120.3,USA,fishing,2.9669,0,1,Fishing
2022-11-01,2022,11,34.4,-120,USA,other_purse_seines,1.0077,0,1,Other Purse Seines
2022-11-01,2022,11,34.4,-120,USA,fishing,1.1152,0.0911,1,Fishing
2022-12-01,2022,12,33.9,-121.1,USA,drifting_longlines,2.6744,0,2,Drifting Longlines
2022-12-01,2022,12,33.9,-121,USA,drifting_longlines,0.7077,0,1,Drifting Longlines
2022-12-01,2022,12,34.2,-120.6,USA,trollers,0.0225,0,1,Trollers
2022-12-01,2022,12,34.3,-120.4,USA,drifting_longlines,0.7855,0,1,Drifting Longlines
2022-12-01,2022,12,34.3,-120.8,USA,trollers,0.7336,0,1,Trollers
2022-12-01,2022,12,34.3,-120.9,USA,trollers,0.7252,0,1,Trollers
2022-12-01,2022,12,34.4,-120.3,USA,fishing,1.9055,0,2,Fishing
2022-12-01,2022,12,34.4,-120,USA,fishing,1.753,0,2,Fishing
2022-12-01,2022,12,34.4,-120.5,USA,fishing,22.7997,0,3,Fishing
2022-12-01,2022,12,34.4,-121,USA,fishing,0.55,0,1,Fishing
2022-12-01,2022,12,34.4,-120.9,USA,trollers,0.0858,0,1,Trollers
2022-12-01,2022,12,34.4,-120.6,USA,other_purse_seines,0.8252,0,2,Other Purse Seines
2022-12-01,2022,12,34.5,-120.7,USA,other_purse_seines,1.6816,0,2,Other Purse Seines
2022-12-01,2022,12,34.5,-120.9,USA,fishing,0.53,0,1,Fishing
2022-12-01,2022,12,34.5,-120.8,USA,fishing,0.6925,0,1,Fishing
2022-12-01,2022,12,34.6,-121,USA,fishing,0.2675,0,1,Fishing
2022-12-01,2022,12,34.6,-120.9,USA,fishing,0.6016,0,1,Fishing
2022-12-01,2022,12,34.6,-120.8,USA,fishing,0.8952,0,1,Fishing
2022-12-01,2022,12,34.7,-120.8,USA,other_purse_seines,0.9247,0,2,Other Purse Seines
2022-12-01,2022,12,34.7,-120.8,USA,fishing,1.0038,0,1,Fishing
2022-12-01,2022,12,34.7,-121.1,USA,fishing,0.0163,0,1,Fishing
2022-12-01,2022,12,34.8,-121.3,USA,trollers,0.9836,0,1,Trollers
2022-12-01,2022,12,34.9,-121.2,USA,fishing,1.6527,0,1,Fishing
2022-12-01,2022,12,34.9,-121,USA,fishing,0.6252,0,1,Fishing
2022-12-01,2022,12,35,-121.1,USA,fishing,0.5336,0,1,Fishing
2022-12-01,2022,12,35,-121.3,USA,fishing,0.8411,0,1,Fishing
2022-12-01,2022,12,34.3,-120.5,USA,drifting_longlines,0.7852,0,1,Drifting Longlines
2022-12-01,2022,12,34.3,-120.5,USA,fishing,0.6055,0,1,Fishing
2022-12-01,2022,12,34.3,-120.7,USA,trollers,0.638,0,1,Trollers
2022-12-01,2022,12,34.4,-120.6,USA,fishing,2.2544,0,3,Fishing
2022-12-01,2022,12,34.4,-120.5,USA,other_purse_seines,1.3491,0,2,Other Purse Seines
2022-12-01,2022,12,34.4,-120.8,USA,fishing,5.6047,0,2,Fishing
2022-12-01,2022,12,34.5,-120.7,USA,fishing,0.9894,0,1,Fishing
2022-12-01,2022,12,34.6,-120.7,USA,other_purse_seines,0.2341,0,1,Other Purse Seines
2022-12-01,2022,12,34.6,-121.2,USA,trollers,0.2661,0,1,Trollers
2022-12-01,2022,12,34.6,-121.1,USA,trollers,0.6869,0,1,Trollers
2022-12-01,2022,12,34.6,-120.7,USA,fishing,0.0394,0,1,Fishing
2022-12-01,2022,12,34.7,-121.2,USA,trollers,1.0022,0,1,Trollers
2022-12-01,2022,12,34.8,-121.1,USA,fishing,1.2122,0,1,Fishing
2022-12-01,2022,12,34.8,-120.8,USA,fishing,0.3002,0,1,Fishing
2022-12-01,2022,12,34.9,-121.4,USA,trollers,0.6733,0,1,Trollers
2022-12-01,2022,12,35,-121.3,USA,drifting_longlines,1.8672,0,1,Drifting Longlines
2022-12-01,2022,12,35,-121.5,USA,trollers,0.3161,0,1,Trollers
2022-12-01,2022,12,33.9,-121.3,USA,drifting_longlines,1.663,0,2,Drifting Longlines
2022-12-01,2022,12,34.4,-120.3,USA,other_purse_seines,0.3591,0,2,Other Purse Seines
2022-12-01,2022,12,34.4,-121.1,USA,fishing,0.6925,0.6925,1,Fishing
2022-12-01,2022,12,34.4,-120.4,USA,other_purse_seines,0.858,0,2,Other Purse Seines
2022-12-01,2022,12,34.4,-121,USA,trollers,0.9572,0,1,Trollers
2022-12-01,2022,12,34.5,-120.6,USA,other_purse_seines,0.3077,0,1,Other Purse Seines
2022-12-01,2022,12,34.5,-121,USA,fishing,1.8172,1.35,1,Fishing
2022-12-01,2022,12,34.5,-121.1,USA,trollers,0.6522,0,1,Trollers
2022-12-01,2022,12,34.5,-121,USA,trollers,0.4347,0,1,Trollers
2022-12-01,2022,12,34.6,-120.8,USA,other_purse_seines,1.1741,0,2,Other Purse Seines
2022-12-01,2022,12,34.7,-121,USA,fishing,1.0969,0,1,Fishing
2022-12-01,2022,12,34.8,-120.9,USA,other_purse_seines,1.5655,0,2,Other Purse Seines
2022-12-01,2022,12,34.8,-120.9,USA,fishing,0.7022,0,1,Fishing
2022-12-01,2022,12,34.8,-121.6,USA,drifting_longlines,1.6922,0,1,Drifting Longlines
2022-12-01,2022,12,34.9,-121,USA,other_purse_seines,1.0997,0,2,Other Purse Seines
2022-12-01,2022,12,34.9,-121.3,USA,trollers,0.3169,0,1,Trollers
2022-12-01,2022,12,35,-121.4,USA,trollers,0.6402,0,1,Trollers
2022-12-01,2022,12,35,-121,USA,fishing,0.5513,0,1,Fishing
2022-12-01,2022,12,33.9,-121.2,USA,drifting_longlines,0.5494,0,1,Drifting Longlines
2022-12-01,2022,12,34.3,-120.6,USA,drifting_longlines,0.2619,0,1,Drifting Longlines
2022-12-01,2022,12,34.3,-120.6,USA,trollers,0.803,0,1,Trollers
2022-12-01,2022,12,34.3,-120.4,USA,fishing,0.7472,0,1,Fishing
2022-12-01,2022,12,34.4,-120.7,USA,fishing,2.2058,0,3,Fishing
2022-12-01,2022,12,34.4,-120.4,USA,fishing,2.4263,0,2,Fishing
2022-12-01,2022,12,34.4,-120.9,USA,fishing,0.5477,0,1,Fishing
2022-12-01,2022,12,34.5,-121.1,USA,fishing,14.4063,12.063,1,Fishing
2022-12-01,2022,12,34.7,-120.9,USA,other_purse_seines,0.583,0,2,Other Purse Seines
2022-12-01,2022,12,34.9,-121.5,USA,drifting_longlines,1.1819,0,1,Drifting Longlines
2022-12-01,2022,12,34.9,-120.9,USA,fishing,0.6547,0,1,Fishing
2022-12-01,2022,12,35,-121.4,USA,drifting_longlines,0.3175,0,1,Drifting Longlines
2022-12-01,2022,12,35,-121,USA,other_purse_seines,0.7158,0,1,Other Purse Seines
2022-12-01,2022,12,35,-121.1,USA,other_purse_seines,0.6744,0,1,Other Purse Seines
2023-01-01,2023,1,34.4,-121,USA,fishing,0.5247,0,1,Fishing
2023-01-01,2023,1,34.4,-120.5,USA,fishing,4.3511,0,3,Fishing
2023-01-01,2023,1,34.5,-120.7,USA,fishing,1.708,0,1,Fishing
2023-01-01,2023,1,34.5,-121.1,USA,fishing,31.5388,22.2275,2,Fishing
2023-01-01,2023,1,34.5,-121,USA,fishing,0.9211,0,1,Fishing
2023-01-01,2023,1,34.8,-120.9,USA,fishing,2.0919,0,1,Fishing
2023-01-01,2023,1,34.9,-120.9,USA,fishing,0.7983,0,1,Fishing
2023-01-01,2023,1,34.3,-121,USA,fishing,7.9291,0,1,Fishing
2023-01-01,2023,1,34.3,-120.8,USA,fishing,0,0,1,Fishing
2023-01-01,2023,1,34.4,-120.3,USA,fishing,1.3516,0,2,Fishing
2023-01-01,2023,1,34.4,-120.6,USA,fishing,2.0413,0,2,Fishing
2023-01-01,2023,1,35,-120.9,USA,fishing,0.6172,0,1,Fishing
2023-01-01,2023,1,34.4,-120.9,USA,fishing,0.3908,0,1,Fishing
2023-01-01,2023,1,34.4,-121.1,USA,fishing,3.5674,1.368,1,Fishing
2023-01-01,2023,1,34.4,-120.8,USA,fishing,1.4266,0,2,Fishing
2023-01-01,2023,1,34.4,-120.4,USA,fishing,0.64,0,2,Fishing
2023-01-01,2023,1,34.4,-120,USA,fishing,0.1002,0,1,Fishing
2023-01-01,2023,1,34.5,-120.9,USA,fishing,0.1094,0,1,Fishing
2023-02-01,2023,2,34.5,-120.7,USA,other_purse_seines,0.3072,0,1,Other Purse Seines
2023-02-01,2023,2,34.4,-120.4,USA,other_purse_seines,0,0,1,Other Purse Seines
2023-02-01,2023,2,34.8,-120.9,USA,other_purse_seines,1.3513,0,1,Other Purse Seines
2023-02-01,2023,2,34.4,-120.6,USA,other_purse_seines,0.7336,0,1,Other Purse Seines
2023-02-01,2023,2,34.4,-120.5,USA,other_purse_seines,0.543,0,1,Other Purse Seines
2023-02-01,2023,2,34.6,-120.8,USA,other_purse_seines,1.4583,0,1,Other Purse Seines
2023-02-01,2023,2,34.9,-121,USA,other_purse_seines,0.2663,0,1,Other Purse Seines
2023-02-01,2023,2,34.9,-120.9,USA,other_purse_seines,0.5319,0,1,Other Purse Seines
2023-02-01,2023,2,34.5,-121.1,USA,fishing,1.3638,0.2527,1,Fishing
2023-02-01,2023,2,35,-121,USA,other_purse_seines,0.8425,0,1,Other Purse Seines
2023-03-01,2023,3,34.5,-121.1,USA,fishing,22.8455,0,1,Fishing
2023-03-01,2023,3,35,-121,USA,other_purse_seines,1.758,0,1,Other Purse Seines
2023-03-01,2023,3,35,-120.8,USA,other_purse_seines,0.5594,0,1,Other Purse Seines
2023-03-01,2023,3,34.6,-120.7,USA,other_purse_seines,0.3916,0,1,Other Purse Seines
2023-03-01,2023,3,34.9,-120.9,USA,other_purse_seines,1.3494,0,1,Other Purse Seines
2023-03-01,2023,3,34.3,-120.9,USA,fishing,22.4899,0,1,Fishing
2023-03-01,2023,3,34.9,-120.8,USA,other_purse_seines,2.5988,0,1,Other Purse Seines
2023-03-01,2023,3,34.5,-120.7,USA,other_purse_seines,1.4413,0,2,Other Purse Seines
2023-03-01,2023,3,34.5,-120.7,USA,pole_and_line,0.8327,0,1,Pole and Line
2023-03-01,2023,3,34.4,-120.5,USA,other_purse_seines,0.5494,0,1,Other Purse Seines
2023-03-01,2023,3,34.3,-120.4,USA,other_purse_seines,0.7833,0,1,Other Purse Seines
2023-03-01,2023,3,34.3,-120.4,USA,pole_and_line,0.6086,0,1,Pole and Line
2023-03-01,2023,3,35,-121,USA,pole_and_line,2.6,0,1,Pole and Line
2023-03-01,2023,3,34.3,-120.8,USA,fishing,1.5516,0.9988,1,Fishing
2023-03-01,2023,3,34.5,-120.8,USA,other_purse_seines,0.343,0,1,Other Purse Seines
2023-03-01,2023,3,34.3,-120.7,USA,fishing,0.3002,0,1,Fishing
2023-03-01,2023,3,34.4,-120.7,USA,other_purse_seines,0.2916,0,1,Other Purse Seines
2023-03-01,2023,3,34.3,-120.6,USA,pole_and_line,0.2002,0,1,Pole and Line
2023-03-01,2023,3,34.4,-120.6,USA,other_purse_seines,1.9486,0,2,Other Purse Seines
2023-03-01,2023,3,34.4,-120.6,USA,pole_and_line,0.5327,0,1,Pole and Line
2023-03-01,2023,3,34.3,-120.5,USA,pole_and_line,0.7005,0,1,Pole and Line
2023-03-01,2023,3,34.3,-120.5,USA,other_purse_seines,0.3016,0,1,Other Purse Seines
2023-03-01,2023,3,34.4,-120.4,USA,other_purse_seines,0.9261,0,1,Other Purse Seines
2023-03-01,2023,3,34.4,-120.4,USA,fishing,10.2966,0,1,Fishing
2023-03-01,2023,3,34.7,-120.9,USA,other_purse_seines,0.6261,0,1,Other Purse Seines
2023-03-01,2023,3,34.6,-120.8,USA,pole_and_line,0.55,0,1,Pole and Line
2023-03-01,2023,3,34.6,-120.8,USA,other_purse_seines,1.2994,0,1,Other Purse Seines
2023-03-01,2023,3,34.4,-120.3,USA,fishing,1.0911,0,2,Fishing
2023-04-01,2023,4,34.4,-120.4,USA,other_purse_seines,0.1091,0,1,Other Purse Seines
2023-04-01,2023,4,34.5,-121.2,USA,fishing,2.158,0.4419,1,Fishing
2023-04-01,2023,4,34.9,-120.7,USA,other_purse_seines,0.0511,0,1,Other Purse Seines
2023-04-01,2023,4,34.4,-120.6,USA,other_purse_seines,0.598,0,1,Other Purse Seines
2023-04-01,2023,4,34.4,-120.6,USA,fishing,2.0736,0,2,Fishing
2023-04-01,2023,4,34.4,-121.1,USA,fishing,0.4916,0.4661,1,Fishing
2023-04-01,2023,4,34.4,-120.8,USA,fishing,0.868,0,1,Fishing
2023-04-01,2023,4,34.4,-120,USA,fishing,0.1661,0,1,Fishing
2023-04-01,2023,4,34.5,-120.6,USA,other_purse_seines,0.7511,0,1,Other Purse Seines
2023-04-01,2023,4,35.1,-120.8,USA,other_purse_seines,2.175,0,1,Other Purse Seines
2023-04-01,2023,4,34.3,-120.4,USA,other_purse_seines,0.6902,0,1,Other Purse Seines
2023-04-01,2023,4,34.4,-120.5,USA,other_purse_seines,0.2338,0,1,Other Purse Seines
2023-04-01,2023,4,34.4,-120.3,USA,fishing,9.9247,0,1,Fishing
2023-04-01,2023,4,34.5,-121.1,USA,fishing,29.5977,14.1713,2,Fishing
2023-04-01,2023,4,34.5,-120.7,USA,fishing,2.9902,0,1,Fishing
2023-04-01,2023,4,34.8,-120.7,USA,other_purse_seines,0.9391,0,1,Other Purse Seines
2023-04-01,2023,4,34.4,-120.7,USA,fishing,0.25,0,1,Fishing
2023-04-01,2023,4,34.4,-120.4,USA,fishing,0.3019,0,1,Fishing
2023-04-01,2023,4,34.4,-120.5,USA,fishing,22.2752,0,2,Fishing
2023-04-01,2023,4,34.5,-120.7,USA,other_purse_seines,0.4911,0,1,Other Purse Seines
2023-04-01,2023,4,34.7,-120.7,USA,other_purse_seines,1.3522,0,1,Other Purse Seines
2023-05-01,2023,5,34.7,-121.5,USA,drifting_longlines,0.338,0,1,Drifting Longlines
2023-05-01,2023,5,34.4,-121.1,USA,fishing,1.018,0,1,Fishing
2023-05-01,2023,5,34.5,-120.6,USA,other_purse_seines,0.375,0,1,Other Purse Seines
2023-05-01,2023,5,34.4,-120,USA,fixed_gear,0.1694,0,1,Fixed Gear
2023-05-01,2023,5,34.9,-121.6,USA,fishing,0.4097,0,1,Fishing
2023-05-01,2023,5,34.8,-121.6,USA,drifting_longlines,0.0388,0,1,Drifting Longlines
2023-05-01,2023,5,34.9,-121.6,USA,drifting_longlines,1.0361,0,1,Drifting Longlines
2023-05-01,2023,5,34.6,-121.4,USA,drifting_longlines,0.2444,0,1,Drifting Longlines
2023-05-01,2023,5,34.7,-121.4,USA,drifting_longlines,0.6819,0,1,Drifting Longlines
2023-05-01,2023,5,34.5,-121.2,USA,drifting_longlines,0.6138,0,1,Drifting Longlines
2023-05-01,2023,5,34.5,-121.2,USA,fishing,8.6333,7.1891,2,Fishing
2023-05-01,2023,5,35,-121.1,USA,pole_and_line,0.4675,0,1,Pole and Line
2023-05-01,2023,5,34.9,-121,USA,fixed_gear,0.5508,0,1,Fixed Gear
2023-05-01,2023,5,34.1,-120.9,USA,drifting_longlines,0.6702,0,1,Drifting Longlines
2023-05-01,2023,5,34.7,-120.9,USA,fixed_gear,0.1694,0,1,Fixed Gear
2023-05-01,2023,5,34.9,-120.9,USA,fixed_gear,0.0752,0,1,Fixed Gear
2023-05-01,2023,5,34,-120.8,USA,fishing,0.4624,0,1,Fishing
2023-05-01,2023,5,34.4,-120.5,USA,pole_and_line,1.3177,0,1,Pole and Line
2023-05-01,2023,5,34.4,-120.3,USA,fishing,0.1741,0,1,Fishing
2023-05-01,2023,5,34.6,-121.2,USA,fishing,0.7469,0,1,Fishing
2023-05-01,2023,5,34.3,-121.1,USA,drifting_longlines,0.4224,0,1,Drifting Longlines
2023-05-01,2023,5,35,-121.1,USA,other_purse_seines,0.8155,0,1,Other Purse Seines
2023-05-01,2023,5,34.8,-121,USA,pole_and_line,0.7513,0,1,Pole and Line
2023-05-01,2023,5,34.9,-121,USA,other_purse_seines,1.0319,0,1,Other Purse Seines
2023-05-01,2023,5,34.7,-120.9,USA,pole_and_line,0.3405,0,1,Pole and Line
2023-05-01,2023,5,34.7,-120.8,USA,fixed_gear,0.3394,0,1,Fixed Gear
2023-05-01,2023,5,34.4,-120.6,USA,fixed_gear,0.3299,0,1,Fixed Gear
2023-05-01,2023,5,34.4,-120.6,USA,other_purse_seines,0.425,0,1,Other Purse Seines
2023-05-01,2023,5,34.3,-120.5,USA,pole_and_line,0.3161,0,1,Pole and Line
2023-05-01,2023,5,34.3,-120.4,USA,other_purse_seines,0.2908,0,1,Other Purse Seines
2023-05-01,2023,5,34.4,-120.4,USA,fishing,0.5661,0,1,Fishing
2023-05-01,2023,5,34.9,-121.5,USA,fishing,1.0772,0,1,Fishing
2023-05-01,2023,5,34.8,-121.5,USA,drifting_longlines,0.9975,0,1,Drifting Longlines
2023-05-01,2023,5,34.8,-121.4,USA,fishing,1.0827,0,1,Fishing
2023-05-01,2023,5,34.6,-121.3,USA,drifting_longlines,0.7777,0,1,Drifting Longlines
2023-05-01,2023,5,34.5,-121.3,USA,drifting_longlines,0.4577,0,1,Drifting Longlines
2023-05-01,2023,5,34.9,-121.1,USA,pole_and_line,0.5905,0,1,Pole and Line
2023-05-01,2023,5,34.4,-121.1,USA,drifting_longlines,0.7277,0,1,Drifting Longlines
2023-05-01,2023,5,34.3,-121,USA,fishing,1.1091,0,1,Fishing
2023-05-01,2023,5,35,-121,USA,fixed_gear,0.4702,0,1,Fixed Gear
2023-05-01,2023,5,34.8,-120.9,USA,other_purse_seines,1.1227,0,1,Other Purse Seines
2023-05-01,2023,5,34.2,-120.9,USA,fishing,1.1491,0,1,Fishing
2023-05-01,2023,5,34.1,-120.9,USA,fishing,0.3474,0,1,Fishing
2023-05-01,2023,5,34.3,-120.9,USA,fishing,0.0608,0,1,Fishing
2023-05-01,2023,5,34.5,-120.8,USA,pole_and_line,1.3327,0,1,Pole and Line
2023-05-01,2023,5,34.6,-120.8,USA,fixed_gear,0.6247,0,1,Fixed Gear
2023-05-01,2023,5,34.5,-120.8,USA,fixed_gear,0.0711,0,1,Fixed Gear
2023-05-01,2023,5,34.5,-120.7,USA,other_purse_seines,0.7011,0,1,Other Purse Seines
2023-05-01,2023,5,34.5,-120.6,USA,fixed_gear,0.0155,0,1,Fixed Gear
2023-05-01,2023,5,34.7,-121.4,USA,fishing,0.4244,0,1,Fishing
2023-05-01,2023,5,34.7,-121.3,USA,fishing,1.11,0,1,Fishing
2023-05-01,2023,5,34.2,-121,USA,drifting_longlines,0.5727,0,1,Drifting Longlines
2023-05-01,2023,5,34.7,-120.8,USA,other_purse_seines,0.4586,0,1,Other Purse Seines
2023-05-01,2023,5,34.1,-120.8,USA,fishing,0.883,0,1,Fishing
2023-05-01,2023,5,34.4,-120.5,USA,fixed_gear,0.5125,0,1,Fixed Gear
2023-05-01,2023,5,34.4,-120.5,USA,fishing,18.5344,0,1,Fishing
2023-05-01,2023,5,34.4,-120.4,USA,fixed_gear,0.5413,0,1,Fixed Gear
2023-05-01,2023,5,34.4,-120.3,USA,fixed_gear,0.475,0,1,Fixed Gear
2023-05-01,2023,5,34.4,-120,USA,fishing,0.1719,0,1,Fishing
2023-05-01,2023,5,34.8,-121.5,USA,fishing,0.4394,0,1,Fishing
2023-05-01,2023,5,34.6,-121.3,USA,fishing,0.4669,0,1,Fishing
2023-05-01,2023,5,34.4,-121.2,USA,drifting_longlines,0.4361,0,1,Drifting Longlines
2023-05-01,2023,5,35,-121.2,USA,pole_and_line,0.9505,0,1,Pole and Line
2023-05-01,2023,5,34.5,-121.1,USA,fishing,37.8952,12.0699,2,Fishing
2023-05-01,2023,5,34.4,-121,USA,fishing,0.4458,0,1,Fishing
2023-05-01,2023,5,34.3,-121,USA,drifting_longlines,0.5911,0,1,Drifting Longlines
2023-05-01,2023,5,34.8,-120.9,USA,fixed_gear,0.623,0,1,Fixed Gear
2023-05-01,2023,5,34.2,-120.9,USA,drifting_longlines,0.4822,0,1,Drifting Longlines
2023-05-01,2023,5,34,-120.8,USA,drifting_longlines,0.783,0,1,Drifting Longlines
2023-05-01,2023,5,34.1,-120.8,USA,drifting_longlines,0.383,0,1,Drifting Longlines
2023-05-01,2023,5,34.6,-120.8,USA,other_purse_seines,0.7647,0,1,Other Purse Seines
2023-05-01,2023,5,34.5,-120.7,USA,fixed_gear,0.6036,0,1,Fixed Gear
2023-05-01,2023,5,34.4,-120.5,USA,other_purse_seines,1.0577,0,1,Other Purse Seines
2023-06-01,2023,6,34.3,-120.5,USA,drifting_longlines,0.2688,0,1,Drifting Longlines
2023-06-01,2023,6,34.4,-120.6,USA,fishing,0.6002,0,1,Fishing
2023-06-01,2023,6,34.4,-121,USA,drifting_longlines,0.65,0,1,Drifting Longlines
2023-06-01,2023,6,34.5,-121.3,USA,drifting_longlines,0.9008,0,1,Drifting Longlines
2023-06-01,2023,6,34.9,-121,USA,fishing,0.7827,0,1,Fishing
2023-06-01,2023,6,34.5,-121.2,USA,drifting_longlines,0.2922,0,1,Drifting Longlines
2023-06-01,2023,6,34.8,-121,USA,fishing,0.4833,0,1,Fishing
2023-06-01,2023,6,34.7,-120.9,USA,fishing,0.7772,0,1,Fishing
2023-06-01,2023,6,34.4,-120.8,USA,drifting_longlines,0.8505,0,1,Drifting Longlines
2023-06-01,2023,6,34.7,-120.8,USA,fishing,0.2155,0,1,Fishing
2023-06-01,2023,6,34.4,-120.7,USA,drifting_longlines,0.465,0,1,Drifting Longlines
2023-06-01,2023,6,34.3,-120.4,USA,fishing,0.083,0,1,Fishing
2023-06-01,2023,6,34.3,-120.4,USA,drifting_longlines,0.4527,0,1,Drifting Longlines
2023-06-01,2023,6,34.3,-120.7,USA,drifting_longlines,1.3744,0,1,Drifting Longlines
2023-06-01,2023,6,34.4,-120.9,USA,drifting_longlines,0.6844,0,1,Drifting Longlines
2023-06-01,2023,6,34.4,-120.5,USA,fishing,0.7838,0,1,Fishing
2023-06-01,2023,6,34.5,-121.1,USA,drifting_longlines,0.7577,0,1,Drifting Longlines
2023-06-01,2023,6,34.5,-121.4,USA,drifting_longlines,0.7997,0,1,Drifting Longlines
2023-06-01,2023,6,34.6,-121.5,USA,drifting_longlines,0.565,0,1,Drifting Longlines
2023-06-01,2023,6,34.8,-120.9,USA,fishing,0.4325,0,1,Fishing
2023-06-01,2023,6,34.9,-121.1,USA,fishing,0.098,0,1,Fishing
2023-06-01,2023,6,35,-121.1,USA,fishing,1.0766,0,1,Fishing
2023-06-01,2023,6,34.5,-120.8,USA,fishing,0.0894,0,1,Fishing
2023-06-01,2023,6,34.6,-120.8,USA,fishing,0.8933,0,1,Fishing
2023-06-01,2023,6,35.1,-120.8,USA,trollers,2.0572,0,1,Trollers
2023-06-01,2023,6,34.5,-120.7,USA,fishing,1.0163,0,1,Fishing
2023-06-01,2023,6,34.4,-120.4,USA,fishing,0.3005,0,1,Fishing
2023-07-01,2023,7,34.1,-120.7,USA,trawlers,1.2416,1.1719,2,Trawlers
2023-07-01,2023,7,34.2,-120.6,USA,trollers,0.0991,0,1,Trollers
2023-07-01,2023,7,34.2,-120.6,USA,fishing,0.0752,0,1,Fishing
2023-07-01,2023,7,34.3,-120.8,USA,trawlers,1.4213,1.1075,2,Trawlers
2023-07-01,2023,7,34.3,-120.4,USA,fishing,2.6566,0,4,Fishing
2023-07-01,2023,7,34.3,-120.6,USA,trawlers,2.6275,2.3377,2,Trawlers
2023-07-01,2023,7,34.3,-120.5,USA,fishing,1.3666,0,2,Fishing
2023-07-01,2023,7,34.3,-120.7,USA,trollers,0.6675,0,1,Trollers
2023-07-01,2023,7,34.3,-120.5,USA,trawlers,2.9741,2.7722,2,Trawlers
2023-07-01,2023,7,34.3,-120.7,USA,fishing,1.0813,0,2,Fishing
2023-07-01,2023,7,34.3,-120.9,USA,fishing,0.268,0,1,Fishing
2023-07-01,2023,7,34.3,-120.6,USA,trollers,0.7097,0,1,Trollers
2023-07-01,2023,7,34.4,-120.9,USA,fishing,0.5141,0,1,Fishing
2023-07-01,2023,7,34.4,-120.3,USA,other_purse_seines,1.2897,0,1,Other Purse Seines
2023-07-01,2023,7,34.4,-120.7,USA,fishing,1.8422,0,3,Fishing
2023-07-01,2023,7,34.4,-121.2,USA,fishing,3.1425,3.1425,1,Fishing
2023-07-01,2023,7,34.4,-120.5,USA,trawlers,12.0861,3.4427,2,Trawlers
2023-07-01,2023,7,34.4,-120.6,USA,other_purse_seines,1.7644,0,1,Other Purse Seines
2023-07-01,2023,7,34.4,-120.9,USA,other_purse_seines,0.8477,0.8477,1,Other Purse Seines
2023-07-01,2023,7,34.4,-120.9,USA,trollers,0.0602,0,1,Trollers
2023-07-01,2023,7,34.4,-120,USA,fishing,19.2197,10.7016,3,Fishing
2023-07-01,2023,7,34.5,-120.6,USA,other_purse_seines,0.0775,0,1,Other Purse Seines
2023-07-01,2023,7,34.5,-120.8,USA,fishing,1.6938,0,2,Fishing
2023-07-01,2023,7,34.5,-120.6,USA,fishing,2.3408,0,4,Fishing
2023-07-01,2023,7,34.5,-120.9,USA,fishing,1.108,0,1,Fishing
2023-07-01,2023,7,34.5,-121,USA,trawlers,0.5869,0.0536,1,Trawlers
2023-07-01,2023,7,34.5,-121.1,USA,trollers,0.5219,0,1,Trollers
2023-07-01,2023,7,34.6,-121.1,USA,fishing,0.9227,0,1,Fishing
2023-07-01,2023,7,34.6,-120.9,USA,trawlers,3.2608,1.675,2,Trawlers
2023-07-01,2023,7,34.6,-121.2,USA,trollers,0.1191,0,1,Trollers
2023-07-01,2023,7,34.7,-120.8,USA,other_purse_seines,0.0497,0,1,Other Purse Seines
2023-07-01,2023,7,34.7,-121.3,USA,trawlers,3.7819,2.9636,2,Trawlers
2023-07-01,2023,7,34.7,-120.8,USA,trawlers,5.7847,5.3122,2,Trawlers
2023-07-01,2023,7,34.7,-120.7,USA,trawlers,0.3022,0,1,Trawlers
2023-07-01,2023,7,34.8,-121.3,USA,fishing,0.5108,0,1,Fishing
2023-07-01,2023,7,34.8,-121.1,USA,fishing,2.8194,0,3,Fishing
2023-07-01,2023,7,34.8,-121.3,USA,trawlers,0.8133,0,1,Trawlers
2023-07-01,2023,7,34.9,-121.2,USA,trawlers,1.0847,1.0847,1,Trawlers
2023-07-01,2023,7,34.9,-121,USA,other_purse_seines,1.6341,0.7647,1,Other Purse Seines
2023-07-01,2023,7,34.9,-121.3,USA,trollers,0.2561,0,1,Trollers
2023-07-01,2023,7,34.9,-121.3,USA,trawlers,2.8108,2.5311,2,Trawlers
2023-07-01,2023,7,35,-121.5,USA,fishing,0.3708,0,1,Fishing
2023-07-01,2023,7,35,-121.2,USA,other_purse_seines,0.2788,0.2788,1,Other Purse Seines
2023-07-01,2023,7,35,-121.5,USA,trawlers,0.723,0,1,Trawlers
2023-07-01,2023,7,35,-121.2,USA,fishing,1.6283,0,2,Fishing
2023-07-01,2023,7,35,-121,USA,trawlers,4.218,3.8161,1,Trawlers
2023-07-01,2023,7,35,-121.4,USA,trawlers,1.3238,1.3238,1,Trawlers
2023-07-01,2023,7,35.1,-120.8,USA,trawlers,0.7586,0,1,Trawlers
2023-07-01,2023,7,34.1,-120.8,USA,trawlers,1.3002,1.3002,1,Trawlers
2023-07-01,2023,7,34.2,-120.8,USA,trawlers,0.0672,0.0672,1,Trawlers
2023-07-01,2023,7,34.2,-120.6,USA,trawlers,2.0297,0.8516,1,Trawlers
2023-07-01,2023,7,34.3,-120.8,USA,fishing,0.7725,0,1,Fishing
2023-07-01,2023,7,34.4,-120,USA,other_purse_seines,1.2222,0,1,Other Purse Seines
2023-07-01,2023,7,34.4,-120.3,USA,fishing,13.175,7.4016,4,Fishing
2023-07-01,2023,7,34.4,-120.6,USA,fishing,3.9027,0,6,Fishing
2023-07-01,2023,7,34.4,-120.8,USA,other_purse_seines,0.0436,0.0436,1,Other Purse Seines
2023-07-01,2023,7,34.4,-120.6,USA,trawlers,3.1908,0.3088,2,Trawlers
2023-07-01,2023,7,34.5,-121.1,USA,fishing,0.6236,0.6236,1,Fishing
2023-07-01,2023,7,34.5,-120.7,USA,other_purse_seines,1.4255,0,1,Other Purse Seines
2023-07-01,2023,7,34.5,-120.7,USA,fishing,2.0452,0,4,Fishing
2023-07-01,2023,7,34.5,-120.6,USA,trawlers,0.0838,0,1,Trawlers
2023-07-01,2023,7,34.5,-121.4,USA,trawlers,0.3441,0.2072,1,Trawlers
2023-07-01,2023,7,34.5,-120.8,USA,other_purse_seines,4.188,2.6675,1,Other Purse Seines
2023-07-01,2023,7,34.5,-121.1,USA,trawlers,0.5638,0,1,Trawlers
2023-07-01,2023,7,34.5,-121,USA,fishing,0.7755,0,1,Fishing
2023-07-01,2023,7,34.5,-121,USA,trollers,0.2722,0,1,Trollers
2023-07-01,2023,7,34.5,-121.3,USA,fishing,3.0083,0,1,Fishing
2023-07-01,2023,7,34.5,-121.2,USA,fishing,11.1405,8.1913,1,Fishing
2023-07-01,2023,7,34.6,-121.3,USA,trawlers,1.1022,0.2769,1,Trawlers
2023-07-01,2023,7,34.6,-120.7,USA,fishing,2.2102,0,2,Fishing
2023-07-01,2023,7,34.6,-121.1,USA,trollers,0.7616,0,1,Trollers
2023-07-01,2023,7,34.6,-120.8,USA,other_purse_seines,0.9627,0,1,Other Purse Seines
2023-07-01,2023,7,34.6,-120.9,USA,other_purse_seines,1.4502,0.2836,1,Other Purse Seines
2023-07-01,2023,7,34.6,-120.7,USA,trawlers,0.6086,0,1,Trawlers
2023-07-01,2023,7,34.7,-121.2,USA,fishing,1.21,0,1,Fishing
2023-07-01,2023,7,34.7,-121,USA,trawlers,0.4825,0.4825,1,Trawlers
2023-07-01,2023,7,34.7,-121,USA,other_purse_seines,0.7069,0.7069,1,Other Purse Seines
2023-07-01,2023,7,34.7,-120.9,USA,trawlers,3.0391,0.9113,2,Trawlers
2023-07-01,2023,7,34.7,-120.7,USA,fishing,0.5755,0,1,Fishing
2023-07-01,2023,7,34.8,-120.9,USA,trawlers,0.9666,0,1,Trawlers
2023-07-01,2023,7,34.8,-120.8,USA,fishing,1.0755,0,1,Fishing
2023-07-01,2023,7,34.8,-121.3,USA,trollers,0.7161,0,1,Trollers
2023-07-01,2023,7,34.8,-120.9,USA,other_purse_seines,0.5002,0,1,Other Purse Seines
2023-07-01,2023,7,34.9,-121.5,USA,trawlers,0.6152,0.5177,2,Trawlers
2023-07-01,2023,7,34.9,-121.4,USA,trollers,0.6325,0,1,Trollers
2023-07-01,2023,7,34.9,-121.4,USA,fishing,0.3591,0,1,Fishing
2023-07-01,2023,7,34.9,-120.8,USA,trawlers,7.1008,1.2405,2,Trawlers
2023-07-01,2023,7,35,-121.1,USA,other_purse_seines,2.1755,1.4227,1,Other Purse Seines
2023-07-01,2023,7,35,-121.3,USA,fishing,0.2455,0,1,Fishing
2023-07-01,2023,7,35,-121.1,USA,fishing,0.9436,0,1,Fishing
2023-07-01,2023,7,35,-121,USA,other_purse_seines,0.05,0,1,Other Purse Seines
2023-07-01,2023,7,34.3,-120.6,USA,fishing,1.8591,0,2,Fishing
2023-07-01,2023,7,34.3,-120.9,USA,trollers,0.7324,0,1,Trollers
2023-07-01,2023,7,34.3,-120.4,USA,trawlers,2.148,0.4663,2,Trawlers
2023-07-01,2023,7,34.4,-120.7,USA,other_purse_seines,0.4352,0,1,Other Purse Seines
2023-07-01,2023,7,34.4,-120.8,USA,trawlers,5.3369,2.6158,2,Trawlers
2023-07-01,2023,7,34.4,-121,USA,fishing,0.53,0,1,Fishing
2023-07-01,2023,7,34.4,-121,USA,trollers,0.9252,0,1,Trollers
2023-07-01,2023,7,34.4,-120.9,USA,trawlers,0.4875,0,1,Trawlers
2023-07-01,2023,7,34.4,-120.5,USA,other_purse_seines,1.5577,0,1,Other Purse Seines
2023-07-01,2023,7,34.5,-120.9,USA,other_purse_seines,0.688,0.5747,1,Other Purse Seines
2023-07-01,2023,7,34.5,-120.9,USA,trawlers,2.9461,1.2688,1,Trawlers
2023-07-01,2023,7,34.5,-121.3,USA,trawlers,1.0263,0.1972,1,Trawlers
2023-07-01,2023,7,34.6,-120.9,USA,fishing,1.3383,0,2,Fishing
2023-07-01,2023,7,34.7,-121.2,USA,trollers,0.8833,0,1,Trollers
2023-07-01,2023,7,34.7,-121.4,USA,trawlers,0.0344,0.0344,1,Trawlers
2023-07-01,2023,7,34.7,-120.8,USA,fishing,0.6327,0,1,Fishing
2023-07-01,2023,7,34.7,-121.2,USA,trawlers,0.7494,0.5708,1,Trawlers
2023-07-01,2023,7,34.8,-120.8,USA,trawlers,1.5422,0,2,Trawlers
2023-07-01,2023,7,34.8,-121.1,USA,trawlers,3.588,3.588,1,Trawlers
2023-07-01,2023,7,34.8,-121.5,USA,trawlers,1.0813,1.0813,1,Trawlers
2023-07-01,2023,7,34.8,-121,USA,fishing,1.6541,0,3,Fishing
2023-07-01,2023,7,34.8,-121.2,USA,trollers,0.2361,0,1,Trollers
2023-07-01,2023,7,34.8,-120.9,USA,fishing,0.5341,0,1,Fishing
2023-07-01,2023,7,34.9,-121,USA,trawlers,1.2961,0,1,Trawlers
2023-07-01,2023,7,34.9,-121.4,USA,trawlers,0.7736,0,1,Trawlers
2023-07-01,2023,7,34.9,-121.2,USA,fishing,0.3886,0,2,Fishing
2023-07-01,2023,7,34.9,-120.8,USA,fishing,3.5833,0,2,Fishing
2023-07-01,2023,7,34.9,-121.1,USA,fishing,2.5261,0,4,Fishing
2023-07-01,2023,7,34.9,-121,USA,fishing,0.7169,0,1,Fishing
2023-07-01,2023,7,34.9,-120.9,USA,trawlers,0.2469,0,1,Trawlers
2023-07-01,2023,7,35,-120.8,USA,fishing,0.2824,0,1,Fishing
2023-07-01,2023,7,35,-121.5,USA,trollers,0.173,0,1,Trollers
2023-07-01,2023,7,35,-121.3,USA,trawlers,0.2936,0.2936,1,Trawlers
2023-07-01,2023,7,34.2,-120.7,USA,trawlers,4.2449,2.9508,2,Trawlers
2023-07-01,2023,7,34.3,-120.7,USA,trawlers,3.5147,2.6133,2,Trawlers
2023-07-01,2023,7,34.3,-120.8,USA,trollers,0.6955,0,1,Trollers
2023-07-01,2023,7,34.4,-120.4,USA,trawlers,2.8741,2.4499,2,Trawlers
2023-07-01,2023,7,34.4,-120.5,USA,fishing,25.5147,0,6,Fishing
2023-07-01,2023,7,34.4,-120.7,USA,trawlers,0.4272,0,1,Trawlers
2023-07-01,2023,7,34.4,-120.8,USA,fishing,1.1675,0,2,Fishing
2023-07-01,2023,7,34.4,-121.1,USA,fishing,1.9255,1.7766,1,Fishing
2023-07-01,2023,7,34.4,-120.3,USA,trawlers,5.9252,0,1,Trawlers
2023-07-01,2023,7,34.4,-120.4,USA,other_purse_seines,1.2363,0,1,Other Purse Seines
2023-07-01,2023,7,34.4,-120.4,USA,fishing,57.1572,42.1372,4,Fishing
2023-07-01,2023,7,34.5,-120.7,USA,trawlers,1.338,0,2,Trawlers
2023-07-01,2023,7,34.5,-120.8,USA,trawlers,0.9113,0.0833,1,Trawlers
2023-07-01,2023,7,34.5,-121.2,USA,trawlers,0.6027,0,1,Trawlers
2023-07-01,2023,7,34.6,-120.8,USA,fishing,1.3955,0,3,Fishing
2023-07-01,2023,7,34.6,-121.4,USA,trawlers,6.6516,6.5252,2,Trawlers
2023-07-01,2023,7,34.7,-120.9,USA,other_purse_seines,1.4177,0.6969,1,Other Purse Seines
2023-07-01,2023,7,34.7,-121,USA,fishing,2.5141,0,3,Fishing
2023-07-01,2023,7,34.7,-120.9,USA,fishing,1.8866,0,3,Fishing
2023-07-01,2023,7,34.7,-121.5,USA,trawlers,0.825,0.825,1,Trawlers
2023-07-01,2023,7,34.7,-121.1,USA,fishing,0.1047,0,1,Fishing
2023-07-01,2023,7,34.8,-121.2,USA,trawlers,0.3694,0.2652,1,Trawlers
2023-07-01,2023,7,34.8,-121,USA,trawlers,1.24,0,1,Trawlers
2023-07-01,2023,7,34.8,-121,USA,other_purse_seines,2.5508,2.2619,1,Other Purse Seines
2023-07-01,2023,7,34.9,-121.1,USA,other_purse_seines,1.0166,1.0166,1,Other Purse Seines
2023-07-01,2023,7,34.9,-121.3,USA,fishing,0.7555,0,1,Fishing
2023-07-01,2023,7,35,-121.1,USA,trawlers,1.1852,0,1,Trawlers
2023-07-01,2023,7,35,-121.4,USA,trollers,0.7311,0,1,Trollers
2023-07-01,2023,7,35,-120.9,USA,trawlers,0.8647,0,1,Trawlers
2023-07-01,2023,7,35,-120.8,USA,trawlers,6.9558,0,2,Trawlers
2023-07-01,2023,7,35,-121.4,USA,fishing,0.5419,0,1,Fishing
2023-07-01,2023,7,35,-120.9,USA,fishing,0.9741,0,2,Fishing
2023-08-01,2023,8,34.4,-120.7,USA,pole_and_line,0.2583,0,1,Pole and Line
2023-08-01,2023,8,34.6,-120.7,USA,pole_and_line,0.2502,0,1,Pole and Line
2023-08-01,2023,8,34.9,-121.2,USA,other_purse_seines,0.6591,0,1,Other Purse Seines
2023-08-01,2023,8,34.9,-120.9,USA,other_purse_seines,0.3097,0,1,Other Purse Seines
2023-08-01,2023,8,35,-120.9,USA,other_purse_seines,2.4519,0.6922,1,Other Purse Seines
2023-08-01,2023,8,35,-120.9,USA,fishing,5.0811,0,1,Fishing
2023-08-01,2023,8,34.3,-120.5,USA,pole_and_line,0.7077,0,1,Pole and Line
2023-08-01,2023,8,34.4,-120.7,USA,other_purse_seines,0.5002,0,1,Other Purse Seines
2023-08-01,2023,8,34.4,-120.5,USA,other_purse_seines,72.3088,67.2458,1,Other Purse Seines
2023-08-01,2023,8,34.4,-120.6,USA,other_purse_seines,1.6013,0,1,Other Purse Seines
2023-08-01,2023,8,34.5,-120.6,USA,other_purse_seines,0.3466,0,1,Other Purse Seines
2023-08-01,2023,8,34.5,-120.7,USA,pole_and_line,0.7586,0,1,Pole and Line
2023-08-01,2023,8,34.5,-120.9,USA,other_purse_seines,1.2241,0.6974,1,Other Purse Seines
2023-08-01,2023,8,34.7,-120.9,USA,other_purse_seines,0.5711,0,1,Other Purse Seines
2023-08-01,2023,8,34.8,-121.1,USA,fishing,0.3997,0.3997,1,Fishing
2023-08-01,2023,8,34.8,-121,USA,other_purse_seines,1.8269,0.6333,1,Other Purse Seines
2023-08-01,2023,8,34.9,-121.3,USA,other_purse_seines,0.6644,0,1,Other Purse Seines
2023-08-01,2023,8,34.9,-121,USA,fishing,2.4605,2.2238,1,Fishing
2023-08-01,2023,8,34.9,-121,USA,other_purse_seines,1.5861,0,1,Other Purse Seines
2023-08-01,2023,8,35,-120.8,USA,other_purse_seines,0.178,0,1,Other Purse Seines
2023-08-01,2023,8,34.4,-120.5,USA,pole_and_line,0.433,0,1,Pole and Line
2023-08-01,2023,8,34.4,-120.6,USA,pole_and_line,0.5333,0,1,Pole and Line
2023-08-01,2023,8,34.5,-120.8,USA,other_purse_seines,2.0116,0.7524,1,Other Purse Seines
2023-08-01,2023,8,34.6,-120.7,USA,other_purse_seines,1.4888,0.6377,1,Other Purse Seines
2023-08-01,2023,8,34.6,-120.9,USA,other_purse_seines,0.0252,0,1,Other Purse Seines
2023-08-01,2023,8,34.9,-121.5,USA,other_purse_seines,0.6111,0,1,Other Purse Seines
2023-08-01,2023,8,35,-121.1,USA,fishing,3.1505,1.268,1,Fishing
2023-08-01,2023,8,35,-121,USA,other_purse_seines,0.6605,0,1,Other Purse Seines
2023-08-01,2023,8,34.3,-120.4,USA,pole_and_line,0.4588,0,1,Pole and Line
2023-08-01,2023,8,34.4,-120.3,USA,fixed_gear,0.5516,0,1,Fixed Gear
2023-08-01,2023,8,34.5,-120.7,USA,other_purse_seines,1.4733,0,1,Other Purse Seines
2023-08-01,2023,8,34.6,-120.8,USA,other_purse_seines,1.4441,0.0155,1,Other Purse Seines
2023-08-01,2023,8,34.6,-120.8,USA,pole_and_line,0.6913,0,1,Pole and Line
2023-08-01,2023,8,34.7,-120.8,USA,other_purse_seines,1.51,0,1,Other Purse Seines
2023-08-01,2023,8,34.7,-120.9,USA,pole_and_line,0.668,0,1,Pole and Line
2023-08-01,2023,8,34.8,-120.9,USA,other_purse_seines,1.4019,0,1,Other Purse Seines
2023-08-01,2023,8,34.8,-120.8,USA,other_purse_seines,0.1366,0,1,Other Purse Seines
2023-08-01,2023,8,34.8,-120.9,USA,pole_and_line,0.4922,0,1,Pole and Line
2023-08-01,2023,8,34.9,-121.1,USA,fishing,3.7638,3.5302,1,Fishing
2023-08-01,2023,8,34.9,-121.4,USA,other_purse_seines,0.6158,0,1,Other Purse Seines
2023-08-01,2023,8,34.9,-121.1,USA,other_purse_seines,0.5463,0,1,Other Purse Seines
2023-08-01,2023,8,34.9,-121.6,USA,other_purse_seines,0.6499,0,1,Other Purse Seines
2023-08-01,2023,8,35,-121.1,USA,other_purse_seines,1.5594,0,1,Other Purse Seines
2023-08-01,2023,8,35,-121,USA,fishing,2.4058,1.238,1,Fishing
2023-08-01,2023,8,35.1,-120.8,USA,other_purse_seines,12.5313,0.3827,1,Other Purse Seines
2023-08-01,2023,8,35.1,-120.8,USA,fishing,318.0827,0,1,Fishing
2023-09-01,2023,9,34.3,-120.4,USA,drifting_longlines,1.4411,0,2,Drifting Longlines
2023-09-01,2023,9,34.3,-120.6,USA,set_longlines,4.5,0,1,Set Longlines
2023-09-01,2023,9,34.3,-120.5,USA,fishing,1.0491,0,2,Fishing
2023-09-01,2023,9,34.4,-120.8,USA,drifting_longlines,2.0975,0,1,Drifting Longlines
2023-09-01,2023,9,34.4,-120.5,USA,other_purse_seines,1.7908,0,2,Other Purse Seines
2023-09-01,2023,9,34.5,-120.7,USA,fishing,1.6586,0,3,Fishing
2023-09-01,2023,9,34.6,-120.9,USA,fishing,0.9077,0,2,Fishing
2023-09-01,2023,9,34.7,-120.9,USA,fishing,1.6163,0,2,Fishing
2023-09-01,2023,9,34.7,-121.2,USA,drifting_longlines,0.86,0,1,Drifting Longlines
2023-09-01,2023,9,34.8,-121.3,USA,drifting_longlines,0.6941,0,1,Drifting Longlines
2023-09-01,2023,9,34.9,-121.3,USA,fishing,0.6002,0,1,Fishing
2023-09-01,2023,9,34.9,-121.1,USA,fishing,1.1919,0,1,Fishing
2023-09-01,2023,9,35,-121.4,USA,fishing,0.6008,0,1,Fishing
2023-09-01,2023,9,35,-121.2,USA,trawlers,0.1916,0,1,Trawlers
2023-09-01,2023,9,34.3,-120.4,USA,other_purse_seines,0.3422,0,1,Other Purse Seines
2023-09-01,2023,9,34.3,-120.5,USA,set_longlines,0.7833,0,1,Set Longlines
2023-09-01,2023,9,34.4,-120.7,USA,fishing,1.2675,0,3,Fishing
2023-09-01,2023,9,34.4,-120.6,USA,other_purse_seines,1.4338,0,2,Other Purse Seines
2023-09-01,2023,9,34.4,-120.7,USA,drifting_longlines,0.7183,0,1,Drifting Longlines
2023-09-01,2023,9,34.5,-120.6,USA,other_purse_seines,0.2883,0,1,Other Purse Seines
2023-09-01,2023,9,34.5,-120.8,USA,fishing,1.4897,0,3,Fishing
2023-09-01,2023,9,34.7,-121.1,USA,fishing,0.0516,0,1,Fishing
2023-09-01,2023,9,34.7,-120.9,USA,set_longlines,4.3666,0,1,Set Longlines
2023-09-01,2023,9,34.8,-120.9,USA,other_purse_seines,1.4491,0,2,Other Purse Seines
2023-09-01,2023,9,34.9,-121.2,USA,fishing,0.6502,0,1,Fishing
2023-09-01,2023,9,35,-121.1,USA,drifting_longlines,0.6327,0,1,Drifting Longlines
2023-09-01,2023,9,34.3,-120.4,USA,set_longlines,1.1419,0,1,Set Longlines
2023-09-01,2023,9,34.3,-120.5,USA,drifting_longlines,0.7113,0,1,Drifting Longlines
2023-09-01,2023,9,34.3,-120.6,USA,drifting_longlines,0.8061,0,1,Drifting Longlines
2023-09-01,2023,9,34.4,-120.6,USA,fishing,5.5494,0,4,Fishing
2023-09-01,2023,9,34.4,-120.4,USA,other_purse_seines,0.3647,0,1,Other Purse Seines
2023-09-01,2023,9,34.4,-120.3,USA,fishing,0.868,0,1,Fishing
2023-09-01,2023,9,34.5,-120.8,USA,other_purse_seines,2.7144,0,1,Other Purse Seines
2023-09-01,2023,9,34.5,-120.7,USA,drifting_longlines,0.6266,0,1,Drifting Longlines
2023-09-01,2023,9,34.5,-120.9,USA,fishing,0.25,0,1,Fishing
2023-09-01,2023,9,34.7,-120.8,USA,other_purse_seines,0.1738,0,1,Other Purse Seines
2023-09-01,2023,9,34.8,-120.8,USA,fishing,1.0411,0,1,Fishing
2023-09-01,2023,9,34.9,-121.1,USA,drifting_longlines,3.6594,0,1,Drifting Longlines
2023-09-01,2023,9,34.9,-121.4,USA,drifting_longlines,0.1583,0,1,Drifting Longlines
2023-09-01,2023,9,35,-121.1,USA,fishing,3.9944,1.5608,1,Fishing
2023-09-01,2023,9,34.3,-120.4,USA,fishing,1.6,0,2,Fishing
2023-09-01,2023,9,34.5,-120.7,USA,other_purse_seines,2.225,0,3,Other Purse Seines
2023-09-01,2023,9,34.5,-121.1,USA,fishing,17.7536,14.2994,1,Fishing
2023-09-01,2023,9,34.6,-120.8,USA,fishing,1.8769,0,3,Fishing
2023-09-01,2023,9,34.6,-120.8,USA,drifting_longlines,0.7825,0,1,Drifting Longlines
2023-09-01,2023,9,34.7,-121.1,USA,drifting_longlines,0.15,0,1,Drifting Longlines
2023-09-01,2023,9,34.7,-120.8,USA,fishing,0.9005,0,1,Fishing
2023-09-01,2023,9,34.8,-121.2,USA,fishing,0.5488,0,1,Fishing
2023-09-01,2023,9,34.8,-121,USA,fishing,1.0997,0,1,Fishing
2023-09-01,2023,9,35,-121.2,USA,fishing,1.0905,0,1,Fishing
2023-09-01,2023,9,35,-121.4,USA,drifting_longlines,0.9166,0,1,Drifting Longlines
2023-09-01,2023,9,35,-121.1,USA,other_purse_seines,0.7755,0,1,Other Purse Seines
2023-09-01,2023,9,35,-121.3,USA,fishing,0.6497,0,1,Fishing
2023-09-01,2023,9,35.1,-120.8,USA,fishing,609.985,4.9911,1,Fishing
2023-09-01,2023,9,34.4,-120.3,USA,other_purse_seines,1.3002,0,1,Other Purse Seines
2023-09-01,2023,9,34.4,-120,USA,set_longlines,0.3413,0,1,Set Longlines
2023-09-01,2023,9,34.5,-121,USA,fishing,0.7586,0,1,Fishing
2023-09-01,2023,9,34.6,-120.7,USA,other_purse_seines,0.258,0,1,Other Purse Seines
2023-09-01,2023,9,34.6,-120.8,USA,other_purse_seines,1.3458,0,2,Other Purse Seines
2023-09-01,2023,9,34.7,-120.9,USA,other_purse_seines,1.0919,0,2,Other Purse Seines
2023-09-01,2023,9,34.8,-121.1,USA,fishing,0.8502,0,1,Fishing
2023-09-01,2023,9,34.9,-120.8,USA,fishing,3.2558,0,2,Fishing
2023-09-01,2023,9,34.9,-121.3,USA,drifting_longlines,0.575,0,1,Drifting Longlines
2023-09-01,2023,9,34.4,-120.4,USA,fishing,15.0163,0,1,Fishing
2023-09-01,2023,9,34.4,-120.5,USA,fishing,1.3066,0,2,Fishing
2023-09-01,2023,9,34.4,-120.5,USA,drifting_longlines,0.7669,0,1,Drifting Longlines
2023-09-01,2023,9,34.4,-120.6,USA,drifting_longlines,1.008,0,1,Drifting Longlines
2023-09-01,2023,9,34.4,-120,USA,fixed_gear,2.3372,0,1,Fixed Gear
2023-09-01,2023,9,34.5,-120.8,USA,drifting_longlines,0.9738,0,1,Drifting Longlines
2023-09-01,2023,9,34.6,-121.1,USA,drifting_longlines,0.0502,0,1,Drifting Longlines
2023-09-01,2023,9,34.6,-121,USA,drifting_longlines,0.9836,0,1,Drifting Longlines
2023-09-01,2023,9,34.7,-121,USA,fishing,0.8486,0,1,Fishing
2023-09-01,2023,9,34.8,-121.2,USA,drifting_longlines,0.5455,0,1,Drifting Longlines
2023-09-01,2023,9,34.9,-121,USA,other_purse_seines,5.2913,0,3,Other Purse Seines
2023-09-01,2023,9,34.9,-120.7,USA,fishing,21.8847,2.9563,1,Fishing
2023-09-01,2023,9,35,-120.8,USA,fishing,6.1861,0,1,Fishing
2023-09-01,2023,9,35,-120.7,USA,fishing,7.7497,0,1,Fishing
2023-09-01,2023,9,35,-121,USA,fishing,0.9352,0,1,Fishing
2023-09-01,2023,9,35,-121.3,USA,trawlers,0.3825,0.1325,1,Trawlers
2023-10-01,2023,10,34.7,-121.4,USA,trawlers,0.7947,0,1,Trawlers
2023-10-01,2023,10,35,-121.4,USA,pole_and_line,0.6413,0,1,Pole and Line
2023-10-01,2023,10,35,-121.3,USA,pole_and_line,0.1169,0,1,Pole and Line
2023-10-01,2023,10,35,-121.2,USA,fishing,1.1925,0,2,Fishing
2023-10-01,2023,10,35,-121.2,USA,trawlers,0.9511,0,2,Trawlers
2023-10-01,2023,10,34.9,-121.2,USA,trawlers,0.828,0,2,Trawlers
2023-10-01,2023,10,34.9,-121.1,USA,purse_seines,0.7136,0,1,Purse Seines
2023-10-01,2023,10,34.7,-121.1,USA,trawlers,2.5241,1.0413,2,Trawlers
2023-10-01,2023,10,34.9,-121.1,USA,trollers,0.8413,0,1,Trollers
2023-10-01,2023,10,34.9,-121,USA,fishing,0.793,0,2,Fishing
2023-10-01,2023,10,34.5,-121,USA,fishing,0.6236,0,1,Fishing
2023-10-01,2023,10,34.9,-121,USA,pots_and_traps,0.0427,0,1,Pots and Traps
2023-10-01,2023,10,34.8,-121,USA,trawlers,1.6897,0,2,Trawlers
2023-10-01,2023,10,33.9,-120.9,USA,drifting_longlines,6.8908,6.8908,1,Drifting Longlines
2023-10-01,2023,10,34.6,-120.9,USA,trawlers,2.878,0.6166,2,Trawlers
2023-10-01,2023,10,35,-120.9,USA,other_purse_seines,0.0986,0,1,Other Purse Seines
2023-10-01,2023,10,34.6,-120.9,USA,pots_and_traps,0.378,0,1,Pots and Traps
2023-10-01,2023,10,34.5,-120.9,USA,fishing,0.7177,0,1,Fishing
2023-10-01,2023,10,34.8,-120.9,USA,trawlers,2.3902,0,2,Trawlers
2023-10-01,2023,10,34.5,-120.8,USA,set_gillnets,0.06,0,1,Set Gillnets
2023-10-01,2023,10,34.5,-120.8,USA,pots_and_traps,0.248,0,1,Pots and Traps
2023-10-01,2023,10,35.1,-120.8,USA,fishing,621.7677,0.3261,1,Fishing
2023-10-01,2023,10,34.5,-120.7,USA,purse_seines,0.453,0,1,Purse Seines
2023-10-01,2023,10,34.3,-120.6,USA,trawlers,2.0041,0.3727,2,Trawlers
2023-10-01,2023,10,34.4,-120.5,USA,pots_and_traps,0.5244,0,1,Pots and Traps
2023-10-01,2023,10,34.3,-120.4,USA,fishing,1.7644,0,3,Fishing
2023-10-01,2023,10,34.4,-120.4,USA,fishing,1.3716,0,2,Fishing
2023-10-01,2023,10,34.9,-121.5,USA,trawlers,1.0494,0,1,Trawlers
2023-10-01,2023,10,34.8,-121.4,USA,trawlers,1.1275,0,1,Trawlers
2023-10-01,2023,10,34.7,-121.3,USA,trawlers,0.3002,0,1,Trawlers
2023-10-01,2023,10,35,-121.2,USA,trollers,0.9013,0,1,Trollers
2023-10-01,2023,10,34.8,-121.1,USA,pole_and_line,0.5169,0,1,Pole and Line
2023-10-01,2023,10,35,-121.1,USA,trawlers,1.0772,0,2,Trawlers
2023-10-01,2023,10,34.5,-121.1,USA,trawlers,0.1075,0.1075,1,Trawlers
2023-10-01,2023,10,34.9,-121.1,USA,trawlers,1.3024,1.0922,1,Trawlers
2023-10-01,2023,10,35,-121,USA,other_purse_seines,0.5902,0,1,Other Purse Seines
2023-10-01,2023,10,34.7,-121,USA,pole_and_line,0.7002,0,1,Pole and Line
2023-10-01,2023,10,34.6,-121,USA,trawlers,3.4305,0.1308,2,Trawlers
2023-10-01,2023,10,34.8,-121,USA,fishing,1.6544,0,2,Fishing
2023-10-01,2023,10,34.9,-120.9,USA,trawlers,3.7433,1.8808,2,Trawlers
2023-10-01,2023,10,34.6,-120.9,USA,trollers,0.033,0,1,Trollers
2023-10-01,2023,10,34,-120.9,USA,drifting_longlines,0.7752,0.7752,1,Drifting Longlines
2023-10-01,2023,10,34.7,-120.9,USA,trollers,1.1083,0,1,Trollers
2023-10-01,2023,10,34.6,-120.9,USA,pole_and_line,1.0838,0,1,Pole and Line
2023-10-01,2023,10,34.6,-120.8,USA,fishing,2.5491,0,3,Fishing
2023-10-01,2023,10,35,-120.8,USA,trawlers,0.3347,0,1,Trawlers
2023-10-01,2023,10,34.9,-120.8,USA,fishing,5.14,0.9655,1,Fishing
2023-10-01,2023,10,34.8,-120.8,USA,fishing,0.4186,0,1,Fishing
2023-10-01,2023,10,34.1,-120.7,USA,trawlers,2.5624,1.6444,1,Trawlers
2023-10-01,2023,10,34.5,-120.7,USA,trollers,0.8919,0,1,Trollers
2023-10-01,2023,10,34.5,-120.7,USA,other_purse_seines,0.5436,0,1,Other Purse Seines
2023-10-01,2023,10,34.4,-120.7,USA,fishing,1.0636,0,2,Fishing
2023-10-01,2023,10,34.4,-120.6,USA,fishing,4.1852,0,4,Fishing
2023-10-01,2023,10,34.5,-120.6,USA,trawlers,0.1083,0,1,Trawlers
2023-10-01,2023,10,34.2,-120.6,USA,trawlers,2.3391,0.3394,1,Trawlers
2023-10-01,2023,10,34.5,-120.6,USA,trollers,0.1258,0,1,Trollers
2023-10-01,2023,10,34.4,-120.6,USA,set_gillnets,0.5894,0,1,Set Gillnets
2023-10-01,2023,10,34.4,-120.5,USA,other_purse_seines,1.2233,0,2,Other Purse Seines
2023-10-01,2023,10,34.4,-120.5,USA,fishing,1.8625,0,3,Fishing
2023-10-01,2023,10,34.4,-120.5,USA,set_gillnets,0.8208,0,1,Set Gillnets
2023-10-01,2023,10,34.3,-120.4,USA,trawlers,2.8299,0.8947,2,Trawlers
2023-10-01,2023,10,34.4,-120.4,USA,purse_seines,0.3416,0,1,Purse Seines
2023-10-01,2023,10,34.3,-120.4,USA,pots_and_traps,0.4999,0,1,Pots and Traps
2023-10-01,2023,10,34.4,-120.3,USA,fishing,0.5247,0,1,Fishing
2023-10-01,2023,10,34.7,-121.5,USA,drifting_longlines,1.3183,0,1,Drifting Longlines
2023-10-01,2023,10,34.6,-121.5,USA,drifting_longlines,1.1566,0.4886,1,Drifting Longlines
2023-10-01,2023,10,34.3,-121.4,USA,drifting_longlines,0.4911,0,1,Drifting Longlines
2023-10-01,2023,10,34.6,-121.3,USA,trawlers,1.0755,0,1,Trawlers
2023-10-01,2023,10,34.5,-121.2,USA,trawlers,3.7824,2.7933,1,Trawlers
2023-10-01,2023,10,34.8,-121.2,USA,trawlers,0.3338,0.0705,1,Trawlers
2023-10-01,2023,10,34.1,-121.1,USA,drifting_longlines,1.6741,0,1,Drifting Longlines
2023-10-01,2023,10,35,-121.1,USA,purse_seines,0.558,0,1,Purse Seines
2023-10-01,2023,10,34.9,-121.1,USA,pots_and_traps,0.6722,0,1,Pots and Traps
2023-10-01,2023,10,34.8,-121.1,USA,trawlers,2.3013,0.7338,2,Trawlers
2023-10-01,2023,10,34.9,-121.1,USA,fishing,1.7577,0,2,Fishing
2023-10-01,2023,10,34.9,-121,USA,trawlers,3.9072,0.9325,2,Trawlers
2023-10-01,2023,10,34.9,-121,USA,purse_seines,0.1119,0,1,Purse Seines
2023-10-01,2023,10,35,-121,USA,fishing,4.1802,0,2,Fishing
2023-10-01,2023,10,34.9,-121,USA,set_gillnets,1.0147,0,1,Set Gillnets
2023-10-01,2023,10,34.7,-120.9,USA,trawlers,0.5475,0,1,Trawlers
2023-10-01,2023,10,34.6,-120.9,USA,purse_seines,0.7127,0,1,Purse Seines
2023-10-01,2023,10,34.5,-120.8,USA,trawlers,0.8047,0,1,Trawlers
2023-10-01,2023,10,34.7,-120.8,USA,other_purse_seines,1.4411,0,2,Other Purse Seines
2023-10-01,2023,10,34.7,-120.8,USA,fishing,0.5083,0,1,Fishing
2023-10-01,2023,10,34.6,-120.8,USA,purse_seines,0.105,0,1,Purse Seines
2023-10-01,2023,10,34,-120.8,USA,drifting_longlines,0.3755,0,1,Drifting Longlines
2023-10-01,2023,10,34.3,-120.8,USA,trawlers,2.2027,0,1,Trawlers
2023-10-01,2023,10,34.6,-120.8,USA,trollers,0.9583,0,1,Trollers
2023-10-01,2023,10,35,-120.7,USA,fishing,1.5158,0,1,Fishing
2023-10-01,2023,10,34.5,-120.7,USA,fishing,1.358,0,3,Fishing
2023-10-01,2023,10,34.6,-120.7,USA,other_purse_seines,0.7652,0,1,Other Purse Seines
2023-10-01,2023,10,34.4,-120.7,USA,purse_seines,0.3261,0,1,Purse Seines
2023-10-01,2023,10,34.4,-120.7,USA,pots_and_traps,0.1786,0,1,Pots and Traps
2023-10-01,2023,10,34.7,-120.7,USA,other_purse_seines,0.8086,0,1,Other Purse Seines
2023-10-01,2023,10,34.5,-120.6,USA,other_purse_seines,3.0727,0,2,Other Purse Seines
2023-10-01,2023,10,34.4,-120.6,USA,trollers,0.6408,0,1,Trollers
2023-10-01,2023,10,34.4,-120.6,USA,pots_and_traps,0.6202,0,1,Pots and Traps
2023-10-01,2023,10,34.4,-120.5,USA,trawlers,10.8394,0.453,2,Trawlers
2023-10-01,2023,10,34.3,-120.4,USA,trollers,0.2086,0,1,Trollers
2023-10-01,2023,10,34.4,-120.4,USA,trawlers,0.1019,0,1,Trawlers
2023-10-01,2023,10,34.3,-120.4,USA,purse_seines,0.3108,0,1,Purse Seines
2023-10-01,2023,10,34.4,-120.4,USA,trollers,0.45,0,1,Trollers
2023-10-01,2023,10,34.4,-120.3,USA,set_gillnets,0.5063,0,1,Set Gillnets
2023-10-01,2023,10,34.9,-121.3,USA,trawlers,0.1591,0.0772,1,Trawlers
2023-10-01,2023,10,35,-121.3,USA,trawlers,1.6672,1.1219,1,Trawlers
2023-10-01,2023,10,35,-121.2,USA,pots_and_traps,0.4369,0,1,Pots and Traps
2023-10-01,2023,10,34.9,-121.2,USA,drifting_longlines,0.1505,0,1,Drifting Longlines
2023-10-01,2023,10,34.4,-121.2,USA,trawlers,2.4388,1.9136,1,Trawlers
2023-10-01,2023,10,34.8,-121,USA,purse_seines,0.8294,0,1,Purse Seines
2023-10-01,2023,10,34.8,-121,USA,set_gillnets,0.303,0,1,Set Gillnets
2023-10-01,2023,10,34.7,-121,USA,purse_seines,0.2436,0,1,Purse Seines
2023-10-01,2023,10,34,-121,USA,drifting_longlines,1.4686,1.4686,1,Drifting Longlines
2023-10-01,2023,10,34.9,-121,USA,other_purse_seines,0.5161,0,1,Other Purse Seines
2023-10-01,2023,10,34.8,-121,USA,trollers,1.6494,0,1,Trollers
2023-10-01,2023,10,34.7,-121,USA,trawlers,2.3386,0.8513,2,Trawlers
2023-10-01,2023,10,34.7,-120.9,USA,pots_and_traps,0.5916,0,1,Pots and Traps
2023-10-01,2023,10,34.8,-120.9,USA,fishing,0.775,0,1,Fishing
2023-10-01,2023,10,34.9,-120.9,USA,fishing,1.2744,0,1,Fishing
2023-10-01,2023,10,34.5,-120.9,USA,trawlers,1.7741,0,1,Trawlers
2023-10-01,2023,10,34.5,-120.8,USA,purse_seines,0.6316,0,1,Purse Seines
2023-10-01,2023,10,34.6,-120.8,USA,set_gillnets,1.123,0,1,Set Gillnets
2023-10-01,2023,10,35,-120.8,USA,other_purse_seines,0.7102,0,1,Other Purse Seines
2023-10-01,2023,10,34.2,-120.8,USA,trawlers,1.3944,0.2519,1,Trawlers
2023-10-01,2023,10,34.7,-120.7,USA,fishing,5.7316,2.7177,1,Fishing
2023-10-01,2023,10,34.5,-120.7,USA,pots_and_traps,0.5083,0,1,Pots and Traps
2023-10-01,2023,10,34.5,-120.6,USA,set_gillnets,0.1972,0,1,Set Gillnets
2023-10-01,2023,10,34.3,-120.5,USA,pots_and_traps,0.1225,0,1,Pots and Traps
2023-10-01,2023,10,34.4,-120.3,USA,other_purse_seines,1.2163,0,2,Other Purse Seines
2023-10-01,2023,10,35,-121.5,USA,trawlers,0.9025,0,1,Trawlers
2023-10-01,2023,10,34.4,-121.4,USA,drifting_longlines,3.1911,0,1,Drifting Longlines
2023-10-01,2023,10,34.3,-121.3,USA,drifting_longlines,1.0938,0,1,Drifting Longlines
2023-10-01,2023,10,34.5,-121.3,USA,trawlers,0.8411,0.375,1,Trawlers
2023-10-01,2023,10,34.5,-121.2,USA,fishing,16.153,0,1,Fishing
2023-10-01,2023,10,35,-121.2,USA,drifting_longlines,2.4319,0,1,Drifting Longlines
2023-10-01,2023,10,35,-121.1,USA,fishing,6.4258,2.5275,2,Fishing
2023-10-01,2023,10,35,-121.1,USA,pots_and_traps,0.2702,0,1,Pots and Traps
2023-10-01,2023,10,35,-121,USA,trawlers,4.3097,0.5302,2,Trawlers
2023-10-01,2023,10,34.7,-121,USA,pots_and_traps,0.2127,0,1,Pots and Traps
2023-10-01,2023,10,34.8,-121,USA,pots_and_traps,0.695,0,1,Pots and Traps
2023-10-01,2023,10,34.5,-121,USA,trawlers,0.2805,0,1,Trawlers
2023-10-01,2023,10,35,-120.9,USA,fishing,3.3788,0,1,Fishing
2023-10-01,2023,10,34.7,-120.9,USA,fishing,2.3452,0,3,Fishing
2023-10-01,2023,10,35,-120.9,USA,trawlers,2.0461,0.6836,2,Trawlers
2023-10-01,2023,10,34.7,-120.9,USA,set_gillnets,1.2075,0,1,Set Gillnets
2023-10-01,2023,10,34.7,-120.8,USA,trawlers,1.8833,0,2,Trawlers
2023-10-01,2023,10,34.4,-120.8,USA,trawlers,1.3377,0.4605,1,Trawlers
2023-10-01,2023,10,34.5,-120.8,USA,fishing,1.7941,0,4,Fishing
2023-10-01,2023,10,34.9,-120.8,USA,other_purse_seines,0.845,0,1,Other Purse Seines
2023-10-01,2023,10,34.1,-120.8,USA,trawlers,0.6052,0,1,Trawlers
2023-10-01,2023,10,34.5,-120.7,USA,set_gillnets,0.908,0,1,Set Gillnets
2023-10-01,2023,10,35,-120.7,USA,other_purse_seines,0.523,0,1,Other Purse Seines
2023-10-01,2023,10,34.5,-120.7,USA,trawlers,3.3416,0,2,Trawlers
2023-10-01,2023,10,34.8,-120.7,USA,fishing,43.0313,13.485,1,Fishing
2023-10-01,2023,10,34.4,-120.6,USA,other_purse_seines,1.1591,0,2,Other Purse Seines
2023-10-01,2023,10,34.3,-120.5,USA,trawlers,1.173,0,2,Trawlers
2023-10-01,2023,10,34.3,-120.5,USA,fishing,0.2083,0,1,Fishing
2023-10-01,2023,10,34.4,-120.5,USA,purse_seines,0.6552,0,1,Purse Seines
2023-10-01,2023,10,34.4,-120.5,USA,trollers,0.7658,0,1,Trollers
2023-10-01,2023,10,34.5,-121.5,USA,drifting_longlines,16.2597,16.2597,1,Drifting Longlines
2023-10-01,2023,10,34.8,-121.4,USA,drifting_longlines,1.6408,0,1,Drifting Longlines
2023-10-01,2023,10,34.9,-121.2,USA,pole_and_line,1.6491,0,1,Pole and Line
2023-10-01,2023,10,35,-121.2,USA,purse_seines,0.3908,0,1,Purse Seines
2023-10-01,2023,10,34.6,-121.2,USA,trawlers,0.1952,0,1,Trawlers
2023-10-01,2023,10,35,-121.1,USA,set_gillnets,1.0208,0,1,Set Gillnets
2023-10-01,2023,10,34.5,-121.1,USA,fishing,4.8158,4.0594,1,Fishing
2023-10-01,2023,10,34.6,-121.1,USA,trawlers,0.7033,0,1,Trawlers
2023-10-01,2023,10,34.8,-120.9,USA,set_gillnets,0.2536,0,1,Set Gillnets
2023-10-01,2023,10,34.4,-120.9,USA,trawlers,0.9175,0,1,Trawlers
2023-10-01,2023,10,34.7,-120.9,USA,purse_seines,0.5897,0,1,Purse Seines
2023-10-01,2023,10,34.5,-120.8,USA,trollers,0.175,0,1,Trollers
2023-10-01,2023,10,34.6,-120.8,USA,trawlers,2.4297,0,2,Trawlers
2023-10-01,2023,10,34.6,-120.8,USA,pots_and_traps,0.4536,0,1,Pots and Traps
2023-10-01,2023,10,35.1,-120.8,USA,trawlers,7.5008,0,1,Trawlers
2023-10-01,2023,10,34.7,-120.8,USA,set_gillnets,0.1438,0,1,Set Gillnets
2023-10-01,2023,10,35,-120.8,USA,fishing,22.4072,8.0888,1,Fishing
2023-10-01,2023,10,34.8,-120.8,USA,other_purse_seines,0.9066,0,1,Other Purse Seines
2023-10-01,2023,10,34.6,-120.7,USA,trawlers,0.2394,0,1,Trawlers
2023-10-01,2023,10,34.4,-120.7,USA,trawlers,0.4494,0,2,Trawlers
2023-10-01,2023,10,34.9,-120.7,USA,fishing,22.3138,8.6855,1,Fishing
2023-10-01,2023,10,34.2,-120.7,USA,trawlers,0.9013,0.9013,1,Trawlers
2023-10-01,2023,10,34.4,-120.6,USA,purse_seines,0.5858,0,1,Purse Seines
2023-10-01,2023,10,34.4,-120.6,USA,trawlers,5.168,0.583,2,Trawlers
2023-10-01,2023,10,34.4,-120.4,USA,other_purse_seines,1.5736,0,2,Other Purse Seines
2023-10-01,2023,10,34.4,-120.4,USA,set_gillnets,0.8275,0,1,Set Gillnets
2023-10-01,2023,10,34.4,-120,USA,fixed_gear,18.178,8.4822,1,Fixed Gear
2023-11-01,2023,11,34.3,-120.4,USA,fishing,0.7513,0,1,Fishing
2023-11-01,2023,11,34.4,-120.3,USA,fishing,2.5158,2.5158,1,Fishing
2023-11-01,2023,11,34.4,-120.5,USA,fishing,1.0494,0,1,Fishing
2023-11-01,2023,11,34.4,-120.6,USA,fishing,0.2336,0,1,Fishing
2023-11-01,2023,11,34.5,-120.6,USA,other_purse_seines,17.5663,0,1,Other Purse Seines
2023-11-01,2023,11,34.6,-120.8,USA,fishing,1.9336,1.2997,1,Fishing
2023-11-01,2023,11,34.6,-120.7,USA,set_gillnets,0.0844,0,1,Set Gillnets
2023-11-01,2023,11,34.7,-120.9,USA,set_gillnets,0.448,0,1,Set Gillnets
2023-11-01,2023,11,34.7,-120.8,USA,fishing,0.9308,0.2563,1,Fishing
2023-11-01,2023,11,35,-120.9,USA,fishing,6.4716,0,2,Fishing
2023-11-01,2023,11,35,-120.8,USA,fishing,1.0819,0,2,Fishing
2023-11-01,2023,11,34.4,-120.6,USA,set_gillnets,4.7741,0,1,Set Gillnets
2023-11-01,2023,11,34.4,-120.5,USA,other_purse_seines,1.2938,0,1,Other Purse Seines
2023-11-01,2023,11,34.5,-120.6,USA,set_gillnets,0.2702,0,1,Set Gillnets
2023-11-01,2023,11,34.5,-120.7,USA,fishing,2.5505,0,1,Fishing
2023-11-01,2023,11,34.8,-120.9,USA,set_gillnets,0.8197,0,1,Set Gillnets
2023-11-01,2023,11,34.4,-120.4,USA,other_purse_seines,0.5597,0,1,Other Purse Seines
2023-11-01,2023,11,34.5,-120.7,USA,set_gillnets,0.8505,0,1,Set Gillnets
2023-11-01,2023,11,34.6,-120.8,USA,set_gillnets,0.8361,0,1,Set Gillnets
2023-11-01,2023,11,34.7,-120.8,USA,set_gillnets,0.4144,0,1,Set Gillnets
2023-11-01,2023,11,34.8,-120.9,USA,fishing,0.6672,0,1,Fishing
2023-11-01,2023,11,34.9,-121,USA,set_gillnets,0.7683,0,1,Set Gillnets
2023-11-01,2023,11,34.9,-121,USA,fishing,2.0305,1.6311,1,Fishing
2023-11-01,2023,11,34.9,-120.8,USA,fishing,2.3425,0,2,Fishing
2023-11-01,2023,11,35,-121,USA,fishing,3.3316,0.4838,2,Fishing
2023-11-01,2023,11,35,-121.1,USA,fishing,2.3836,1.1666,1,Fishing
2023-11-01,2023,11,35,-121,USA,set_gillnets,0.7766,0,1,Set Gillnets
2023-11-01,2023,11,35.1,-120.8,USA,fishing,217.6641,0,1,Fishing
2023-11-01,2023,11,34.3,-120.5,USA,fishing,1.0175,0,1,Fishing
2023-11-01,2023,11,34.3,-120.4,USA,other_purse_seines,0.6224,0,1,Other Purse Seines
2023-11-01,2023,11,34.4,-120.4,USA,fishing,5.0175,2.6686,2,Fishing
2023-11-01,2023,11,34.4,-120.3,USA,other_purse_seines,0.2577,0,1,Other Purse Seines
2023-11-01,2023,11,34.4,-120.6,USA,other_purse_seines,0.3719,0,1,Other Purse Seines
2023-11-01,2023,11,34.4,-120,USA,fixed_gear,20.1297,14.448,1,Fixed Gear
2023-11-01,2023,11,34.5,-120.6,USA,fishing,1.9236,0.8911,1,Fishing
2023-11-01,2023,11,34.7,-120.9,USA,fishing,0.5599,0.3508,1,Fishing
2023-11-01,2023,11,34.8,-120.8,USA,fishing,1.0752,0,2,Fishing
2023-11-01,2023,11,34.9,-121.1,USA,fishing,8.6241,7.7663,1,Fishing
2023-12-01,2023,12,34.6,-120.8,USA,fishing,0.4916,0,1,Fishing
2023-12-01,2023,12,35,-120.8,USA,other_purse_seines,0.785,0,1,Other Purse Seines
2023-12-01,2023,12,34.6,-120.8,USA,other_purse_seines,0.4983,0,1,Other Purse Seines
2023-12-01,2023,12,34.5,-120.6,USA,other_purse_seines,0.5647,0,1,Other Purse Seines
2023-12-01,2023,12,34.4,-120.6,USA,other_purse_seines,0.4336,0,1,Other Purse Seines
2023-12-01,2023,12,34.3,-120.5,USA,other_purse_seines,2.4166,0,1,Other Purse Seines
2023-12-01,2023,12,34.4,-120.5,USA,other_purse_seines,0.9341,0,1,Other Purse Seines
2023-12-01,2023,12,34.5,-121.5,USA,drifting_longlines,21.9894,0,1,Drifting Longlines
2023-12-01,2023,12,34.5,-121.1,USA,fishing,9.5341,9.5341,1,Fishing
2023-12-01,2023,12,34.6,-120.9,USA,other_purse_seines,1.5669,0,1,Other Purse Seines
2023-12-01,2023,12,34.4,-120.8,USA,fishing,0.3902,0,1,Fishing
2023-12-01,2023,12,34.9,-120.8,USA,other_purse_seines,0.9513,0,1,Other Purse Seines
2023-12-01,2023,12,34.6,-120.7,USA,other_purse_seines,0.5252,0,1,Other Purse Seines
2023-12-01,2023,12,34.4,-120.4,USA,fishing,0.5086,0,1,Fishing
2023-12-01,2023,12,34.8,-121,USA,other_purse_seines,1.5147,0,1,Other Purse Seines
2023-12-01,2023,12,34.4,-120.9,USA,fishing,0.2766,0,1,Fishing
2023-12-01,2023,12,35.1,-120.8,USA,fishing,59.5872,0,1,Fishing
2023-12-01,2023,12,34.8,-120.8,USA,other_purse_seines,0.9244,0,1,Other Purse Seines
2023-12-01,2023,12,34.4,-120.8,USA,other_purse_seines,1.5355,0,1,Other Purse Seines
2023-12-01,2023,12,35.1,-120.8,USA,other_purse_seines,0.5161,0,1,Other Purse Seines
2023-12-01,2023,12,35,-120.7,USA,other_purse_seines,0.4983,0,1,Other Purse Seines
2023-12-01,2023,12,34.6,-120.7,USA,fishing,0.308,0,1,Fishing
2023-12-01,2023,12,34.4,-120.5,USA,fishing,0.5413,0,1,Fishing
2023-12-01,2023,12,34.4,-120.4,USA,other_purse_seines,0.8152,0,1,Other Purse Seines
2023-12-01,2023,12,34.4,-120.3,USA,fishing,0.2577,0,1,Fishing
2023-12-01,2023,12,34.4,-120,USA,fixed_gear,15.0125,5.3511,1,Fixed Gear
2023-12-01,2023,12,34.4,-120,USA,other_purse_seines,0.4588,0,1,Other Purse Seines
2023-12-01,2023,12,34.5,-121,USA,fishing,4.1072,1.1586,1,Fishing
2023-12-01,2023,12,35,-120.9,USA,fishing,2.5086,0,1,Fishing
2023-12-01,2023,12,34.7,-120.8,USA,fishing,0.5672,0,1,Fishing
2023-12-01,2023,12,34.7,-120.8,USA,other_purse_seines,1.0602,0,1,Other Purse Seines
2023-12-01,2023,12,34.5,-120.7,USA,other_purse_seines,1.3591,0,1,Other Purse Seines
2023-12-01,2023,12,34.5,-120.7,USA,fishing,0.8336,0,1,Fishing
2023-12-01,2023,12,34.4,-120.6,USA,fishing,0.7322,0,1,Fishing
2023-12-01,2023,12,34.4,-120.3,USA,other_purse_seines,1.4169,0,1,Other Purse Seines
2024-01-01,2024,1,34.4,-120.4,USA,other_purse_seines,0.475,0,1,Other Purse Seines
2024-01-01,2024,1,34.5,-120.7,USA,other_purse_seines,1.0077,0,1,Other Purse Seines
2024-01-01,2024,1,34.8,-120.8,USA,other_purse_seines,1.8977,0,1,Other Purse Seines
2024-01-01,2024,1,34.4,-120.6,USA,other_purse_seines,0.3236,0,1,Other Purse Seines
2024-01-01,2024,1,34.6,-120.7,USA,other_purse_seines,0.1672,0,1,Other Purse Seines
2024-01-01,2024,1,34.9,-120.9,USA,other_purse_seines,0.4083,0,1,Other Purse Seines
2024-01-01,2024,1,35,-120.9,USA,other_purse_seines,0.9494,0,1,Other Purse Seines
2024-01-01,2024,1,34.4,-120,USA,fixed_gear,7.2202,5.0816,1,Fixed Gear
2024-01-01,2024,1,34.4,-120.3,USA,other_purse_seines,0.3152,0,1,Other Purse Seines
2024-01-01,2024,1,34.8,-120.9,USA,other_purse_seines,0.5077,0,1,Other Purse Seines
2024-01-01,2024,1,34.4,-120.5,USA,other_purse_seines,0.7511,0,1,Other Purse Seines
2024-01-01,2024,1,34.5,-120.6,USA,other_purse_seines,0.3147,0,1,Other Purse Seines
2024-01-01,2024,1,35,-121,USA,other_purse_seines,0.3327,0,1,Other Purse Seines
2024-02-01,2024,2,34.6,-120.7,USA,fishing,0.1836,0,1,Fishing
2024-02-01,2024,2,34.4,-120.6,USA,fishing,1.2016,0,1,Fishing
2024-02-01,2024,2,34.7,-120.7,USA,fishing,0.8833,0,1,Fishing
2024-02-01,2024,2,34.5,-120.7,USA,fishing,1.0911,0,1,Fishing
2024-02-01,2024,2,35,-120.9,USA,other_purse_seines,0,0,1,Other Purse Seines
2024-02-01,2024,2,34.4,-120,USA,fishing,0.4416,0,1,Fishing
2024-02-01,2024,2,34.9,-120.8,USA,fishing,1.4655,0,1,Fishing
2024-02-01,2024,2,34.4,-120.4,USA,fishing,12.3486,7.3966,1,Fishing
2024-03-01,2024,3,35,-120.9,USA,pole_and_line,0.7919,0,1,Pole and Line
2024-03-01,2024,3,34.4,-120.7,USA,pole_and_line,0.1586,0,1,Pole and Line
2024-03-01,2024,3,34.6,-120.8,USA,pole_and_line,0.7097,0,1,Pole and Line
2024-03-01,2024,3,34.2,-120.6,USA,fixed_gear,0.1325,0,1,Fixed Gear
2024-03-01,2024,3,34.3,-120.4,USA,pole_and_line,1.3486,0,1,Pole and Line
2024-03-01,2024,3,34.4,-120.6,USA,pole_and_line,0.7094,0,1,Pole and Line
2024-03-01,2024,3,34.3,-120.5,USA,pole_and_line,0.3994,0,1,Pole and Line
2024-03-01,2024,3,34.9,-120.8,USA,pole_and_line,1.0416,0,1,Pole and Line
2024-03-01,2024,3,34.7,-120.8,USA,pole_and_line,0.6911,0,1,Pole and Line
2024-03-01,2024,3,34.5,-120.7,USA,pole_and_line,0.7491,0,1,Pole and Line
2024-04-01,2024,4,34.3,-120.8,JPN,drifting_longlines,0.4111,0,1,Drifting Longlines
2024-04-01,2024,4,34.2,-121,USA,fishing,7.1341,2.9827,1,Fishing
2024-04-01,2024,4,34.7,-120.8,USA,fishing,0.9111,0,1,Fishing
2024-04-01,2024,4,34.9,-120.8,USA,fishing,0.8888,0,1,Fishing
2024-04-01,2024,4,34.6,-120.7,USA,other_purse_seines,1.6169,0,1,Other Purse Seines
2024-04-01,2024,4,34.4,-120.4,USA,fishing,0.2497,0,1,Fishing
2024-04-01,2024,4,34.5,-121.5,JPN,drifting_longlines,0.4769,0,1,Drifting Longlines
2024-04-01,2024,4,34.4,-120.9,JPN,drifting_longlines,0.2094,0,1,Drifting Longlines
2024-04-01,2024,4,34.3,-120.5,JPN,drifting_longlines,0.4408,0,1,Drifting Longlines
2024-04-01,2024,4,35,-120.8,USA,other_purse_seines,1.0747,0,1,Other Purse Seines
2024-04-01,2024,4,34.5,-120.7,USA,fishing,1.0061,0,1,Fishing
2024-04-01,2024,4,34.6,-120.7,USA,fishing,0.8127,0,1,Fishing
2024-04-01,2024,4,34.4,-120.6,USA,other_purse_seines,0.8411,0,1,Other Purse Seines
2024-04-01,2024,4,34.5,-120.6,USA,other_purse_seines,0.6411,0,1,Other Purse Seines
2024-04-01,2024,4,34.4,-120.6,USA,fishing,0.9169,0,1,Fishing
2024-04-01,2024,4,34.4,-120.5,USA,other_purse_seines,0.9669,0,1,Other Purse Seines
2024-04-01,2024,4,34.4,-120.5,USA,fishing,0.75,0,1,Fishing
2024-04-01,2024,4,34.3,-120.4,USA,fishing,0.4491,0,1,Fishing
2024-04-01,2024,4,34.5,-121.4,JPN,drifting_longlines,0.2886,0,1,Drifting Longlines
2024-04-01,2024,4,34.4,-121.4,JPN,drifting_longlines,0.1236,0,1,Drifting Longlines
2024-04-01,2024,4,34.4,-121,JPN,drifting_longlines,0.395,0,1,Drifting Longlines
2024-04-01,2024,4,34.3,-120.9,JPN,drifting_longlines,0.2386,0,1,Drifting Longlines
2024-04-01,2024,4,34.3,-120.6,JPN,drifting_longlines,0.3972,0,1,Drifting Longlines
2024-04-01,2024,4,34.8,-120.8,USA,fishing,0.9002,0,1,Fishing
2024-04-01,2024,4,34.9,-120.7,USA,other_purse_seines,2.3594,0,1,Other Purse Seines
2024-04-01,2024,4,34.4,-120.3,USA,other_purse_seines,0.6833,0,1,Other Purse Seines
2024-04-01,2024,4,34.4,-121.3,JPN,drifting_longlines,0.4627,0,1,Drifting Longlines
2024-04-01,2024,4,34.4,-121.2,JPN,drifting_longlines,0.4066,0,1,Drifting Longlines
2024-04-01,2024,4,34.4,-121.1,JPN,drifting_longlines,0.4194,0,1,Drifting Longlines
2024-04-01,2024,4,34.3,-120.7,JPN,drifting_longlines,0.3552,0,1,Drifting Longlines
2024-04-01,2024,4,34.1,-121,USA,fishing,2.2505,0,1,Fishing
2024-04-01,2024,4,35,-120.9,USA,fishing,0.6772,0,1,Fishing
2024-04-01,2024,4,34.6,-120.8,USA,fishing,0.0877,0,1,Fishing
2024-04-01,2024,4,35,-120.8,USA,fishing,0.1991,0,1,Fishing
2024-05-01,2024,5,34.3,-120.6,JPN,drifting_longlines,0.5483,0,1,Drifting Longlines
2024-05-01,2024,5,34.4,-121,JPN,drifting_longlines,0.5336,0,1,Drifting Longlines
2024-05-01,2024,5,34.4,-120.9,JPN,drifting_longlines,0.5519,0,1,Drifting Longlines
2024-05-01,2024,5,34.5,-121.2,JPN,drifting_longlines,0.3533,0,1,Drifting Longlines
2024-05-01,2024,5,34.5,-121.3,JPN,drifting_longlines,0.5849,0,1,Drifting Longlines
2024-05-01,2024,5,34.6,-121.3,JPN,drifting_longlines,0.0836,0,1,Drifting Longlines
2024-05-01,2024,5,34.7,-121.4,JPN,drifting_longlines,0.1383,0,1,Drifting Longlines
2024-05-01,2024,5,34.8,-121.5,JPN,drifting_longlines,0.2966,0,1,Drifting Longlines
2024-05-01,2024,5,34.3,-120.6,USA,fishing,0.3263,0,1,Fishing
2024-05-01,2024,5,34.4,-120.6,USA,other_purse_seines,0.7572,0,1,Other Purse Seines
2024-05-01,2024,5,34.4,-120.7,USA,other_purse_seines,0.2916,0,1,Other Purse Seines
2024-05-01,2024,5,34.5,-120.7,USA,other_purse_seines,0.6661,0,1,Other Purse Seines
2024-05-01,2024,5,34.6,-120.8,USA,other_purse_seines,0.8994,0,1,Other Purse Seines
2024-05-01,2024,5,34.7,-120.9,USA,other_purse_seines,0.9647,0,1,Other Purse Seines
2024-05-01,2024,5,34.8,-121,USA,other_purse_seines,0.4163,0,1,Other Purse Seines
2024-05-01,2024,5,35,-121.4,USA,fishing,0.4319,0,1,Fishing
2024-05-01,2024,5,34.3,-120.7,JPN,drifting_longlines,0.5797,0,1,Drifting Longlines
2024-05-01,2024,5,34.4,-121.1,JPN,drifting_longlines,0.5316,0,1,Drifting Longlines
2024-05-01,2024,5,34.4,-121.2,JPN,drifting_longlines,0.1991,0,1,Drifting Longlines
2024-05-01,2024,5,34.6,-121.4,JPN,drifting_longlines,0.3572,0,1,Drifting Longlines
2024-05-01,2024,5,34.9,-121.6,JPN,drifting_longlines,0.418,0,1,Drifting Longlines
2024-05-01,2024,5,34.5,-120.9,USA,fishing,0.508,0,1,Fishing
2024-05-01,2024,5,34.5,-121,USA,fishing,0.7586,0,1,Fishing
2024-05-01,2024,5,34.6,-121,USA,fishing,0.2583,0,1,Fishing
2024-05-01,2024,5,34.6,-121.2,USA,fishing,0.3491,0,1,Fishing
2024-05-01,2024,5,34.6,-121.1,USA,fishing,0.6177,0,1,Fishing
2024-05-01,2024,5,34.6,-120.9,USA,other_purse_seines,0.2669,0,1,Other Purse Seines
2024-05-01,2024,5,34.9,-121.4,USA,fishing,0.483,0,1,Fishing
2024-05-01,2024,5,34.9,-121.1,USA,other_purse_seines,0.6161,0,1,Other Purse Seines
2024-05-01,2024,5,34.3,-120.4,JPN,drifting_longlines,0.5302,0,1,Drifting Longlines
2024-05-01,2024,5,34.7,-121.5,JPN,drifting_longlines,0.3377,0,1,Drifting Longlines
2024-05-01,2024,5,34.3,-120.4,USA,fishing,1.5483,0,1,Fishing
2024-05-01,2024,5,34.3,-120.4,USA,other_purse_seines,0.908,0,2,Other Purse Seines
2024-05-01,2024,5,34.3,-120.5,USA,other_purse_seines,0.9583,0,1,Other Purse Seines
2024-05-01,2024,5,34.4,-120.8,USA,fishing,0.525,0,1,Fishing
2024-05-01,2024,5,34.4,-120.6,USA,fishing,0.7838,0,1,Fishing
2024-05-01,2024,5,34.4,-120.7,USA,fishing,0.3819,0,1,Fishing
2024-05-01,2024,5,34.7,-121.2,USA,fishing,0.9008,0,1,Fishing
2024-05-01,2024,5,34.9,-121.3,USA,fishing,0.8675,0,1,Fishing
2024-05-01,2024,5,34.3,-120.5,JPN,drifting_longlines,0.5366,0,1,Drifting Longlines
2024-05-01,2024,5,34.4,-120.8,JPN,drifting_longlines,0.5538,0,1,Drifting Longlines
2024-05-01,2024,5,34.8,-121.6,JPN,drifting_longlines,0.1366,0,1,Drifting Longlines
2024-05-01,2024,5,34.4,-120.9,USA,fishing,0.25,0,1,Fishing
2024-05-01,2024,5,34.5,-120.8,USA,other_purse_seines,0.1825,0,1,Other Purse Seines
2024-05-01,2024,5,34.8,-121.3,USA,fishing,0.7997,0,1,Fishing
2024-05-01,2024,5,34.9,-121,USA,other_purse_seines,0.7997,0,1,Other Purse Seines
2024-05-01,2024,5,35,-121.2,USA,other_purse_seines,0.4411,0,1,Other Purse Seines
2024-05-01,2024,5,35,-121.1,USA,other_purse_seines,0.6747,0,1,Other Purse Seines
2024-06-01,2024,6,34.5,-121.5,USA,drifting_longlines,0.9336,0,1,Drifting Longlines
2024-06-01,2024,6,34.7,-121.3,USA,trawlers,0.0894,0,1,Trawlers
2024-06-01,2024,6,34.8,-121.3,USA,trawlers,8.34,6.718,1,Trawlers
2024-06-01,2024,6,34.4,-121.2,USA,drifting_longlines,0.6094,0,1,Drifting Longlines
2024-06-01,2024,6,35,-121.2,USA,trawlers,2.0561,1.4852,1,Trawlers
2024-06-01,2024,6,34.8,-121,USA,fishing,1.0094,0,1,Fishing
2024-06-01,2024,6,34.5,-121,USA,trawlers,0.4238,0,1,Trawlers
2024-06-01,2024,6,34.4,-121,USA,drifting_longlines,0.5872,0,1,Drifting Longlines
2024-06-01,2024,6,34.6,-120.9,USA,fishing,1.21,0,1,Fishing
2024-06-01,2024,6,34.4,-120.9,USA,trawlers,0.6269,0,1,Trawlers
2024-06-01,2024,6,34.9,-120.9,USA,other_purse_seines,0.6425,0,1,Other Purse Seines
2024-06-01,2024,6,35,-120.9,USA,other_purse_seines,0.6083,0,1,Other Purse Seines
2024-06-01,2024,6,34.6,-120.8,USA,other_purse_seines,0.8016,0,1,Other Purse Seines
2024-06-01,2024,6,34.4,-120.8,USA,drifting_longlines,0.7083,0,1,Drifting Longlines
2024-06-01,2024,6,34.5,-120.7,USA,other_purse_seines,0.6408,0,1,Other Purse Seines
2024-06-01,2024,6,34.5,-120.7,USA,fishing,0.3913,0,1,Fishing
2024-06-01,2024,6,34.4,-120.7,USA,drifting_longlines,0.35,0,1,Drifting Longlines
2024-06-01,2024,6,34.5,-120.6,USA,other_purse_seines,0.1744,0,1,Other Purse Seines
2024-06-01,2024,6,34.3,-120.6,USA,trawlers,0.5066,0,1,Trawlers
2024-06-01,2024,6,34.4,-120.5,USA,fishing,5.0375,0,2,Fishing
2024-06-01,2024,6,34.3,-120.5,USA,pole_and_line,1.5177,0,1,Pole and Line
2024-06-01,2024,6,34.3,-120.5,USA,trawlers,0.6144,0,1,Trawlers
2024-06-01,2024,6,34.3,-120.4,USA,trawlers,0.0252,0,1,Trawlers
2024-06-01,2024,6,34.4,-120.3,USA,other_purse_seines,0.2408,0,1,Other Purse Seines
2024-06-01,2024,6,34.8,-121.4,USA,trawlers,0.7366,0.7183,1,Trawlers
2024-06-01,2024,6,34.4,-121.3,USA,drifting_longlines,0.4663,0,1,Drifting Longlines
2024-06-01,2024,6,34.6,-121.1,USA,trawlers,0.0788,0,1,Trawlers
2024-06-01,2024,6,34.8,-120.9,USA,other_purse_seines,0.3327,0,1,Other Purse Seines
2024-06-01,2024,6,34.7,-120.9,USA,fishing,1.6863,0,1,Fishing
2024-06-01,2024,6,34.4,-120.9,USA,drifting_longlines,1.0427,0,1,Drifting Longlines
2024-06-01,2024,6,34.5,-120.9,USA,pole_and_line,0.3836,0,1,Pole and Line
2024-06-01,2024,6,34.6,-120.9,USA,pole_and_line,1.0422,0,1,Pole and Line
2024-06-01,2024,6,35.1,-120.8,USA,fishing,165.0255,0,1,Fishing
2024-06-01,2024,6,34.7,-120.8,USA,other_purse_seines,0.7255,0,1,Other Purse Seines
2024-06-01,2024,6,35.1,-120.8,USA,trawlers,6.258,0,1,Trawlers
2024-06-01,2024,6,34.8,-120.8,USA,other_purse_seines,0.3405,0,1,Other Purse Seines
2024-06-01,2024,6,34.8,-120.7,USA,other_purse_seines,1.5922,0,1,Other Purse Seines
2024-06-01,2024,6,35,-120.7,USA,other_purse_seines,16.02,0,1,Other Purse Seines
2024-06-01,2024,6,34.3,-120.5,USA,drifting_longlines,0.7641,0,1,Drifting Longlines
2024-06-01,2024,6,34.3,-120.4,USA,drifting_longlines,0.3827,0,1,Drifting Longlines
2024-06-01,2024,6,34.4,-120.4,USA,trawlers,0.7591,0,1,Trawlers
2024-06-01,2024,6,34.4,-121.4,USA,drifting_longlines,0.5236,0,1,Drifting Longlines
2024-06-01,2024,6,34.9,-121.3,USA,trawlers,1.4613,1.4613,1,Trawlers
2024-06-01,2024,6,34.7,-121.2,USA,trawlers,0.7052,0,1,Trawlers
2024-06-01,2024,6,35,-121.1,USA,trawlers,2.4652,2.0163,1,Trawlers
2024-06-01,2024,6,34.9,-121,USA,fishing,0.5572,0,1,Fishing
2024-06-01,2024,6,35,-121,USA,fishing,1.1663,0,1,Fishing
2024-06-01,2024,6,34.4,-120.8,USA,pole_and_line,0.7405,0,1,Pole and Line
2024-06-01,2024,6,34.4,-120.8,USA,trawlers,0.6377,0,1,Trawlers
2024-06-01,2024,6,34.4,-120.7,USA,fishing,2.0419,0,1,Fishing
2024-06-01,2024,6,34.4,-120.7,USA,pole_and_line,0.0669,0,1,Pole and Line
2024-06-01,2024,6,34.3,-120.6,USA,drifting_longlines,0.5202,0,1,Drifting Longlines
2024-06-01,2024,6,34.4,-120.6,USA,trawlers,0.1036,0,1,Trawlers
2024-06-01,2024,6,34.4,-120.5,USA,other_purse_seines,0.433,0,1,Other Purse Seines
2024-06-01,2024,6,34.4,-120.4,USA,other_purse_seines,0.6933,0,1,Other Purse Seines
2024-06-01,2024,6,34.3,-120.4,USA,fishing,0.8672,0,1,Fishing
2024-06-01,2024,6,34.9,-121.4,USA,trawlers,0.528,0.3219,1,Trawlers
2024-06-01,2024,6,35,-121.4,USA,trawlers,1.8502,0.6825,1,Trawlers
2024-06-01,2024,6,35,-121.3,USA,trawlers,1.8311,1.2016,1,Trawlers
2024-06-01,2024,6,34.8,-121.2,USA,trawlers,0.2597,0.168,1,Trawlers
2024-06-01,2024,6,34.6,-121.2,USA,trawlers,0.7963,0,1,Trawlers
2024-06-01,2024,6,34.4,-121.1,USA,drifting_longlines,0.6652,0,1,Drifting Longlines
2024-06-01,2024,6,34.4,-121.1,USA,trawlers,0.0583,0,1,Trawlers
2024-06-01,2024,6,34.5,-121.1,USA,trawlers,2.7902,1.2763,1,Trawlers
2024-06-01,2024,6,34.7,-121,USA,pole_and_line,2.3577,0,1,Pole and Line
2024-06-01,2024,6,34.4,-121,USA,trawlers,0.2594,0,1,Trawlers
2024-06-01,2024,6,34.6,-120.8,USA,fishing,0.2819,0,1,Fishing
2024-06-01,2024,6,34.5,-120.8,USA,fishing,1.1847,0,1,Fishing
2024-06-01,2024,6,34.4,-120.7,USA,trawlers,0.5741,0,1,Trawlers
2024-06-01,2024,6,34.7,-120.7,USA,other_purse_seines,0.2488,0,1,Other Purse Seines
2024-06-01,2024,6,34.4,-120.6,USA,drifting_longlines,0.1797,0,1,Drifting Longlines
2024-06-01,2024,6,34.5,-120.6,USA,fishing,1.5827,0,1,Fishing
2024-06-01,2024,6,34.4,-120.6,USA,other_purse_seines,0.6588,0,1,Other Purse Seines
2024-06-01,2024,6,34.4,-120.5,USA,trawlers,0,0,1,Trawlers
2024-06-01,2024,6,34.4,-120.3,USA,trawlers,0.5161,0,1,Trawlers
2024-07-01,2024,7,34.5,-121.2,USA,fishing,3.205,0.6308,1,Fishing
2024-07-01,2024,7,34.1,-121.1,USA,fishing,0.6669,0,1,Fishing
2024-07-01,2024,7,34.4,-121,USA,fishing,0.1069,0,1,Fishing
2024-07-01,2024,7,34.8,-121,USA,fishing,0.4252,0,1,Fishing
2024-07-01,2024,7,35,-120.9,USA,trawlers,0.1127,0,1,Trawlers
2024-07-01,2024,7,34.8,-120.9,USA,fishing,1.6755,0,2,Fishing
2024-07-01,2024,7,34.5,-120.8,USA,fishing,0.1847,0,1,Fishing
2024-07-01,2024,7,34.4,-120.8,USA,fishing,0.2675,0,1,Fishing
2024-07-01,2024,7,35,-120.8,USA,trawlers,1.5416,0,2,Trawlers
2024-07-01,2024,7,34.5,-120.7,USA,trawlers,1.6491,0,2,Trawlers
2024-07-01,2024,7,34.4,-120.7,USA,fishing,0.4183,0,1,Fishing
2024-07-01,2024,7,34.3,-120.4,USA,trawlers,1.7741,0,2,Trawlers
2024-07-01,2024,7,34.9,-121,USA,fishing,0.8761,0,2,Fishing
2024-07-01,2024,7,34.9,-120.9,USA,fishing,0.7072,0,1,Fishing
2024-07-01,2024,7,35.1,-120.8,USA,fishing,40.3219,0,1,Fishing
2024-07-01,2024,7,34.6,-120.7,USA,fishing,0.3505,0,1,Fishing
2024-07-01,2024,7,34.7,-120.7,USA,trawlers,0.8925,0,2,Trawlers
2024-07-01,2024,7,34.4,-120.6,USA,trawlers,1.8377,0,2,Trawlers
2024-07-01,2024,7,34.4,-120.6,USA,fishing,1.1477,0,3,Fishing
2024-07-01,2024,7,34.4,-120.4,USA,fishing,0.9866,0,2,Fishing
2024-07-01,2024,7,34.3,-120.4,USA,fishing,1.1694,0,2,Fishing
2024-07-01,2024,7,34.4,-120,USA,fishing,0.93,0,2,Fishing
2024-07-01,2024,7,35,-121.1,USA,fishing,0.67490000000000006,0,1,Fishing
2024-07-01,2024,7,35,-121,USA,fishing,1.4744,0,2,Fishing
2024-07-01,2024,7,34.4,-120.9,USA,fishing,0.5086,0,1,Fishing
2024-07-01,2024,7,34.9,-120.8,USA,trawlers,1.6222,0,2,Trawlers
2024-07-01,2024,7,34.8,-120.8,USA,fishing,1.55,0,1,Fishing
2024-07-01,2024,7,35.1,-120.8,USA,trawlers,0.323,0,1,Trawlers
2024-07-01,2024,7,34.8,-120.8,USA,trawlers,1.4733,0,2,Trawlers
2024-07-01,2024,7,34.5,-120.7,USA,fishing,3.3511,0,3,Fishing
2024-07-01,2024,7,34.6,-120.7,USA,trawlers,1.9088,0,2,Trawlers
2024-07-01,2024,7,34.5,-120.6,USA,fishing,1.4355,0,3,Fishing
2024-07-01,2024,7,34.3,-120.5,USA,fishing,0.4911,0,1,Fishing
2024-07-01,2024,7,34.4,-120.3,USA,fishing,1.4213,0,2,Fishing
2024-07-01,2024,7,34.4,-120,USA,trawlers,1.5513,0.1991,2,Trawlers
2024-07-01,2024,7,34.5,-121.1,USA,fishing,4.7861,4.2855,1,Fishing
2024-07-01,2024,7,34.1,-121,USA,fishing,3.3263,0,1,Fishing
2024-07-01,2024,7,34.5,-121,USA,fishing,0.1502,0,1,Fishing
2024-07-01,2024,7,34.7,-120.9,USA,fishing,1.7225,0,2,Fishing
2024-07-01,2024,7,34.7,-120.8,USA,trawlers,0.7813,0,1,Trawlers
2024-07-01,2024,7,34.7,-120.8,USA,fishing,0.6197,0,3,Fishing
2024-07-01,2024,7,34.6,-120.8,USA,fishing,2.3388,0,2,Fishing
2024-07-01,2024,7,34.4,-120.7,USA,trawlers,0.3163,0,2,Trawlers
2024-07-01,2024,7,34.7,-120.7,USA,fishing,0.8969,0,1,Fishing
2024-07-01,2024,7,34.4,-120.5,USA,trawlers,14.7633,0,3,Trawlers
2024-07-01,2024,7,34.3,-120.5,USA,trawlers,0.5113,0,2,Trawlers
2024-07-01,2024,7,34.4,-120.5,USA,fishing,2.8886,0,4,Fishing
2024-08-01,2024,8,34.6,-121.5,JPN,drifting_longlines,1.2011,0.7925,1,Drifting Longlines
2024-08-01,2024,8,34.8,-121.5,JPN,drifting_longlines,0.3805,0,1,Drifting Longlines
2024-08-01,2024,8,34.7,-121.5,JPN,drifting_longlines,0.215,0,1,Drifting Longlines
2024-08-01,2024,8,34.6,-121.3,JPN,drifting_longlines,0.1038,0,1,Drifting Longlines
2024-08-01,2024,8,34.5,-121.3,JPN,drifting_longlines,1.01,0,1,Drifting Longlines
2024-08-01,2024,8,34.4,-121.3,JPN,drifting_longlines,0.2605,0,1,Drifting Longlines
2024-08-01,2024,8,34.5,-121.2,JPN,drifting_longlines,0.3138,0,1,Drifting Longlines
2024-08-01,2024,8,34.4,-121,JPN,drifting_longlines,1.0763,0,1,Drifting Longlines
2024-08-01,2024,8,34.4,-120.8,JPN,drifting_longlines,0.5349,0,1,Drifting Longlines
2024-08-01,2024,8,34.3,-120.6,JPN,drifting_longlines,1.0916,0,1,Drifting Longlines
2024-08-01,2024,8,34.7,-121.6,JPN,drifting_longlines,0.2847,0,1,Drifting Longlines
2024-08-01,2024,8,34.8,-121.6,JPN,drifting_longlines,0.0658,0,1,Drifting Longlines
2024-08-01,2024,8,34.4,-120.9,JPN,drifting_longlines,0.8883,0,1,Drifting Longlines
2024-08-01,2024,8,34.5,-121.5,JPN,drifting_longlines,0.1322,0,1,Drifting Longlines
2024-08-01,2024,8,34.5,-121.4,JPN,drifting_longlines,0.5222,0,1,Drifting Longlines
2024-08-01,2024,8,34.6,-121.4,JPN,drifting_longlines,0.3616,0,1,Drifting Longlines
2024-08-01,2024,8,34.7,-121.4,JPN,drifting_longlines,0.2377,0,1,Drifting Longlines
2024-08-01,2024,8,34.4,-121.1,JPN,drifting_longlines,1.0819,0,1,Drifting Longlines
2024-08-01,2024,8,34.3,-120.4,JPN,drifting_longlines,0.5775,0,1,Drifting Longlines
2024-08-01,2024,8,34.9,-121.6,JPN,drifting_longlines,0.4708,0,1,Drifting Longlines
2024-08-01,2024,8,34.4,-121.2,JPN,drifting_longlines,0.7077,0,1,Drifting Longlines
2024-08-01,2024,8,34.3,-120.9,JPN,drifting_longlines,0.2011,0,1,Drifting Longlines
2024-08-01,2024,8,34.3,-120.8,JPN,drifting_longlines,0.5613,0,1,Drifting Longlines
2024-08-01,2024,8,34.3,-120.7,JPN,drifting_longlines,1.1116,0,1,Drifting Longlines
2024-08-01,2024,8,34.3,-120.5,JPN,drifting_longlines,1.098,0,1,Drifting Longlines
2024-08-01,2024,8,35,-121.1,USA,fishing,1.8074,0.025,1,Fishing
2024-08-01,2024,8,35,-120.9,USA,fishing,1.6258,0,1,Fishing
2024-08-01,2024,8,35.1,-120.8,USA,fishing,1.3913,0.2508,1,Fishing
2024-08-01,2024,8,34.5,-121.2,USA,fishing,9.0083,8.9408,1,Fishing
2024-08-01,2024,8,34.9,-121,USA,fishing,0.6836,0,1,Fishing
2024-08-01,2024,8,34.4,-120.8,USA,fishing,0.1502,0,1,Fishing
2024-08-01,2024,8,34.4,-120.7,USA,fishing,0.6741,0,1,Fishing
2024-08-01,2024,8,34.4,-121,USA,fishing,0.2088,0,1,Fishing
2024-08-01,2024,8,34.5,-121,USA,fishing,1.1755,0,1,Fishing
2024-08-01,2024,8,34.4,-120.3,USA,fishing,1.3758,0,1,Fishing
2024-08-01,2024,8,34.5,-121.1,USA,fishing,6.1166,4.1822,1,Fishing
2024-08-01,2024,8,34.4,-120.9,USA,fishing,0.4411,0,1,Fishing
2024-08-01,2024,8,34.4,-120,USA,fishing,2.1997,0,1,Fishing
2024-09-01,2024,9,34.8,-121.4,USA,fishing,0.7669,0,1,Fishing
2024-09-01,2024,9,34.4,-121.4,USA,drifting_longlines,1.8422,0,1,Drifting Longlines
2024-09-01,2024,9,34.3,-121.2,USA,drifting_longlines,1.4152,0,1,Drifting Longlines
2024-09-01,2024,9,34.8,-121.1,USA,trawlers,0.6922,0,1,Trawlers
2024-09-01,2024,9,34.8,-121.1,USA,fishing,0.2261,0,1,Fishing
2024-09-01,2024,9,34.2,-121,USA,drifting_longlines,1.0155,0,1,Drifting Longlines
2024-09-01,2024,9,34.6,-120.9,USA,drifting_longlines,0.958,0,1,Drifting Longlines
2024-09-01,2024,9,34.4,-120.9,USA,fishing,0.508,0,1,Fishing
2024-09-01,2024,9,34.7,-120.9,USA,other_purse_seines,3.4952,0,3,Other Purse Seines
2024-09-01,2024,9,34.6,-120.8,USA,fishing,0.2508,0,1,Fishing
2024-09-01,2024,9,34.8,-120.8,USA,fishing,0.5491,0,1,Fishing
2024-09-01,2024,9,34.6,-120.8,USA,other_purse_seines,1.8236,0,3,Other Purse Seines
2024-09-01,2024,9,35.1,-120.8,USA,fishing,81.3191,0,1,Fishing
2024-09-01,2024,9,34.9,-120.7,USA,fishing,1.7905,0.1902,1,Fishing
2024-09-01,2024,9,34.3,-120.7,USA,fishing,0.683,0,1,Fishing
2024-09-01,2024,9,34.5,-120.7,USA,drifting_longlines,0.8925,0.6002,2,Drifting Longlines
2024-09-01,2024,9,34.5,-120.6,USA,other_purse_seines,5.2416,0,2,Other Purse Seines
2024-09-01,2024,9,34.5,-120.6,USA,fishing,0.0463,0,1,Fishing
2024-09-01,2024,9,34.4,-120.6,USA,other_purse_seines,2.328,0,3,Other Purse Seines
2024-09-01,2024,9,34.3,-120.5,USA,drifting_longlines,0.2761,0,1,Drifting Longlines
2024-09-01,2024,9,34.3,-120.5,USA,fishing,0.8672,0,1,Fishing
2024-09-01,2024,9,34.3,-120.4,USA,fishing,0.7655,0,2,Fishing
2024-09-01,2024,9,34.4,-120.3,USA,other_purse_seines,1.0447,0,3,Other Purse Seines
2024-09-01,2024,9,34.4,-120.3,USA,drifting_longlines,0.4811,0,1,Drifting Longlines
2024-09-01,2024,9,34.4,-120,USA,drifting_longlines,0.7502,0,1,Drifting Longlines
2024-09-01,2024,9,34.8,-121.5,USA,fishing,0.2583,0,1,Fishing
2024-09-01,2024,9,34.9,-121.5,USA,fishing,0.608,0,1,Fishing
2024-09-01,2024,9,35,-121.3,USA,other_purse_seines,0.283,0,1,Other Purse Seines
2024-09-01,2024,9,34.8,-121.3,USA,fishing,0.4255,0,1,Fishing
2024-09-01,2024,9,34.8,-121.2,USA,trawlers,0.2969,0,1,Trawlers
2024-09-01,2024,9,34.7,-121.2,USA,fishing,0.7016,0,1,Fishing
2024-09-01,2024,9,34.9,-121.2,USA,other_purse_seines,0.3422,0,1,Other Purse Seines
2024-09-01,2024,9,34.9,-121.1,USA,other_purse_seines,0.3333,0,1,Other Purse Seines
2024-09-01,2024,9,35,-121.1,USA,trawlers,0.67490000000000006,0.0447,1,Trawlers
2024-09-01,2024,9,34.8,-121.1,USA,drifting_longlines,5.9838,0,1,Drifting Longlines
2024-09-01,2024,9,35,-121.1,USA,fishing,5.5424,2.9444,2,Fishing
2024-09-01,2024,9,34.9,-121.1,USA,fishing,18.0188,13.5788,2,Fishing
2024-09-01,2024,9,34.6,-121.1,USA,fishing,0.4247,0,1,Fishing
2024-09-01,2024,9,34.7,-121,USA,drifting_longlines,0.9416,0,1,Drifting Longlines
2024-09-01,2024,9,34.9,-121,USA,other_purse_seines,1.0086,0,2,Other Purse Seines
2024-09-01,2024,9,35,-121,USA,trawlers,0.1727,0,1,Trawlers
2024-09-01,2024,9,34.9,-120.9,USA,fishing,0.8988,0,1,Fishing
2024-09-01,2024,9,34.8,-120.9,USA,fishing,0.6008,0,1,Fishing
2024-09-01,2024,9,34.5,-120.9,USA,fishing,1.5244,0,2,Fishing
2024-09-01,2024,9,34.6,-120.9,USA,other_purse_seines,0.4747,0,1,Other Purse Seines
2024-09-01,2024,9,34.1,-120.9,USA,drifting_longlines,1.1913,0.0172,1,Drifting Longlines
2024-09-01,2024,9,34.3,-120.8,USA,fishing,1.2427,0,1,Fishing
2024-09-01,2024,9,34.7,-120.8,USA,other_purse_seines,1.3661,0,2,Other Purse Seines
2024-09-01,2024,9,34,-120.8,USA,drifting_longlines,0.4672,0,1,Drifting Longlines
2024-09-01,2024,9,35,-120.8,USA,fishing,0.1413,0,1,Fishing
2024-09-01,2024,9,34.5,-120.8,USA,drifting_longlines,1.4502,0.4333,2,Drifting Longlines
2024-09-01,2024,9,34.2,-120.7,USA,fishing,0.2163,0,1,Fishing
2024-09-01,2024,9,34.4,-120.7,USA,fishing,0.4588,0,1,Fishing
2024-09-01,2024,9,34.4,-120.6,USA,fishing,1.675,0,2,Fishing
2024-09-01,2024,9,34.4,-120.5,USA,other_purse_seines,2.7769,0,3,Other Purse Seines
2024-09-01,2024,9,34.3,-120.4,USA,other_purse_seines,0.5683,0,1,Other Purse Seines
2024-09-01,2024,9,34.3,-120.4,USA,drifting_longlines,0.5336,0,1,Drifting Longlines
2024-09-01,2024,9,34.4,-120.4,USA,fishing,0.3011,0,1,Fishing
2024-09-01,2024,9,34.9,-121.6,USA,drifting_longlines,5.9925,5.9925,1,Drifting Longlines
2024-09-01,2024,9,35,-121.5,USA,trawlers,0.6825,0.6825,1,Trawlers
2024-09-01,2024,9,34.7,-121.4,USA,drifting_longlines,8.1983,8.1983,1,Drifting Longlines
2024-09-01,2024,9,34.7,-121.3,USA,fishing,0.3325,0,1,Fishing
2024-09-01,2024,9,34.2,-121.2,USA,drifting_longlines,0.6588,0,1,Drifting Longlines
2024-09-01,2024,9,34.6,-121.2,USA,drifting_longlines,4.3605,4.3605,1,Drifting Longlines
2024-09-01,2024,9,35,-121.2,USA,fishing,0.0833,0,1,Fishing
2024-09-01,2024,9,35,-121.1,USA,other_purse_seines,0.6497,0,1,Other Purse Seines
2024-09-01,2024,9,34.2,-121.1,USA,drifting_longlines,0.1261,0,1,Drifting Longlines
2024-09-01,2024,9,34.7,-121.1,USA,fishing,0.5405,0,1,Fishing
2024-09-01,2024,9,34.8,-121,USA,trawlers,0.2188,0,1,Trawlers
2024-09-01,2024,9,35,-121,USA,fishing,2.953,0.3066,2,Fishing
2024-09-01,2024,9,34.9,-121,USA,trawlers,1.7752,0.5708,1,Trawlers
2024-09-01,2024,9,35,-121,USA,other_purse_seines,1.2244,0,2,Other Purse Seines
2024-09-01,2024,9,34.9,-121,USA,fishing,3.1577,0.25,1,Fishing
2024-09-01,2024,9,34.6,-121,USA,fishing,0.9252,0,1,Fishing
2024-09-01,2024,9,35,-120.9,USA,fishing,7.6663,0,2,Fishing
2024-09-01,2024,9,34.9,-120.9,USA,other_purse_seines,0.4105,0,1,Other Purse Seines
2024-09-01,2024,9,34.6,-120.9,USA,fishing,1.4841,0,2,Fishing
2024-09-01,2024,9,34.7,-120.8,USA,fishing,0.8022,0,1,Fishing
2024-09-01,2024,9,34.9,-120.8,USA,fishing,3.9858,0.2508,1,Fishing
2024-09-01,2024,9,34.5,-120.8,USA,fishing,0.8505,0,1,Fishing
2024-09-01,2024,9,34.5,-120.7,USA,other_purse_seines,2.138,0,4,Other Purse Seines
2024-09-01,2024,9,34.4,-120.7,USA,drifting_longlines,1.2827,0.81,2,Drifting Longlines
2024-09-01,2024,9,34.6,-120.7,USA,other_purse_seines,0.2583,0,1,Other Purse Seines
2024-09-01,2024,9,34.4,-120.7,USA,other_purse_seines,0.3394,0,1,Other Purse Seines
2024-09-01,2024,9,34.2,-120.6,USA,fishing,1.2325,0,1,Fishing
2024-09-01,2024,9,34.4,-120.5,USA,fishing,0.9069,0,2,Fishing
2024-09-01,2024,9,34.4,-120.5,USA,drifting_longlines,2.5547,0,2,Drifting Longlines
2024-09-01,2024,9,34.3,-120.5,USA,other_purse_seines,0.7833,0,1,Other Purse Seines
2024-09-01,2024,9,34.4,-120.4,USA,other_purse_seines,2.2872,0,3,Other Purse Seines
2024-09-01,2024,9,34.4,-120,USA,fixed_gear,3.3702,0.7125,1,Fixed Gear
2024-09-01,2024,9,34.9,-121.6,USA,fishing,0.6661,0,1,Fishing
2024-09-01,2024,9,35,-121.2,USA,trawlers,1.2433,1.0386,1,Trawlers
2024-09-01,2024,9,35,-121.2,USA,other_purse_seines,0.5977,0,2,Other Purse Seines
2024-09-01,2024,9,34.8,-121,USA,other_purse_seines,0.6699,0,1,Other Purse Seines
2024-09-01,2024,9,34.7,-121,USA,fishing,0.5741,0,1,Fishing
2024-09-01,2024,9,34.1,-121,USA,drifting_longlines,0.4675,0,1,Drifting Longlines
2024-09-01,2024,9,34.8,-121,USA,fishing,0.7908,0,1,Fishing
2024-09-01,2024,9,34.8,-120.9,USA,other_purse_seines,2.3938,0,3,Other Purse Seines
2024-09-01,2024,9,34.5,-120.8,USA,other_purse_seines,1.3091,0,2,Other Purse Seines
2024-09-01,2024,9,34.5,-120.7,USA,fishing,1.1522,0,2,Fishing
2024-09-01,2024,9,34.6,-120.7,USA,fishing,0.6988,0,1,Fishing
2024-09-01,2024,9,34.4,-120.6,USA,drifting_longlines,1.5105,0,2,Drifting Longlines
2024-10-01,2024,10,34.3,-120.9,JPN,drifting_longlines,0.2305,0,1,Drifting Longlines
2024-10-01,2024,10,34.3,-120.6,JPN,drifting_longlines,0.7569,0,1,Drifting Longlines
2024-10-01,2024,10,34.3,-120.5,JPN,drifting_longlines,0.7975,0,1,Drifting Longlines
2024-10-01,2024,10,34.8,-121.3,USA,fishing,16.6505,7.6333,1,Fishing
2024-10-01,2024,10,34.6,-121.2,USA,trawlers,0.1661,0.1661,1,Trawlers
2024-10-01,2024,10,34.6,-121.1,USA,trawlers,0.5077,0.5077,1,Trawlers
2024-10-01,2024,10,35,-121.1,USA,trawlers,0.2394,0,1,Trawlers
2024-10-01,2024,10,35,-121,USA,fishing,2.3833,0,3,Fishing
2024-10-01,2024,10,34.9,-121,USA,other_purse_seines,1.3088,0,1,Other Purse Seines
2024-10-01,2024,10,35,-121,USA,trawlers,0.5519,0,1,Trawlers
2024-10-01,2024,10,34.9,-121,USA,trawlers,1.2747,0.7755,2,Trawlers
2024-10-01,2024,10,34.9,-120.9,USA,fishing,2.4094,0,3,Fishing
2024-10-01,2024,10,34.8,-120.9,USA,fishing,11.9691,0,3,Fishing
2024-10-01,2024,10,34.9,-120.9,USA,trawlers,0.5897,0.2661,2,Trawlers
2024-10-01,2024,10,34.9,-120.8,USA,fishing,1.2986,0,2,Fishing
2024-10-01,2024,10,34.7,-120.8,USA,fishing,3.5491,0,3,Fishing
2024-10-01,2024,10,34.5,-120.8,USA,trawlers,2.6891,1.3488,2,Trawlers
2024-10-01,2024,10,34.3,-120.8,USA,trawlers,1.0705,0,2,Trawlers
2024-10-01,2024,10,34.6,-120.8,USA,other_purse_seines,1.0066,0,1,Other Purse Seines
2024-10-01,2024,10,34.8,-120.8,USA,fishing,0.2661,0,1,Fishing
2024-10-01,2024,10,34.5,-120.7,USA,other_purse_seines,0.8186,0,1,Other Purse Seines
2024-10-01,2024,10,34.4,-120.7,USA,trawlers,2.4199,1.1341,1,Trawlers
2024-10-01,2024,10,34.8,-120.7,USA,fishing,19.7505,0,1,Fishing
2024-10-01,2024,10,34.5,-120.7,USA,trawlers,4.5466,1.0838,2,Trawlers
2024-10-01,2024,10,34.2,-120.7,USA,trawlers,1.4774,0.1252,2,Trawlers
2024-10-01,2024,10,34.3,-120.7,USA,trawlers,1.8741,0.8311,2,Trawlers
2024-10-01,2024,10,34.4,-120.6,USA,other_purse_seines,0.5158,0,1,Other Purse Seines
2024-10-01,2024,10,34.4,-120.6,USA,fishing,4.8394,0,4,Fishing
2024-10-01,2024,10,34.4,-120.5,USA,other_purse_seines,0.5169,0,1,Other Purse Seines
2024-10-01,2024,10,34.3,-120.5,USA,fishing,0.075,0,1,Fishing
2024-10-01,2024,10,34.4,-120.5,USA,trawlers,13.4733,5.9647,2,Trawlers
2024-10-01,2024,10,34.4,-120.4,USA,trawlers,0.1938,0,1,Trawlers
2024-10-01,2024,10,34.3,-120.4,USA,fishing,1.3599,0,2,Fishing
2024-10-01,2024,10,34.4,-120.3,USA,trawlers,2.1705,2.1705,1,Trawlers
2024-10-01,2024,10,34.4,-120.3,USA,fixed_gear,0.3133,0,1,Fixed Gear
2024-10-01,2024,10,34.4,-120.3,USA,other_purse_seines,0.2583,0,1,Other Purse Seines
2024-10-01,2024,10,34.4,-120,USA,trawlers,0.1333,0.0833,1,Trawlers
2024-10-01,2024,10,34.4,-120,USA,fishing,0.2494,0,1,Fishing
2024-10-01,2024,10,34.7,-121.6,JPN,drifting_longlines,0.133,0,1,Drifting Longlines
2024-10-01,2024,10,34.6,-121.5,JPN,drifting_longlines,0.8941,0,1,Drifting Longlines
2024-10-01,2024,10,34.4,-121.3,JPN,drifting_longlines,0.2344,0,1,Drifting Longlines
2024-10-01,2024,10,34.4,-121.2,JPN,drifting_longlines,0.5686,0,1,Drifting Longlines
2024-10-01,2024,10,34.4,-121,JPN,drifting_longlines,0.8527,0,1,Drifting Longlines
2024-10-01,2024,10,34.3,-120.8,JPN,drifting_longlines,0.9797,0,1,Drifting Longlines
2024-10-01,2024,10,34.3,-120.4,JPN,drifting_longlines,0.2005,0,1,Drifting Longlines
2024-10-01,2024,10,34.9,-121.3,USA,fishing,4.5913,2.3341,1,Fishing
2024-10-01,2024,10,34.5,-121.2,USA,fishing,13.6555,12.6022,1,Fishing
2024-10-01,2024,10,34.8,-121.1,USA,trawlers,0.2011,0,1,Trawlers
2024-10-01,2024,10,34.5,-121.1,USA,trawlers,4.0188,3.4513,1,Trawlers
2024-10-01,2024,10,34.7,-121.1,USA,trawlers,4.5158,3.6386,2,Trawlers
2024-10-01,2024,10,34.6,-121,USA,trawlers,0.4819,0.2055,1,Trawlers
2024-10-01,2024,10,34.7,-120.9,USA,other_purse_seines,0.7833,0,1,Other Purse Seines
2024-10-01,2024,10,34.8,-120.9,USA,other_purse_seines,0.7305,0,1,Other Purse Seines
2024-10-01,2024,10,34.7,-120.9,USA,trawlers,0.713,0.033,1,Trawlers
2024-10-01,2024,10,34.4,-120.9,USA,fishing,0.258,0,1,Fishing
2024-10-01,2024,10,34.6,-120.8,USA,trawlers,1.2586,0.1352,1,Trawlers
2024-10-01,2024,10,34.2,-120.8,USA,trawlers,1.5675,1.2194,1,Trawlers
2024-10-01,2024,10,35,-120.8,USA,fishing,1.645,0,1,Fishing
2024-10-01,2024,10,35.1,-120.8,USA,fishing,22.7261,2.7336,1,Fishing
2024-10-01,2024,10,34.6,-120.7,USA,trawlers,0.0752,0,1,Trawlers
2024-10-01,2024,10,34.7,-120.7,USA,fishing,5.0569,2.3155,1,Fishing
2024-10-01,2024,10,34.1,-120.7,USA,trawlers,0.9011,0,1,Trawlers
2024-10-01,2024,10,34.5,-120.6,USA,other_purse_seines,0.1491,0,1,Other Purse Seines
2024-10-01,2024,10,34.4,-120.6,USA,trawlers,1.3541,0,2,Trawlers
2024-10-01,2024,10,34.5,-120.6,USA,fishing,22.268,0,3,Fishing
2024-10-01,2024,10,34.5,-120.6,USA,trawlers,9.6366,1.5816,2,Trawlers
2024-10-01,2024,10,34.2,-120.6,USA,trawlers,0.6966,0,1,Trawlers
2024-10-01,2024,10,34.4,-120.4,USA,fishing,6.9827,0,6,Fishing
2024-10-01,2024,10,34.3,-120.4,USA,trawlers,1.408,0.2097,1,Trawlers
2024-10-01,2024,10,34.5,-121.4,JPN,drifting_longlines,0.4511,0,1,Drifting Longlines
2024-10-01,2024,10,34.6,-121.4,JPN,drifting_longlines,0.043,0,1,Drifting Longlines
2024-10-01,2024,10,34.5,-121.3,JPN,drifting_longlines,0.2997,0,1,Drifting Longlines
2024-10-01,2024,10,34.3,-120.7,JPN,drifting_longlines,0.7491,0,1,Drifting Longlines
2024-10-01,2024,10,34.6,-121.3,USA,trawlers,11.3913,11.3913,1,Trawlers
2024-10-01,2024,10,35,-121.1,USA,other_purse_seines,1.7161,0,1,Other Purse Seines
2024-10-01,2024,10,35,-121.1,USA,fishing,2.6255,2.6255,1,Fishing
2024-10-01,2024,10,34.5,-121.1,USA,fishing,1.1916,0.1761,1,Fishing
2024-10-01,2024,10,34.4,-121,USA,fishing,0.25,0,1,Fishing
2024-10-01,2024,10,34.5,-121,USA,trawlers,0.775,0,1,Trawlers
2024-10-01,2024,10,35,-120.9,USA,trawlers,4.7274,4.7274,1,Trawlers
2024-10-01,2024,10,34.4,-120.9,USA,trawlers,2.1941,1.4205,1,Trawlers
2024-10-01,2024,10,34.8,-120.9,USA,trawlers,0.8824,0,1,Trawlers
2024-10-01,2024,10,34.7,-120.8,USA,other_purse_seines,0.1266,0,1,Other Purse Seines
2024-10-01,2024,10,34.6,-120.8,USA,fishing,2.9336,0,4,Fishing
2024-10-01,2024,10,35,-120.7,USA,fishing,0.3236,0,1,Fishing
2024-10-01,2024,10,34.9,-120.7,USA,fishing,8.4516,0.5672,1,Fishing
2024-10-01,2024,10,34.5,-120.7,USA,fishing,4.8836,0,4,Fishing
2024-10-01,2024,10,34.6,-120.7,USA,fishing,0.9024,0,2,Fishing
2024-10-01,2024,10,34.4,-120.5,USA,fishing,10.13,0,5,Fishing
2024-10-01,2024,10,34.4,-120.4,USA,fixed_gear,14.1172,0.4991,1,Fixed Gear
2024-10-01,2024,10,34.4,-120,USA,fixed_gear,27.4908,15.0133,1,Fixed Gear
2024-10-01,2024,10,34.4,-121.1,JPN,drifting_longlines,0.8136,0,1,Drifting Longlines
2024-10-01,2024,10,34.4,-120.9,JPN,drifting_longlines,0.3836,0,1,Drifting Longlines
2024-10-01,2024,10,34.5,-121.3,USA,trawlers,0.9144,0.9144,1,Trawlers
2024-10-01,2024,10,34.5,-121.2,USA,trawlers,1.9963,1.4808,1,Trawlers
2024-10-01,2024,10,34.7,-121.2,USA,trawlers,12.0208,11.6213,2,Trawlers
2024-10-01,2024,10,34.8,-121.2,USA,trawlers,1.1433,0.6175,1,Trawlers
2024-10-01,2024,10,34.7,-121,USA,trawlers,3.3475,3.0208,2,Trawlers
2024-10-01,2024,10,34.8,-121,USA,trawlers,2.3244,2.3244,1,Trawlers
2024-10-01,2024,10,35,-120.9,USA,fishing,1.3086,0,2,Fishing
2024-10-01,2024,10,34.6,-120.9,USA,trawlers,1.9744,1.3147,1,Trawlers
2024-10-01,2024,10,34.5,-120.9,USA,trawlers,2.1197,0.3186,2,Trawlers
2024-10-01,2024,10,34.4,-120.8,USA,trawlers,2.623,1.5686,1,Trawlers
2024-10-01,2024,10,34.4,-120.8,USA,fishing,0,0,1,Fishing
2024-10-01,2024,10,34.7,-120.8,USA,trawlers,2.8286,1.1002,2,Trawlers
2024-10-01,2024,10,34.3,-120.5,USA,fixed_gear,0.2983,0,1,Fixed Gear
2024-10-01,2024,10,34.3,-120.5,USA,trawlers,1.345,0,1,Trawlers
2024-10-01,2024,10,34.3,-120.4,USA,fixed_gear,0.1766,0,1,Fixed Gear
2024-10-01,2024,10,34.4,-120.4,USA,other_purse_seines,0.7663,0,1,Other Purse Seines
2024-10-01,2024,10,34.4,-120.3,USA,fishing,17.8675,0,5,Fishing
2024-11-01,2024,11,34.8,-121.6,JPN,drifting_longlines,0.2127,0,1,Drifting Longlines
2024-11-01,2024,11,34.4,-121.2,JPN,drifting_longlines,0.235,0,1,Drifting Longlines
2024-11-01,2024,11,34.4,-121.1,JPN,drifting_longlines,0.5369,0,1,Drifting Longlines
2024-11-01,2024,11,34.3,-120.7,JPN,drifting_longlines,0.55,0,1,Drifting Longlines
2024-11-01,2024,11,34.8,-121.5,JPN,drifting_longlines,0.2677,0,1,Drifting Longlines
2024-11-01,2024,11,34.7,-121.4,JPN,drifting_longlines,0.1938,0,1,Drifting Longlines
2024-11-01,2024,11,34.6,-121.4,JPN,drifting_longlines,0.4169,0,1,Drifting Longlines
2024-11-01,2024,11,34.5,-121.3,JPN,drifting_longlines,0.6175,0,1,Drifting Longlines
2024-11-01,2024,11,34.3,-120.6,JPN,drifting_longlines,0.5497,0,1,Drifting Longlines
2024-11-01,2024,11,34.3,-120.5,JPN,drifting_longlines,0.5552,0,1,Drifting Longlines
2024-11-01,2024,11,34.3,-120.4,JPN,drifting_longlines,0.5363,0,1,Drifting Longlines
2024-11-01,2024,11,34.8,-121.6,USA,drifting_longlines,1.2755,0,1,Drifting Longlines
2024-11-01,2024,11,34.9,-121.5,USA,pots_and_traps,0.4394,0,1,Pots and Traps
2024-11-01,2024,11,34.8,-121.4,USA,fishing,0.0905,0,1,Fishing
2024-11-01,2024,11,34.7,-121.4,USA,pots_and_traps,0.5552,0,1,Pots and Traps
2024-11-01,2024,11,34.8,-121.3,USA,drifting_longlines,8.9563,8.9563,1,Drifting Longlines
2024-11-01,2024,11,34.8,-121.3,USA,fishing,0.6833,0,1,Fishing
2024-11-01,2024,11,34.9,-121.3,USA,drifting_longlines,3.4588,3.4588,1,Drifting Longlines
2024-11-01,2024,11,34.6,-121.3,USA,pots_and_traps,0.5055,0,1,Pots and Traps
2024-11-01,2024,11,34.4,-121.2,USA,drifting_longlines,1.75,0,1,Drifting Longlines
2024-11-01,2024,11,34.4,-121.2,USA,pots_and_traps,0.6022,0,1,Pots and Traps
2024-11-01,2024,11,34.5,-121.2,USA,fishing,5.2913,4.8838,1,Fishing
2024-11-01,2024,11,34.5,-121.2,USA,pots_and_traps,0.1783,0,1,Pots and Traps
2024-11-01,2024,11,34.3,-121.2,USA,drifting_longlines,0.1738,0,1,Drifting Longlines
2024-11-01,2024,11,34.3,-121,USA,pots_and_traps,0.025,0,1,Pots and Traps
2024-11-01,2024,11,34.4,-120.6,USA,fishing,0.3422,0,1,Fishing
2024-11-01,2024,11,34.4,-120.3,USA,fishing,0.2833,0,1,Fishing
2024-11-01,2024,11,34.7,-121.5,USA,drifting_longlines,6.2455,5.6797,2,Drifting Longlines
2024-11-01,2024,11,34.6,-121.5,USA,drifting_longlines,24.5638,24.5638,1,Drifting Longlines
2024-11-01,2024,11,34.7,-121.4,USA,fishing,2.4191,2.1277,1,Fishing
2024-11-01,2024,11,34,-121.4,USA,drifting_longlines,1.9919,0,1,Drifting Longlines
2024-11-01,2024,11,34.6,-121.4,USA,pots_and_traps,0.1091,0,1,Pots and Traps
2024-11-01,2024,11,34.7,-121.3,USA,fishing,3.2058,2.1069,1,Fishing
2024-11-01,2024,11,35,-121.1,USA,fishing,7.2919,1.2252,1,Fishing
2024-11-01,2024,11,34.2,-121,USA,drifting_longlines,0.7166,0,1,Drifting Longlines
2024-11-01,2024,11,35,-120.9,USA,fishing,2.8077,0,1,Fishing
2024-11-01,2024,11,34.1,-120.9,USA,pots_and_traps,0.4433,0,1,Pots and Traps
2024-11-01,2024,11,34,-120.8,USA,pots_and_traps,0.5444,0,1,Pots and Traps
2024-11-01,2024,11,34.1,-120.8,USA,pots_and_traps,0.0841,0,1,Pots and Traps
2024-11-01,2024,11,34.4,-120.4,USA,fishing,0.16,0,1,Fishing
2024-11-01,2024,11,34.9,-121.6,JPN,drifting_longlines,0.3333,0,1,Drifting Longlines
2024-11-01,2024,11,34.6,-121.3,JPN,drifting_longlines,0.0577,0,1,Drifting Longlines
2024-11-01,2024,11,34.5,-121.2,JPN,drifting_longlines,0.2702,0,1,Drifting Longlines
2024-11-01,2024,11,34.4,-120.8,JPN,drifting_longlines,0.5286,0,1,Drifting Longlines
2024-11-01,2024,11,34.7,-121.5,JPN,drifting_longlines,0.2255,0,1,Drifting Longlines
2024-11-01,2024,11,34.4,-121,JPN,drifting_longlines,0.5166,0,1,Drifting Longlines
2024-11-01,2024,11,34.4,-120.9,JPN,drifting_longlines,0.5644,0,1,Drifting Longlines
2024-11-01,2024,11,34.7,-121.6,USA,drifting_longlines,24.3919,24.3919,1,Drifting Longlines
2024-11-01,2024,11,34.8,-121.5,USA,drifting_longlines,0.4511,0.4511,1,Drifting Longlines
2024-11-01,2024,11,34.7,-121.4,USA,drifting_longlines,13.7755,13.7755,1,Drifting Longlines
2024-11-01,2024,11,34.7,-121.2,USA,fishing,0.0758,0,1,Fishing
2024-11-01,2024,11,34.8,-121.2,USA,fishing,3.2652,0,1,Fishing
2024-11-01,2024,11,34.8,-121.2,USA,drifting_longlines,2.0324,2.0324,1,Drifting Longlines
2024-11-01,2024,11,34.9,-121.2,USA,drifting_longlines,7.6255,7.6255,1,Drifting Longlines
2024-11-01,2024,11,34.8,-121.1,USA,fishing,0.8002,0,1,Fishing
2024-11-01,2024,11,34.3,-121.1,USA,pots_and_traps,0.6536,0,1,Pots and Traps
2024-11-01,2024,11,34.3,-121.1,USA,drifting_longlines,0.7522,0,1,Drifting Longlines
2024-11-01,2024,11,34.9,-121.1,USA,fishing,2.7138,0.3888,1,Fishing
2024-11-01,2024,11,33.9,-121,USA,drifting_longlines,1.2163,0,1,Drifting Longlines
2024-11-01,2024,11,34.9,-121,USA,fishing,0.3497,0,1,Fishing
2024-11-01,2024,11,34.2,-120.9,USA,pots_and_traps,0.108,0,1,Pots and Traps
2024-11-01,2024,11,34.4,-120.5,USA,fishing,0.2833,0,1,Fishing
2024-11-01,2024,11,34.4,-120,USA,fishing,0.4169,0,1,Fishing
2024-11-01,2024,11,34.7,-121.6,USA,fishing,9.3813,7.5897,1,Fishing
2024-11-01,2024,11,35,-121.5,USA,pots_and_traps,0.2494,0,1,Pots and Traps
2024-11-01,2024,11,34.8,-121.4,USA,pots_and_traps,0.6119,0,1,Pots and Traps
2024-11-01,2024,11,34.6,-121.4,USA,drifting_longlines,1.5258,0,1,Drifting Longlines
2024-11-01,2024,11,34.8,-121.4,USA,drifting_longlines,1.3169,1.3169,1,Drifting Longlines
2024-11-01,2024,11,34.5,-121.3,USA,pots_and_traps,0.3755,0,1,Pots and Traps
2024-11-01,2024,11,34.5,-121.3,USA,drifting_longlines,0.2488,0,1,Drifting Longlines
2024-11-01,2024,11,33.9,-121.1,USA,drifting_longlines,0.7333,0,1,Drifting Longlines
2024-11-01,2024,11,34.2,-121.1,USA,drifting_longlines,0.525,0,1,Drifting Longlines
2024-11-01,2024,11,34.2,-121,USA,pots_and_traps,0.6305,0,1,Pots and Traps
2024-11-01,2024,11,35,-121,USA,fishing,7.325,0,1,Fishing
2024-11-01,2024,11,34,-120.9,USA,drifting_longlines,1.4991,0,1,Drifting Longlines
2024-11-01,2024,11,35.1,-120.8,USA,fishing,148.0405,0,1,Fishing
2024-11-01,2024,11,34,-120.8,USA,drifting_longlines,0.3,0,1,Drifting Longlines
2024-11-01,2024,11,34.4,-120.7,USA,fishing,0.5158,0,1,Fishing
2024-11-01,2024,11,34.4,-120,USA,fixed_gear,11.8144,8.6569,1,Fixed Gear
2024-12-01,2024,12,34.8,-121.5,USA,drifting_longlines,0.5583,0,1,Drifting Longlines
2024-12-01,2024,12,34.5,-121.1,USA,drifting_longlines,0.2908,0.2908,1,Drifting Longlines
2024-12-01,2024,12,34.9,-121.1,USA,fishing,2.3616,0.7047,1,Fishing
2024-12-01,2024,12,34.8,-120.8,USA,fishing,0.9416,0,1,Fishing
2024-12-01,2024,12,34.9,-120.8,USA,fishing,0.8,0,1,Fishing
2024-12-01,2024,12,34.4,-120.4,USA,fishing,0.9427,0,1,Fishing
2024-12-01,2024,12,34.7,-121.4,USA,drifting_longlines,1.5847,1.5847,1,Drifting Longlines
2024-12-01,2024,12,34.9,-121.2,USA,fishing,6.3377,4.948,1,Fishing
2024-12-01,2024,12,34.8,-121.2,USA,fishing,0.4486,0.4486,1,Fishing
2024-12-01,2024,12,34.4,-121.1,USA,drifting_longlines,1.0511,0.5761,1,Drifting Longlines
2024-12-01,2024,12,35,-121,USA,fishing,1.78,0,1,Fishing
2024-12-01,2024,12,34.7,-120.8,USA,fishing,1.075,0,1,Fishing
2024-12-01,2024,12,34.6,-120.7,USA,fishing,0.883,0,1,Fishing
2024-12-01,2024,12,34.9,-121.6,USA,drifting_longlines,1.0511,1.0511,1,Drifting Longlines
2024-12-01,2024,12,34.8,-121.3,USA,fishing,0.258,0.258,1,Fishing
2024-12-01,2024,12,34.5,-121.2,USA,drifting_longlines,3.1736,3.1736,1,Drifting Longlines
2024-12-01,2024,12,34.3,-121,USA,drifting_longlines,0.1172,0,1,Drifting Longlines
2024-12-01,2024,12,34.9,-121,USA,fishing,0.8344,0,1,Fishing
2024-12-01,2024,12,34.9,-120.9,USA,fishing,0.0999,0,1,Fishing
2024-12-01,2024,12,34.3,-120.9,USA,drifting_longlines,0.9244,0,1,Drifting Longlines
2024-12-01,2024,12,35.1,-120.8,USA,fishing,258.9755,0,1,Fishing
2024-12-01,2024,12,34.4,-120,USA,fixed_gear,18.1577,12.5094,1,Fixed Gear
2024-12-01,2024,12,34.8,-121.6,USA,drifting_longlines,1.0488,1.0488,1,Drifting Longlines
2024-12-01,2024,12,35,-121.1,USA,fishing,0.5163,0,1,Fishing
2024-12-01,2024,12,34.4,-121,USA,drifting_longlines,0.7077,0,1,Drifting Longlines
2024-12-01,2024,12,35,-120.9,USA,fishing,2.3813,0,2,Fishing
2024-12-01,2024,12,34.2,-120.8,USA,drifting_longlines,1.0255,0,1,Drifting Longlines
2024-12-01,2024,12,34.1,-120.7,USA,drifting_longlines,2.2341,0,1,Drifting Longlines
2024-12-01,2024,12,34.5,-120.7,USA,fishing,0.6752,0,1,Fishing
2024-12-01,2024,12,34.4,-120.6,USA,fishing,0.6005,0,1,Fishing
2024-12-01,2024,12,34.4,-120.5,USA,fishing,0.5738,0,1,Fishing
2024-12-01,2024,12,34.4,-120,USA,fishing,0.0172,0,1,Fishing
